condition_id,layer,operation,site,K,M,N,exact_zero_mass,dense_median_ms,pack_median_ms,kernel_median_ms,pack_kernel_median_ms,kernel_only_speedup,pack_kernel_speedup,sparse_vs_fp32_relative_l2
a0-gelu,0,mlp_w2,h,4096,2048,1024,0.0,0.03707983220616976,0.045371552308400474,7.001002784818411,7.371039440234502,0.00530875384118307,0.005030649190973855,0.002173522807974243
a0-gelu,1,mlp_w2,h,4096,2048,1024,0.0005689859390258789,0.03673349108014788,0.04479213028537984,6.761098394588548,7.169730961322784,0.005417900289476617,0.005122329803455317,0.002201115189231904
a0-gelu,2,mlp_w2,h,4096,2048,1024,0.00019991397857666016,0.037014788510848065,0.0445302955958308,6.65286974031098,7.142347036575784,0.005580401634228713,0.005182373636719427,0.0023633090150637715
a0-gelu,3,mlp_w2,h,4096,2048,1024,0.00014400482177734375,0.03660090115605569,0.044942054213309775,6.854315041279306,7.178858834870008,0.005350300638787826,0.005099111555351677,0.002356984150598275
a0-gelu,4,mlp_w2,h,4096,2048,1024,3.838539123535156e-05,0.036602877840703846,0.044972008588362714,6.787981001698241,7.2154319103883235,0.005389749673156389,0.005073543352982718,0.0023816964637310978
a0-gelu,5,mlp_w2,h,4096,2048,1024,1.8835067749023438e-05,0.036587368468849024,0.04521377232609963,6.71442020304349,7.21226769442461,0.005429666037018408,0.005073611359214965,0.0023349466707582893
a0-gelu,6,mlp_w2,h,4096,2048,1024,1.7642974853515625e-05,0.036489598605097553,0.0446011521378342,6.949169751332731,7.234417358223273,0.005234093284506514,0.005043814539540485,0.002340132884727464
a0-gelu,7,mlp_w2,h,4096,2048,1024,9.894371032714844e-06,0.03703759641063457,0.04474970759177695,6.937986429856748,7.215312244940777,0.005351133068112646,0.005134083630441923,0.0023323561848794367
a0-gelu,8,mlp_w2,h,4096,2048,1024,0.00019621849060058594,0.036650958160559334,0.045426966001590095,6.7967614158988,7.212215568870306,0.005430302256322434,0.0050817684964142434,0.0023724285303166224
a0-gelu,9,mlp_w2,h,4096,2048,1024,4.291534423828125e-06,0.03668013960123062,0.04470751931269964,6.834239078064759,7.23819046591719,0.005369657670752965,0.005067664396021621,0.0023447300743200962
a0-gelu,10,mlp_w2,h,4096,2048,1024,5.7220458984375e-06,0.036454759538173676,0.044825952500104904,6.884182492891948,7.2771399281919,0.0052954377045951245,0.005009051506822841,0.0023430253782433957
a0-gelu,11,mlp_w2,h,4096,2048,1024,3.337860107421875e-06,0.03654851267735163,0.04486956944068273,6.8036930946012335,7.251753161350886,0.005371863805313774,0.005040975400116263,0.0023867616482944206
a0-gelu,12,mlp_w2,h,4096,2048,1024,1.1920928955078125e-07,0.03664816419283549,0.04502727339665095,6.923965488870938,7.34793705244859,0.005288819491191892,0.004987364185083463,0.0023661530658018425
a0-gelu,13,mlp_w2,h,4096,2048,1024,5.602836608886719e-06,0.03661199783285459,0.04463782534003258,6.873795452217261,7.241205622752507,0.005309884245595634,0.005055962496136558,0.0023549674586552604
a0-gelu,14,mlp_w2,h,4096,2048,1024,6.556510925292969e-06,0.0359630212187767,0.0448739156126976,6.921311374753714,7.267542493840058,0.005194652035216642,0.004947772480540289,0.002335614127877402
a0-gelu,15,mlp_w2,h,4096,2048,1024,0.0,0.03664521500468254,0.044490210711956024,6.998085727294286,7.3737576603889465,0.005260411942087309,0.004968539632587559,0.0023443080706972725
a0-gelu,16,mlp_w2,h,4096,2048,1024,2.2649765014648438e-06,0.036345950017372765,0.04420103505253792,6.946521500746409,7.239238359034061,0.005303242346450111,0.005020691427280401,0.0023433253082957213
a0-gelu,17,mlp_w2,h,4096,2048,1024,3.7670135498046875e-05,0.03646542223132387,0.04436790334935091,6.869131813243944,7.1931604524048005,0.005303090643907329,0.005068260189893067,0.0023383303556134233
a0-gelu,18,mlp_w2,h,4096,2048,1024,2.193450927734375e-05,0.035808250612142135,0.04468386878772658,6.809552561263649,7.198322488337147,0.005270410079968673,0.004974223275433692,0.0023772164228369834
a0-gelu,19,mlp_w2,h,4096,2048,1024,1.430511474609375e-05,0.03631671472471588,0.04493916521267015,6.9664661981621565,7.215587308212203,0.0052126779850751636,0.005033320356111161,0.002368692598174941
a0-gelu,20,mlp_w2,h,4096,2048,1024,4.3511390686035156e-05,0.03662416521383791,0.045256651177698254,6.695449352264404,7.193976519059162,0.0054447551959687646,0.005090956205285176,0.002356218942607016
a0-gelu,21,mlp_w2,h,4096,2048,1024,0.0001417398452758789,0.036793551882919,0.04445867879050119,6.770180652336198,7.127252768497078,0.005473585322723254,0.005162796949744176,0.0023732776392446225
a0-gelu,22,mlp_w2,h,4096,2048,1024,0.0005931854248046875,0.036863237619400024,0.04465550184249878,6.7020295560359955,6.983800977468491,0.005507435789679156,0.005279048112414607,0.002416089876800013
a0-gelu,23,mlp_w2,h,4096,2048,1024,0.006309151649475098,0.03608889304674589,0.044890177937654346,6.4485382575255175,6.8027167939222775,0.005594756872929962,0.005305270754773951,0.0023212758504807954
a1h-relu,0,mlp_w2,h,4096,2048,1024,0.6252087354660034,0.03441930920989425,0.025605327553219266,2.4448598976488465,2.4784345317769936,0.014078324675368065,0.013883688608777851,0.0018131009853794055
a1h-relu,1,mlp_w2,h,4096,2048,1024,0.870914101600647,0.0298240593951134,0.023251712912380106,1.0909493705227036,1.1394636662486364,0.027336745591995865,0.02617668280632778,0.002280110377171703
a1h-relu,2,mlp_w2,h,4096,2048,1024,0.889359712600708,0.02871423658698496,0.023262518824953022,0.8112660449261617,0.8483277727859189,0.03533544475261926,0.033869781828714064,0.002368259168206224
a1h-relu,3,mlp_w2,h,4096,2048,1024,0.8997282981872559,0.02852741342324477,0.023108415114573944,0.8263167471457751,0.86340715105717,0.03452546585017371,0.033030686842096355,0.0022943749678887193
a1h-relu,4,mlp_w2,h,4096,2048,1024,0.8971099853515625,0.02872945392519478,0.02312405807215993,0.6521463818181821,0.6850753282386113,0.04379649452636483,0.04193619700049734,0.00229912647003045
a1h-relu,5,mlp_w2,h,4096,2048,1024,0.8978725671768188,0.02870076929616649,0.02318687490087736,0.6169528495266191,0.6601964404940838,0.046494309848730694,0.04344273849876996,0.0023402482851063522
a1h-relu,6,mlp_w2,h,4096,2048,1024,0.8868919610977173,0.029076205996366646,0.023359146255713243,0.6180084238831813,0.6553606058542545,0.046857959596059415,0.04420318759023933,0.0023509655534539606
a1h-relu,7,mlp_w2,h,4096,2048,1024,0.8874733448028564,0.02923000638730058,0.023197946704436687,0.5984536398236997,0.6350750817316715,0.048849696457050375,0.04586198714428829,0.002348226300274342
a1h-relu,8,mlp_w2,h,4096,2048,1024,0.8881790637969971,0.02896345216965041,0.023547205861530376,0.597113283074854,0.639241061283155,0.048441458701036076,0.045434872764753574,0.00231418598113906
a1h-relu,9,mlp_w2,h,4096,2048,1024,0.9069364070892334,0.028431724967354556,0.023126750689408313,0.5231537419894209,0.558260419836076,0.0542022648175244,0.05065279056282347,0.002321141715445734
a1h-relu,10,mlp_w2,h,4096,2048,1024,0.9006516933441162,0.029449767525285584,0.023341982437888917,0.5424697295390705,0.5778042733058995,0.0531557474143174,0.05020413469582009,0.0023107997297239767
a1h-relu,11,mlp_w2,h,4096,2048,1024,0.887435793876648,0.03091340622131767,0.023261839171865143,0.5392214200136178,0.5776058511226038,0.05732712473127347,0.05354968552633918,0.0022747692561336354
a1h-relu,12,mlp_w2,h,4096,2048,1024,0.8823621273040771,0.030696259486717687,0.023378357556366837,0.5506918205485225,0.5788552670928507,0.055419605890886084,0.053070374771341064,0.002284725204741831
a1h-relu,13,mlp_w2,h,4096,2048,1024,0.8755265474319458,0.02941413348172687,0.023311880358367735,0.5967093673354497,0.6398522957036549,0.04926426796503814,0.04610408503144234,0.0022943797009602916
a1h-relu,14,mlp_w2,h,4096,2048,1024,0.8785703182220459,0.02954198242524901,0.023305443004580612,0.6079340239294169,0.6359427736984694,0.04857301740810209,0.046712168231871486,0.0022962395287859034
a1h-relu,15,mlp_w2,h,4096,2048,1024,0.8098564147949219,0.030877994872181794,0.02335522914193367,0.8073557840018976,0.7883154588644622,0.038248143878806214,0.0383468599696691,0.0024240413692103373
a1h-relu,16,mlp_w2,h,4096,2048,1024,0.8445380926132202,0.029773428672697486,0.023324987510355506,0.8060030094007167,0.8358360063738939,0.036939599884167645,0.03566220816328734,0.0023264562270984756
a1h-relu,17,mlp_w2,h,4096,2048,1024,0.8529578447341919,0.0296536608030332,0.02356605308434574,0.7144522746937387,0.7410859168242555,0.041493641860370925,0.03985721190535042,0.002287225891735467
a1h-relu,18,mlp_w2,h,4096,2048,1024,0.8467596769332886,0.029703541588110935,0.02355029939829398,0.6985851521088606,0.7319471873585418,0.04246316264096567,0.04056453461435133,0.002323675130817143
a1h-relu,19,mlp_w2,h,4096,2048,1024,0.8338135480880737,0.02996960963903521,0.023287691743919134,0.7510826559612035,0.7850254798149314,0.03992227294194455,0.03819297986867881,0.002320811427819542
a1h-relu,20,mlp_w2,h,4096,2048,1024,0.8076248168945312,0.030578685957088805,0.023437217313643784,0.9747891093206684,0.9945488551206756,0.03136954000070756,0.030597459908612793,0.0024320282519825183
a1h-relu,21,mlp_w2,h,4096,2048,1024,0.7977087497711182,0.03063438030389639,0.02357856585429265,1.0302101419522212,1.0639494428267846,0.02974003150105617,0.02861057909965169,0.0025538337648216432
a1h-relu,22,mlp_w2,h,4096,2048,1024,0.7530989646911621,0.031233595853502102,0.0236042859879407,1.1775918925801914,1.2026189572431825,0.026582444720247615,0.026044431787116722,0.0025306105996376793
a1h-relu,23,mlp_w2,h,4096,2048,1024,0.7171546220779419,0.031676347041053404,0.023577470104794027,1.1203489790392076,1.0822176981202276,0.028282898590206943,0.029463146202072223,0.002447347792033543
a4-ol1-kappa-0,0,qkv_projection,a,1024,2048,3072,0.6086215972900391,0.02817411203773654,0.008031482599219498,1.3379285226062851,1.2050510061030486,0.021061454328334346,0.023366489758039812,0.0026185015420849243
a4-ol1-kappa-0,0,mlp_w1,m,1024,2048,4096,0.6102957725524902,0.035105781121687454,0.008133842664606431,1.8012527236963976,1.8119841096872953,0.019463856937147764,0.01935202911552325,0.0023886823122272194
a4-ol1-kappa-0,0,mlp_w2,h,4096,2048,1024,0.4349966049194336,0.03447960345790936,0.029160784414181344,1.617188099771738,1.647540726340734,0.021369165465718393,0.02099228133494882,0.001831282125759467
a4-ol1-kappa-0,0,attention_output_projection,z,1024,2048,1024,0.1723489761352539,0.01094412034136983,0.008267209879418171,0.7512633336190322,0.7575100503812995,0.014572986328874389,0.01443097898883847,0.0020388126537048195
a4-ol1-kappa-0,1,qkv_projection,a,1024,2048,3072,0.3206143379211426,0.02835367036902386,0.008254739397389877,1.6046711356167631,1.6240188537012552,0.01765812332899588,0.017493721751435015,0.002362845059224059
a4-ol1-kappa-0,1,mlp_w1,m,1024,2048,4096,0.3067612648010254,0.037046180943311274,0.00845318881131835,2.9188312463841197,2.9450757271152432,0.01269612958256299,0.012586721640594057,0.0023017014145287557
a4-ol1-kappa-0,1,mlp_w2,h,4096,2048,1024,0.6975477933883667,0.031925846890705385,0.023884453424593298,1.6430088659612143,1.6821960487016818,0.01943132964898988,0.0189052205864916,0.002420355535190449
a4-ol1-kappa-0,1,attention_output_projection,z,1024,2048,1024,0.5868949890136719,0.01031513374642541,0.007923934004847843,0.4106205783580009,0.4186809824737825,0.02513009518491934,0.02465339804413285,0.003057116474413491
a4-ol1-kappa-0,2,qkv_projection,a,1024,2048,3072,0.3160266876220703,0.028331293946220762,0.008301011153629847,1.6120604815937223,1.6284971010117304,0.01755056570533791,0.017355211568053162,0.00229194156444695
a4-ol1-kappa-0,2,mlp_w1,m,1024,2048,4096,0.30545759201049805,0.0369831919670105,0.008471374926359757,2.921028046504311,2.94326971406522,0.012661743960109663,0.01257233116803233,0.0023567565384380314
a4-ol1-kappa-0,2,mlp_w2,h,4096,2048,1024,0.7109625339508057,0.03204085094072086,0.023518160824135784,1.4754964998274138,1.5127098599037567,0.021750163399250906,0.021178713797959155,0.0024652579507033843
a4-ol1-kappa-0,2,attention_output_projection,z,1024,2048,1024,0.5686917304992676,0.010319405201217892,0.007979152480345121,0.4314968352698531,0.43848430962150636,0.02392497777981164,0.023532402208608957,0.002724294171755546
a4-ol1-kappa-0,3,qkv_projection,a,1024,2048,3072,0.3044266700744629,0.028355709184402538,0.008289706650503438,1.6105035540616908,1.6264041523797816,0.017588536915609326,0.017434932676159864,0.002405421802035983
a4-ol1-kappa-0,3,mlp_w1,m,1024,2048,4096,0.30615711212158203,0.036669019450489275,0.008436477082407372,2.9235917788285475,2.945817815951812,0.012542405664209652,0.012448878141470015,0.002319154090909868
a4-ol1-kappa-0,3,mlp_w2,h,4096,2048,1024,0.7517446279525757,0.031208501586431188,0.02348096058841496,1.4518718176250216,1.4866379557279594,0.02146940611737472,0.020979225518731662,0.0022512068656509823
a4-ol1-kappa-0,3,attention_output_projection,z,1024,2048,1024,0.7020678520202637,0.010264167069319652,0.007873018493566813,0.28964337880301366,0.29698238779076547,0.035437240578440145,0.034595049167963667,0.0025704843380955833
a4-ol1-kappa-0,4,qkv_projection,a,1024,2048,3072,0.40645647048950195,0.027972284840186115,0.008169697363849593,1.3542124918597913,1.3709262254749714,0.020655312015246036,0.020416123795318777,0.0023060723331381227
a4-ol1-kappa-0,4,mlp_w1,m,1024,2048,4096,0.32035207748413086,0.03660589206118543,0.008475567613329207,2.870108337462449,2.8913043001118828,0.012721582872939811,0.01262926165855438,0.002292339809078818
a4-ol1-kappa-0,4,mlp_w2,h,4096,2048,1024,0.7833020687103271,0.03071864401655538,0.02348476222583226,1.488952465089304,1.5247859992086887,0.020634767745612265,0.020138112936004555,0.0023060074985606924
a4-ol1-kappa-0,4,attention_output_projection,z,1024,2048,1024,0.7577548027038574,0.01024946781760412,0.007829413557728978,0.2254695545697043,0.23335417111714682,0.04544290203413985,0.04392231889690089,0.0022322950982297364
a4-ol1-kappa-0,5,qkv_projection,a,1024,2048,3072,0.5314226150512695,0.027438284965550026,0.008050624917193158,1.0420812702760465,1.0494303821427067,0.026311725882337437,0.026132902189388064,0.0023331774686364327
a4-ol1-kappa-0,5,mlp_w1,m,1024,2048,4096,0.3286399841308594,0.036962205121497144,0.008423726598755652,2.8308888568597683,2.8512748349614503,0.013056748954283695,0.012957930153523232,0.002302085601311662
a4-ol1-kappa-0,5,mlp_w2,h,4096,2048,1024,0.7867734432220459,0.030736466671558136,0.02337678315791678,1.4223244913080906,1.459819807651195,0.02159674797566546,0.021056406423545056,0.0022765945363653747
a4-ol1-kappa-0,5,attention_output_projection,z,1024,2048,1024,0.7550187110900879,0.01023352834225389,0.007820911006666022,0.2250532642501429,0.2309619187018572,0.04548018954024205,0.04430541432653704,0.0024267060382791392
a4-ol1-kappa-0,6,qkv_projection,a,1024,2048,3072,0.5736985206604004,0.027140823113360024,0.008021011825435418,0.9440593729334429,0.9631476577976846,0.028722017673448848,0.028315187571209325,0.002303166374199441
a4-ol1-kappa-0,6,mlp_w1,m,1024,2048,4096,0.3372664451599121,0.036449583827472126,0.008447553779258102,2.794545937757023,2.812577564208234,0.013050479575813389,0.012951906405994904,0.0023102880318010273
a4-ol1-kappa-0,6,mlp_w2,h,4096,2048,1024,0.7768956422805786,0.031146624079152543,0.023430991218464585,1.282921981537479,1.318948564629902,0.024282266920575595,0.023614737461647953,0.002309743550781254
a4-ol1-kappa-0,6,attention_output_projection,z,1024,2048,1024,0.7453289031982422,0.010258852567276813,0.00784060465360504,0.23021941864829124,0.23970783885516828,0.04457364861994087,0.04284028028494729,0.0023773615400931453
a4-ol1-kappa-0,7,qkv_projection,a,1024,2048,3072,0.5680317878723145,0.027164582695279802,0.008063209908349174,0.9757914287703378,0.9911029892308372,0.02780273591614543,0.027375368075310748,0.002327051689818426
a4-ol1-kappa-0,7,mlp_w1,m,1024,2048,4096,0.3464689254760742,0.03643097385527596,0.00842920844517057,2.7522984596471938,2.7750072379906974,0.013229922219085415,0.013133914016752284,0.0023034484395631216
a4-ol1-kappa-0,7,mlp_w2,h,4096,2048,1024,0.7699418067932129,0.031124461780894886,0.023455240509726784,1.1993750658902256,1.2371001189405268,0.02597287310358491,0.025166818797809187,0.0022847385501098623
a4-ol1-kappa-0,7,attention_output_projection,z,1024,2048,1024,0.7289285659790039,0.010275353605930623,0.007815991196182225,0.28448193692244017,0.2909018365028021,0.03611952912403028,0.035315672167250484,0.0023767669907160407
a4-ol1-kappa-0,8,qkv_projection,a,1024,2048,3072,0.5787248611450195,0.02702415323391014,0.008013861186030199,0.9659261596636946,0.9741619730196079,0.028015857202384586,0.02769595601803783,0.00231467929655551
a4-ol1-kappa-0,8,mlp_w1,m,1024,2048,4096,0.35379552841186523,0.03661727532744408,0.008389237336814404,2.721838769502938,2.7368857408873737,0.01345513938303209,0.013350034104044489,0.00230866263780288
a4-ol1-kappa-0,8,mlp_w2,h,4096,2048,1024,0.7618119716644287,0.030947086861973557,0.02350695298659844,1.1667268238033688,1.203304852667228,0.02651218565687745,0.025724579153350427,0.002284262545099865
a4-ol1-kappa-0,8,attention_output_projection,z,1024,2048,1024,0.7159790992736816,0.010266265695142704,0.007825537053115672,0.2673889350932541,0.27803618373506284,0.03838983823175047,0.03699950416418987,0.002315462422474012
a4-ol1-kappa-0,9,qkv_projection,a,1024,2048,3072,0.5855770111083984,0.027079325677319008,0.008029693906957453,0.9502129290591587,0.9619255380874331,0.028498165883862746,0.0280514960135561,0.0022962699631664646
a4-ol1-kappa-0,9,mlp_w1,m,1024,2048,4096,0.35907411575317383,0.03644655789098432,0.00845160215131698,2.708291094149313,2.720562440733756,0.013457400487606136,0.013393534915922826,0.002315665887952169
a4-ol1-kappa-0,9,mlp_w2,h,4096,2048,1024,0.7380107641220093,0.03136140633360179,0.023479576996916555,1.2827909540856022,1.304506370619339,0.024462974171140663,0.024025613609300764,0.0023417634271962317
a4-ol1-kappa-0,9,attention_output_projection,z,1024,2048,1024,0.6657319068908691,0.010287525630233312,0.00791209611562219,0.321204008737413,0.32936749186846287,0.03202559305777558,0.031240435121697843,0.002338503073102533
a4-ol1-kappa-0,10,qkv_projection,a,1024,2048,3072,0.593073844909668,0.026974367768797157,0.008009782392684727,0.9257469887602819,0.9402048097897883,0.029131509615207583,0.02868311113975,0.0023249256983966676
a4-ol1-kappa-0,10,mlp_w1,m,1024,2048,4096,0.3671236038208008,0.036422449808854326,0.008443513741860023,2.6690998329566074,2.6888532707324395,0.013654336761824976,0.013560319201594869,0.002301369973406958
a4-ol1-kappa-0,10,mlp_w2,h,4096,2048,1024,0.7224102020263672,0.032191736656322814,0.023725458927321853,1.4835674184979053,1.519108812014262,0.021698870071517593,0.021212232855589402,0.0023490599649199735
a4-ol1-kappa-0,10,attention_output_projection,z,1024,2048,1024,0.6605949401855469,0.010293810238391895,0.007888850907386818,0.31956677953597945,0.32804262608730145,0.03220972667890068,0.031424421978701836,0.002333321672906574
a4-ol1-kappa-0,11,qkv_projection,a,1024,2048,3072,0.5825915336608887,0.02693138620098766,0.008005742766276127,0.9652843871036497,0.9840629807039469,0.027919516107071114,0.02741159221027189,0.002354694171961108
a4-ol1-kappa-0,11,mlp_w1,m,1024,2048,4096,0.37564706802368164,0.03624212695285678,0.008311239071190357,2.6271797250956297,2.6459789951331913,0.013804838139109859,0.013696067759710797,0.0023014333217955805
a4-ol1-kappa-0,11,mlp_w2,h,4096,2048,1024,0.7082340717315674,0.03253883861620492,0.02356105988178778,1.592858327091287,1.621028152080851,0.02018269513989903,0.020030659836594484,0.0023644871106692344
a4-ol1-kappa-0,11,attention_output_projection,z,1024,2048,1024,0.6077003479003906,0.010313654402822567,0.007925124603143,0.38013515537485704,0.388390147727541,0.027134632972824323,0.026589995208423763,0.002370722434500206
a4-ol1-kappa-0,12,qkv_projection,a,1024,2048,3072,0.5797038078308105,0.026939066411438867,0.008011027440557563,0.9785745647180321,0.9856943781849974,0.027500037850802718,0.027319343688068074,0.0023002559856265094
a4-ol1-kappa-0,12,mlp_w1,m,1024,2048,4096,0.3770112991333008,0.03620745368706164,0.008331597313400387,2.617415358391843,2.638604232045107,0.013815129074550053,0.013723430212426078,0.0023141492691901716
a4-ol1-kappa-0,12,mlp_w2,h,4096,2048,1024,0.6720921993255615,0.03198377395931043,0.02411972535283942,1.7735536161221956,1.8109379630339772,0.018065532590452914,0.017698805873634826,0.002308501208247702
a4-ol1-kappa-0,12,attention_output_projection,z,1024,2048,1024,0.5729360580444336,0.01032079140154215,0.007945184524242695,0.3980967359474072,0.4050277191429184,0.02591990655945101,0.025485728127559042,0.002323282083945087
a4-ol1-kappa-0,13,qkv_projection,a,1024,2048,3072,0.5710196495056152,0.02717378432165363,0.008050731556144303,0.9989877437760016,1.0198327283302466,0.027140414378173515,0.026673667664867586,0.002307517169431939
a4-ol1-kappa-0,13,mlp_w1,m,1024,2048,4096,0.3812899589538574,0.03625054780701946,0.00833803997900253,2.583765949969901,2.604134941011443,0.014030120571656946,0.013925555786892453,0.0023062964888058263
a4-ol1-kappa-0,13,mlp_w2,h,4096,2048,1024,0.6266372203826904,0.032870976746767415,0.025533011247371805,1.9660158746543972,1.9947483964350032,0.016734545633537375,0.016504180045616133,0.002284749662585965
a4-ol1-kappa-0,13,attention_output_projection,z,1024,2048,1024,0.5403380393981934,0.010326230572964923,0.007959785191990856,0.4343872647561162,0.44545708481178337,0.02377093655373279,0.02317730194017776,0.0023851603515253326
a4-ol1-kappa-0,14,qkv_projection,a,1024,2048,3072,0.5743508338928223,0.026969827603602756,0.007992745309636213,0.9926323657450469,1.0067328810691833,0.027151293089856754,0.02676453078169126,0.0023038543901071815
a4-ol1-kappa-0,14,mlp_w1,m,1024,2048,4096,0.3845047950744629,0.036209376890267896,0.008347708342680291,2.5584512014887224,2.5839897345251113,0.014170235023417518,0.014016974514122182,0.002287097768076484
a4-ol1-kappa-0,14,mlp_w2,h,4096,2048,1024,0.5931041240692139,0.03263912005731237,0.025369226932525635,1.9915134411806252,1.3532360569078323,0.01636524548337921,0.02408088089577905,0.002336305675832501
a4-ol1-kappa-0,14,attention_output_projection,z,1024,2048,1024,0.4728522300720215,0.010411542161066729,0.00803394425184207,0.49905266080583843,0.5083167463316953,0.02086261226271158,0.020485513368358223,0.0023489741624041394
a4-ol1-kappa-0,15,qkv_projection,a,1024,2048,3072,0.572113037109375,0.0269944350162666,0.008046381666274841,1.0029716182968573,1.0166467128399603,0.026822978148071254,0.026554887351523438,0.0023394754600163164
a4-ol1-kappa-0,15,mlp_w1,m,1024,2048,4096,0.3880043029785156,0.03619657622443305,0.008303644480528656,2.539141917670215,2.567691935433282,0.01425543644194774,0.014109738856455856,0.002295815485250086
a4-ol1-kappa-0,15,mlp_w2,h,4096,2048,1024,0.544856071472168,0.03240839087007418,0.026897381881118322,1.515373744793582,1.4527755699077236,0.021462489972378002,0.022295224210508634,0.002374178480194257
a4-ol1-kappa-0,15,attention_output_projection,z,1024,2048,1024,0.42960309982299805,0.0104538741565886,0.00804060785641224,0.5440190312114647,0.5522636185921668,0.019212444681570472,0.018928803200282878,0.002363236775040172
a4-ol1-kappa-0,16,qkv_projection,a,1024,2048,3072,0.5544862747192383,0.026937894111762017,0.008061436787704749,1.0539564572594649,1.0671891683449775,0.025552346602535813,0.0251958691556301,0.00233625987767021
a4-ol1-kappa-0,16,mlp_w1,m,1024,2048,4096,0.3914918899536133,0.036683043136316186,0.008322627228849074,2.5229514850413097,2.5503771270022675,0.01454585570659564,0.014383379911908837,0.0022989006933449387
a4-ol1-kappa-0,16,mlp_w2,h,4096,2048,1024,0.5204306840896606,0.03298561251352704,0.027800639155049805,1.5269279401138347,1.8131655675393563,0.02160089540375978,0.01820473269742622,0.002484557660538649
a4-ol1-kappa-0,16,attention_output_projection,z,1024,2048,1024,0.3954277038574219,0.010410585988729869,0.008076523507975499,0.6000191807101349,0.6084409054866337,0.017329172114295594,0.017116630013015832,0.0022338709012523464
a4-ol1-kappa-0,17,qkv_projection,a,1024,2048,3072,0.5412096977233887,0.027094565091594573,0.008072199360016854,1.0782052191995806,1.0949408335070456,0.025122316692603716,0.024747010091324538,0.0023728420343222508
a4-ol1-kappa-0,17,mlp_w1,m,1024,2048,4096,0.3985471725463867,0.03632108370463053,0.008347188984906231,2.4986678251513728,2.5208900372187295,0.014538301949501117,0.014406710575017143,0.002289652443886509
a4-ol1-kappa-0,17,mlp_w2,h,4096,2048,1024,0.5240329504013062,0.032325390349613146,0.025963264234950035,1.5249134700619773,1.935227449690358,0.021211408926469985,0.016705976475376815,0.0023398310320451674
a4-ol1-kappa-0,17,attention_output_projection,z,1024,2048,1024,0.3923368453979492,0.010442541835559715,0.008074576718222903,0.5968201352359996,0.6044019206905195,0.01749793626282692,0.017244244380180695,0.00203748599308811
a4-ol1-kappa-0,18,qkv_projection,a,1024,2048,3072,0.5284132957458496,0.027143970282390864,0.008083829775402441,1.1230550380266877,1.1376796497239008,0.024175593045910722,0.023859062864470093,0.0023516627043212827
a4-ol1-kappa-0,18,mlp_w1,m,1024,2048,4096,0.40407371520996094,0.03617751772386314,0.008351992081551657,2.476884120137152,2.4885427560249385,0.014602484075530293,0.014535057376054476,0.0022918628216648546
a4-ol1-kappa-0,18,mlp_w2,h,4096,2048,1024,0.519910454750061,0.03231773895720031,0.028041288530899704,1.5867846600848472,2.1222477858783275,0.02036600540836297,0.01522658130104894,0.0021862161984449254
a4-ol1-kappa-0,18,attention_output_projection,z,1024,2048,1024,0.391176700592041,0.010447387678035791,0.008108742211176,0.608270070043163,0.6162999332814977,0.017174274595090074,0.0169472892466793,0.002694613076548839
a4-ol1-kappa-0,19,qkv_projection,a,1024,2048,3072,0.5136995315551758,0.02711058176797012,0.00814001621871159,1.1727835340746517,1.1877312742430588,0.023127629114736956,0.022789719073873563,0.0023023623969096476
a4-ol1-kappa-0,19,mlp_w1,m,1024,2048,4096,0.40854740142822266,0.03622858215579026,0.008437702124067348,2.458028709716934,2.4671148803594303,0.014741559345479912,0.01468560647606804,0.0022785371974965614
a4-ol1-kappa-0,19,mlp_w2,h,4096,2048,1024,0.5094468593597412,0.032413177765332736,0.02631970132008577,1.6384382182971025,2.205096185207367,0.019739349582750847,0.014701884270725963,0.002005669681923792
a4-ol1-kappa-0,19,attention_output_projection,z,1024,2048,1024,0.40236997604370117,0.01041644095071678,0.00808727274392689,0.6024473921848776,0.6100753753128816,0.017289735162888314,0.017076907178409737,0.0025900132598705586
a4-ol1-kappa-0,20,qkv_projection,a,1024,2048,3072,0.5014767646789551,0.02718046042418565,0.008091330528259277,1.2061739625455645,1.2209350740358074,0.022527014642654043,0.02227103372647103,0.002255478055053736
a4-ol1-kappa-0,20,mlp_w1,m,1024,2048,4096,0.4120521545410156,0.0363004526921681,0.008369982242584229,2.4562363645860126,2.4607811655317033,0.014778353085996225,0.014751597257257382,0.002297973446949257
a4-ol1-kappa-0,20,mlp_w2,h,4096,2048,1024,0.5161054134368896,0.032341143777293545,0.02634919458819974,1.6189658834088234,2.214469063666559,0.019979215571284924,0.014615305361472358,0.0018034528814949802
a4-ol1-kappa-0,20,attention_output_projection,z,1024,2048,1024,0.4186434745788574,0.01047671440258697,0.00806130356525057,0.5655652988496138,0.5735915459979519,0.018530489527653078,0.018264123906193436,0.0027477919753525477
a4-ol1-kappa-0,21,qkv_projection,a,1024,2048,3072,0.4901738166809082,0.027247178165808968,0.008134441315263941,1.2150025670079216,1.2310767627280692,0.022375312239855668,0.022010481006585075,0.00220804599498149
a4-ol1-kappa-0,21,mlp_w1,m,1024,2048,4096,0.4209861755371094,0.036413629427023815,0.00830787293454434,2.4088728935160537,2.4323732400616858,0.015112725961040175,0.01497243228955864,0.0023140665345157416
a4-ol1-kappa-0,21,mlp_w2,h,4096,2048,1024,0.52873694896698,0.0323538113845868,0.025903031732259173,1.538422502828448,1.921703683191471,0.021030511010533905,0.01683610913341773,0.0017746403097601488
a4-ol1-kappa-0,21,attention_output_projection,z,1024,2048,1024,0.3778371810913086,0.010589438536206088,0.008120294491305758,0.6046612390372801,0.6129890139436116,0.017514404697745012,0.01729181804678144,0.0027168669592641083
a4-ol1-kappa-0,22,qkv_projection,a,1024,2048,3072,0.49249267578125,0.027299802286344915,0.0080603880814386,1.2009909833877537,1.21525489456713,0.022710384378654774,0.022449215747921473,0.0022599489824311975
a4-ol1-kappa-0,22,mlp_w1,m,1024,2048,4096,0.44392919540405273,0.035919755899987256,0.008231624454057136,2.312547901049763,2.3248449069302097,0.015526628970297152,0.015442985224702815,0.0022677925117363137
a4-ol1-kappa-0,22,mlp_w2,h,4096,2048,1024,0.5500129461288452,0.03294098428833536,0.025670185233607437,1.4099626443086763,1.4901243440516583,0.023358853319908435,0.02196431817679849,0.002090839390662394
a4-ol1-kappa-0,22,attention_output_projection,z,1024,2048,1024,0.36804771423339844,0.010604022114238363,0.008088227234366124,0.5978934159184701,0.6068239065432249,0.0177349757496412,0.017489712274620976,0.0026256033930370194
a4-ol1-kappa-0,23,qkv_projection,a,1024,2048,3072,0.5146341323852539,0.027003730165547336,0.008100168458346662,1.1708131381149949,1.1845508526111472,0.02304220585494891,0.02278977046637165,0.0024711565767410234
a4-ol1-kappa-0,23,mlp_w1,m,1024,2048,4096,0.47870302200317383,0.03601492771619483,0.008188282387166084,2.156264372641527,2.170980023809626,0.01670164896820689,0.016587833875584785,0.0021375410260745776
a4-ol1-kappa-0,23,mlp_w2,h,4096,2048,1024,0.5277446508407593,0.03287496740725931,0.02711256686198353,1.4460590456176725,1.491520473885434,0.02272184626532764,0.021993211146750243,0.0020167352543652923
a4-ol1-kappa-0,23,attention_output_projection,z,1024,2048,1024,0.33525514602661133,0.010693194465143623,0.008150053773481613,0.6152045759828606,0.6235274116124772,0.01739172038423541,0.017151290286124672,0.0026701603500882977
a4-ol1-kappa-0p5,0,qkv_projection,a,1024,2048,3072,0.747227668762207,0.026639324386377592,0.007954400938910406,1.0932843528083853,1.0971407833937052,0.02439505499933446,0.024280611273363815,0.0024528835203331146
a4-ol1-kappa-0p5,0,mlp_w1,m,1024,2048,4096,0.7486295700073242,0.03399548586457968,0.007976341294124722,1.2468735803849995,1.25623750500381,0.027272124408469708,0.027112732179192627,0.00244299851432463
a4-ol1-kappa-0p5,0,mlp_w2,h,4096,2048,1024,0.9888819456100464,0.026842487760049185,0.02166283388268971,0.28883351821796366,0.32536613010235993,0.09316924926291979,0.0823891639310032,0.0023200726020435047
a4-ol1-kappa-0p5,0,attention_output_projection,z,1024,2048,1024,0.9131698608398438,0.010214323039658725,0.007811864931230221,0.09658594068601542,0.10458650277050942,0.1057079134809816,0.09758808370555976,0.0022646604621144083
a4-ol1-kappa-0p5,1,qkv_projection,a,1024,2048,3072,0.8763885498046875,0.02453195237885796,0.007832747370644799,0.800727357585561,0.8132654755667457,0.0306372629846842,0.030134929483217724,0.002356975008986108
a4-ol1-kappa-0p5,1,mlp_w1,m,1024,2048,4096,0.8704800605773926,0.03285181199388551,0.007871299835261454,0.7829883782734425,0.7989427506042819,0.0419810535160804,0.04106194596610467,0.0023434587449301493
a4-ol1-kappa-0p5,1,mlp_w2,h,4096,2048,1024,0.999275803565979,0.027756008519429595,0.02042392957700442,0.12875707930625846,0.14896927290855477,0.21919848909463022,0.18621923434334786,0.002273300389502679
a4-ol1-kappa-0p5,1,attention_output_projection,z,1024,2048,1024,0.9999337196350098,0.010179273712135667,0.006908353790240692,0.027234127863073197,0.03408641823508429,0.37364660018427476,0.29858915788172957,0.001588921088672958
a4-ol1-kappa-0p5,2,qkv_projection,a,1024,2048,3072,0.9017400741577148,0.02442367203798075,0.007827247109940753,0.6993556694596197,0.7132752205484346,0.034934167591763585,0.03411350606183649,0.002321274643969216
a4-ol1-kappa-0p5,2,mlp_w1,m,1024,2048,4096,0.9080734252929688,0.03239532332155984,0.007814205647494025,0.6429107832957587,0.6528947907796386,0.050338310404513774,0.049657470961254474,0.002315831242360659
a4-ol1-kappa-0p5,2,mlp_w2,h,4096,2048,1024,0.9996030330657959,0.026556610304942396,0.020575178997725724,0.1468963004644576,0.17344114929026686,0.1823162305151588,0.1530361307841264,0.002268260987877919
a4-ol1-kappa-0p5,2,attention_output_projection,z,1024,2048,1024,0.9998989105224609,0.010171920025271772,0.006899307683033671,0.021589765773388263,0.028504959394257488,0.471170695322825,0.3566464703891329,0.0016857885188114254
a4-ol1-kappa-0p5,3,qkv_projection,a,1024,2048,3072,0.9886279106140137,0.023184538494236292,0.0074985448944052974,0.4123298607709754,0.43112768509612437,0.05623566732484973,0.05367278012935334,0.0022682510259763792
a4-ol1-kappa-0p5,3,mlp_w1,m,1024,2048,4096,0.9262504577636719,0.031978911475131384,0.007842441922739932,0.5402798584678716,0.5479389768943452,0.0591469637669821,0.05837501095251882,0.0023149117673720667
a4-ol1-kappa-0p5,3,mlp_w2,h,4096,2048,1024,0.9997978210449219,0.028499017853836912,0.020074297289748293,0.08640925992618907,0.10972539080189658,0.3294333720580438,0.259730383692963,0.0021870138698053647
a4-ol1-kappa-0p5,3,attention_output_projection,z,1024,2048,1024,1.0,0.010186035186052322,0.006882333755493164,0.01445138081908226,0.021351146697998046,0.7048485756186162,0.4770304113553871,0.0
a4-ol1-kappa-0p5,4,qkv_projection,a,1024,2048,3072,0.9655046463012695,0.023432454631645762,0.007669220056234454,0.49533133683183267,0.5086448784188127,0.04730662667442175,0.04603876867467298,0.0022867656141418273
a4-ol1-kappa-0p5,4,mlp_w1,m,1024,2048,4096,0.9453330039978027,0.0319667600073294,0.007795933688988024,0.4883698437769504,0.49565223685759713,0.065917042377502,0.06449024149807617,0.002306855199851064
a4-ol1-kappa-0p5,4,mlp_w2,h,4096,2048,1024,0.9999091625213623,0.029057682057507358,0.020966696423864558,0.05809089801927076,0.08033146163798942,0.49951514918785594,0.3656739270868082,0.0020151180660563156
a4-ol1-kappa-0p5,4,attention_output_projection,z,1024,2048,1024,0.9999957084655762,0.010172778367996215,0.006871961802244186,0.017352183908224107,0.024291175603866576,0.5862534895780355,0.41887545895943484,0.0007597012798602385
a4-ol1-kappa-0p5,5,qkv_projection,a,1024,2048,3072,0.9836053848266602,0.023196991533041,0.007475679740309715,0.4066053219139576,0.4197520576417446,0.057139632392926444,0.05528530489248533,0.0022740777343589415
a4-ol1-kappa-0p5,5,mlp_w1,m,1024,2048,4096,0.9449920654296875,0.031551483430360495,0.0077617123610991285,0.49356356599277124,0.5000903978383631,0.06456017931196731,0.063092345366922,0.0023012930089177726
a4-ol1-kappa-0p5,5,mlp_w2,h,4096,2048,1024,0.9999179840087891,0.02944369024177126,0.019607553269492404,0.0503814814932569,0.07176226943948638,0.5864868026689068,0.4107198569194711,0.002027121462211966
a4-ol1-kappa-0p5,5,attention_output_projection,z,1024,2048,1024,1.0,0.010180757194757462,0.006913883239030838,0.014431595802307129,0.02127400189638138,0.7055267681975554,0.4785539290794727,0.0
a4-ol1-kappa-0p5,6,qkv_projection,a,1024,2048,3072,0.9728999137878418,0.023337476528607883,0.007601334498478816,0.5053991881700662,0.5182347962489495,0.04616113447566051,0.045024235920658594,0.0022842226988329783
a4-ol1-kappa-0p5,6,mlp_w1,m,1024,2048,4096,0.946589469909668,0.03168108788403598,0.00779427813761162,0.49261626872149383,0.5057117478414015,0.06436202433517989,0.06263594847120117,0.0022943105652958543
a4-ol1-kappa-0p5,6,mlp_w2,h,4096,2048,1024,0.9999096393585205,0.02863751615058791,0.01975668192340278,0.07326255002869851,0.09808490255171012,0.3979959086539211,0.2916686374545097,0.002068678360746056
a4-ol1-kappa-0p5,6,attention_output_projection,z,1024,2048,1024,0.9999990463256836,0.01017567865514213,0.006920762428671977,0.017249493032258204,0.02419789562240832,0.5889089620914363,0.4205191564558615,0.0002129712568926731
a4-ol1-kappa-0p5,7,qkv_projection,a,1024,2048,3072,0.9829120635986328,0.02323194159626287,0.007503334495980861,0.4635930882167008,0.47863749418891754,0.05012689058385203,0.04852177724807754,0.002273945610383375
a4-ol1-kappa-0p5,7,mlp_w1,m,1024,2048,4096,0.9494833946228027,0.031719103865667224,0.007727197641990965,0.5034719699201963,0.5118220087585099,0.06317917994105528,0.0619706040793276,0.0022977421020976534
a4-ol1-kappa-0p5,7,mlp_w2,h,4096,2048,1024,0.999924898147583,0.028596533709171867,0.019636832694496214,0.05535086145264864,0.07945896799690348,0.514440776282196,0.36220397277839345,0.0020868771907795866
a4-ol1-kappa-0p5,7,attention_output_projection,z,1024,2048,1024,0.9999966621398926,0.01017140686664435,0.006895396105773614,0.01820427453731332,0.025112912478044515,0.5586500114872545,0.40498989783042344,0.0005757052719177361
a4-ol1-kappa-0p5,8,qkv_projection,a,1024,2048,3072,0.9978451728820801,0.02299460249938084,0.0072449948605593315,0.27649389781706285,0.29858595445143393,0.0831309877402017,0.07704520454013015,0.002209827232961387
a4-ol1-kappa-0p5,8,mlp_w1,m,1024,2048,4096,0.9510464668273926,0.03159267548174142,0.007762445714146185,0.4969964416834493,0.5067188661700239,0.06356720658749436,0.06231498682197654,0.0022939969603012977
a4-ol1-kappa-0p5,8,mlp_w2,h,4096,2048,1024,0.99993896484375,0.028410385794969135,0.02059559896062897,0.05918196461600881,0.08614122951652839,0.4800514139620854,0.33104993515638326,0.0019418409090585554
a4-ol1-kappa-0p5,8,attention_output_projection,z,1024,2048,1024,1.0,0.010166577994823456,0.006903258711099624,0.014438476413488388,0.021313460171222688,0.7041309417748444,0.4765617605755056,0.0
a4-ol1-kappa-0p5,9,qkv_projection,a,1024,2048,3072,0.9960813522338867,0.02304131131885307,0.0073351797514728135,0.36363445022808655,0.38123646351907936,0.06336519379702492,0.06046690026224958,0.00223407506893813
a4-ol1-kappa-0p5,9,mlp_w1,m,1024,2048,4096,0.952390193939209,0.03155283894099242,0.007751478371045268,0.4863311318641013,0.5010251352127563,0.06493706054945247,0.06334396365726587,0.0023010610068987703
a4-ol1-kappa-0p5,9,mlp_w2,h,4096,2048,1024,0.9999455213546753,0.02891916406311883,0.020189791574860904,0.06086190881737156,0.0875418043323959,0.47115828937010623,0.3299228979782512,0.0018815345402186678
a4-ol1-kappa-0p5,9,attention_output_projection,z,1024,2048,1024,1.0,0.010176296532154083,0.006884010136127472,0.014456185698509216,0.02131843864917755,0.7043579034841628,0.4771138237125034,0.0
a4-ol1-kappa-0p5,10,qkv_projection,a,1024,2048,3072,0.9945168495178223,0.023145966350958943,0.007364564422898333,0.38787071005444684,0.40818102025457853,0.05967443725696601,0.05687832334763746,0.0022318669833967346
a4-ol1-kappa-0p5,10,mlp_w1,m,1024,2048,4096,0.9538555145263672,0.03159877371501636,0.007681973703630694,0.5055921146640548,0.5143178856229639,0.06268445925148021,0.06145092409509891,0.002305561432209616
a4-ol1-kappa-0p5,10,mlp_w2,h,4096,2048,1024,0.9999516010284424,0.028794513583462467,0.019922867783757507,0.06779430726372944,0.08864173408274907,0.4285030317612611,0.32493852791997363,0.0018204651469081578
a4-ol1-kappa-0p5,10,attention_output_projection,z,1024,2048,1024,1.0,0.010178134590387345,0.006847670674324036,0.014448166638612748,0.0213587649166584,0.704429261945798,0.4766898434492368,0.0
a4-ol1-kappa-0p5,11,qkv_projection,a,1024,2048,3072,0.9957923889160156,0.023049039290090313,0.007350473860988703,0.36288922310142774,0.3796828150615564,0.06352976834864572,0.06070603771296172,0.0022462338721162887
a4-ol1-kappa-0p5,11,mlp_w1,m,1024,2048,4096,0.9586739540100098,0.03151866908093774,0.0077317631770333385,0.47951194843221695,0.49005745569638814,0.06573072721960165,0.06433292541283298,0.0023086983945110186
a4-ol1-kappa-0p5,11,mlp_w2,h,4096,2048,1024,0.9999614953994751,0.028537591898888697,0.020119883379877624,0.06928683138891377,0.09608953419178279,0.4134936431948196,0.2979610302459943,0.0017052222415839006
a4-ol1-kappa-0p5,11,attention_output_projection,z,1024,2048,1024,1.0,0.010169552266597747,0.006883679330348969,0.014441290497779846,0.02136135697364807,0.7041335305703241,0.47621571609253044,0.0
a4-ol1-kappa-0p5,12,qkv_projection,a,1024,2048,3072,0.9892401695251465,0.023162662982940674,0.007478763659795125,0.4385718107223511,0.45519596338272095,0.052787458701825433,0.05074640926048379,0.002259579606711898
a4-ol1-kappa-0p5,12,mlp_w1,m,1024,2048,4096,0.9547863006591797,0.03164880775578242,0.007786137665738527,0.5103502742845009,0.5208794168037887,0.06204265140800644,0.06065472267412159,0.0023074753630742332
a4-ol1-kappa-0p5,12,mlp_w2,h,4096,2048,1024,0.9999493360519409,0.02878965106752489,0.01983330169053861,0.06993376684807219,0.09303807954623308,0.4111627513711475,0.30831725428854595,0.0017563842694183368
a4-ol1-kappa-0p5,12,attention_output_projection,z,1024,2048,1024,1.0,0.010164577513933182,0.006881919503211975,0.014458034932613373,0.021319551020860673,0.7034283156770902,0.47678460172342113,0.0
a4-ol1-kappa-0p5,13,qkv_projection,a,1024,2048,3072,0.9765162467956543,0.023287779185920954,0.007563072722405195,0.5181945394724607,0.5311263375915587,0.0449477098087296,0.04384813014285102,0.0022900199265923496
a4-ol1-kappa-0p5,13,mlp_w1,m,1024,2048,4096,0.9526047706604004,0.031647119313886724,0.0077598434809136065,0.5623615053418565,0.5732507457675999,0.05627651279043209,0.05514697250258223,0.0023141102948150407
a4-ol1-kappa-0p5,13,mlp_w2,h,4096,2048,1024,0.9999256134033203,0.027883405903283552,0.019954956619988515,0.09350952857374391,0.12298175900042811,0.29803074431082827,0.22636441674755375,0.0018677205317425888
a4-ol1-kappa-0p5,13,attention_output_projection,z,1024,2048,1024,0.999974250793457,0.010181276854378226,0.00691595132308156,0.019164857691130344,0.02609142221896152,0.5312740103853045,0.3903755949077891,0.0009240802439082361
a4-ol1-kappa-0p5,14,qkv_projection,a,1024,2048,3072,0.9637184143066406,0.023490657993391447,0.007662308566710528,0.6548817689512291,0.6670288595498777,0.035881903736767015,0.03519948610148051,0.0022945628643565048
a4-ol1-kappa-0p5,14,mlp_w1,m,1024,2048,4096,0.9520859718322754,0.031547748385765316,0.007719336348105353,0.5639983537002079,0.5726240363861365,0.055935887363484135,0.055124558501109165,0.0023140521392593285
a4-ol1-kappa-0p5,14,mlp_w2,h,4096,2048,1024,0.9999287128448486,0.0274975425378195,0.02022255247412868,0.09738881232842549,0.11972433814966249,0.28234806319527955,0.22811932239833804,0.001799178443647135
a4-ol1-kappa-0p5,14,attention_output_projection,z,1024,2048,1024,0.9999308586120605,0.010163513365706096,0.0068991699569914315,0.03085557585858046,0.037710038167328194,0.32953264850070246,0.2696621357545442,0.0013854617572448262
a4-ol1-kappa-0p5,15,qkv_projection,a,1024,2048,3072,0.9731235504150391,0.023334076091824845,0.007585351065029684,0.566123964128543,0.5772552584667628,0.04120021983914413,0.040422457395714435,0.0022991332357425237
a4-ol1-kappa-0p5,15,mlp_w1,m,1024,2048,4096,0.9506816864013672,0.03164966399245977,0.007763401141150072,0.5782514628840656,0.5861945476266149,0.05473431233347992,0.054007742911093504,0.002319015157015392
a4-ol1-kappa-0p5,15,mlp_w2,h,4096,2048,1024,0.9999220371246338,0.02802195467530884,0.02140285831946675,0.09759174269606065,0.12047725271594117,0.2864031937866559,0.23238829267331332,0.0017453369724292004
a4-ol1-kappa-0p5,15,attention_output_projection,z,1024,2048,1024,0.9999990463256836,0.01019609346985817,0.006899900734424591,0.01636434718966484,0.023284664005041124,0.6230675352755698,0.43771256911040834,0.00013755499202861495
a4-ol1-kappa-0p5,16,qkv_projection,a,1024,2048,3072,0.9661526679992676,0.02344658720159085,0.007714665381707878,0.6232240768236534,0.6346533649435667,0.037629390813074905,0.036933863768268134,0.0023002468230356025
a4-ol1-kappa-0p5,16,mlp_w1,m,1024,2048,4096,0.9407410621643066,0.03177285948886147,0.007820900051330787,0.6161982473154396,0.6270889482489547,0.051626899185706114,0.05065990283741752,0.0023282565747474756
a4-ol1-kappa-0p5,16,mlp_w2,h,4096,2048,1024,0.999853253364563,0.028722562460247902,0.020203795844736454,0.08259443279689722,0.10441987967199337,0.34837785402740723,0.27399934743020626,0.001969186403900113
a4-ol1-kappa-0p5,16,attention_output_projection,z,1024,2048,1024,0.999971866607666,0.010177956219907745,0.006890505914465644,0.03082810779209992,0.03777493901351991,0.33045529111638344,0.2696372549233243,0.000975871071553637
a4-ol1-kappa-0p5,17,qkv_projection,a,1024,2048,3072,0.9550223350524902,0.023588050334226517,0.007683337326087649,0.6615725745047841,0.6736033551749729,0.035641268590731245,0.03501597271927389,0.0023152907982578416
a4-ol1-kappa-0p5,17,mlp_w1,m,1024,2048,4096,0.9375801086425781,0.031713063942898606,0.007770858621951816,0.6087303964843537,0.6163093403369521,0.05212388467407277,0.051498764448947104,0.002328044649946255
a4-ol1-kappa-0p5,17,mlp_w2,h,4096,2048,1024,0.999839186668396,0.028351813002868934,0.019862328966458637,0.08269892246634872,0.10555500785509746,0.34275253253360044,0.2666345895673089,0.001910402964548607
a4-ol1-kappa-0p5,17,attention_output_projection,z,1024,2048,1024,0.999931812286377,0.010183413063417324,0.006895384711435565,0.024676924626093926,0.03160267304446757,0.4125315250009282,0.32229608298411716,0.001032978918232834
a4-ol1-kappa-0p5,18,qkv_projection,a,1024,2048,3072,0.9620475769042969,0.023506539530474657,0.007646506923358247,0.6297228044508085,0.6429317683713873,0.03733177664968715,0.03655534489452385,0.0023116977406573576
a4-ol1-kappa-0p5,18,mlp_w1,m,1024,2048,4096,0.9281096458435059,0.032098458487858146,0.007746033659277036,0.6312466002711954,0.639217479746471,0.050890215649750624,0.050165895954826865,0.002333979738521753
a4-ol1-kappa-0p5,18,mlp_w2,h,4096,2048,1024,0.9997706413269043,0.028287818474052227,0.020359068845225647,0.08716343778424558,0.11035006130691123,0.3230388814027201,0.25510883652843125,0.001962186176299178
a4-ol1-kappa-0p5,18,attention_output_projection,z,1024,2048,1024,0.9999513626098633,0.01019242310127084,0.006871119839619907,0.04936171319888075,0.05642319782454978,0.20646699696653786,0.18068140235065186,0.0010447170525203044
a4-ol1-kappa-0p5,19,qkv_projection,a,1024,2048,3072,0.9146666526794434,0.024053909067056227,0.007789357998854334,0.74812569105811,0.7609291736426491,0.032143766524993005,0.03160958233424403,0.0023741077499262898
a4-ol1-kappa-0p5,19,mlp_w1,m,1024,2048,4096,0.9124593734741211,0.03202127448591103,0.007806115772619665,0.6768082183195775,0.6856050090010898,0.04736585966844106,0.04673246075480889,0.0023428725260183324
a4-ol1-kappa-0p5,19,mlp_w2,h,4096,2048,1024,0.9995734691619873,0.027094969384771617,0.02042117034551617,0.12185266878380133,0.15329980324134368,0.22097515235325102,0.17663797846597168,0.0021116148049719827
a4-ol1-kappa-0p5,19,attention_output_projection,z,1024,2048,1024,0.9999184608459473,0.010192632804867048,0.006883850110996425,0.03718978959579515,0.04408435932516051,0.27365020341406354,0.23070169498135149,0.000887704002144785
a4-ol1-kappa-0p5,20,qkv_projection,a,1024,2048,3072,0.9026031494140625,0.02422291179035985,0.007811569890310598,0.7824661600035291,0.7960482392200204,0.030951022345446434,0.030420913832072634,0.002311471196860914
a4-ol1-kappa-0p5,20,mlp_w1,m,1024,2048,4096,0.8949737548828125,0.032414107374027015,0.0078032711191040474,0.74395742356492,0.7475187297928276,0.043524930960021135,0.04331227899137741,0.0023400965653288287
a4-ol1-kappa-0p5,20,mlp_w2,h,4096,2048,1024,0.9992866516113281,0.02772409434579728,0.020563129337447625,0.12588954584377804,0.15218446136849978,0.2165757157920259,0.18217427782371354,0.0021868636060942592
a4-ol1-kappa-0p5,20,attention_output_projection,z,1024,2048,1024,0.9998531341552734,0.010190429912666587,0.006929957381935076,0.039274324049889446,0.04630280280820775,0.2590905504337358,0.21996171297130634,0.0012086167035672607
a4-ol1-kappa-0p5,21,qkv_projection,a,1024,2048,3072,0.874755859375,0.0245007686316967,0.0078415390677177,0.8084680168674543,0.821172886599715,0.03029697274333298,0.029841152915266952,0.0023199411484392646
a4-ol1-kappa-0p5,21,mlp_w1,m,1024,2048,4096,0.870734691619873,0.032606376271669554,0.00784644126351458,0.786590197729686,0.79444503567927,0.041512258931755,0.04101219029628835,0.0023496993860721983
a4-ol1-kappa-0p5,21,mlp_w2,h,4096,2048,1024,0.9988785982131958,0.026702657384122235,0.020850856694111936,0.15973543877917357,0.1898381582882422,0.1663737952780263,0.14070217436362892,0.0022485200121979314
a4-ol1-kappa-0p5,21,attention_output_projection,z,1024,2048,1024,0.9994602203369141,0.010192633328244683,0.006916886660199509,0.04818958706455533,0.055113855790914656,0.21142681012411904,0.18453033107379263,0.0018050217738534863
a4-ol1-kappa-0p5,22,qkv_projection,a,1024,2048,3072,0.8333520889282227,0.02485724166035652,0.007885973900556564,0.839645080268383,0.849225390702486,0.029604462938568266,0.029250128265330206,0.0023234062188874876
a4-ol1-kappa-0p5,22,mlp_w1,m,1024,2048,4096,0.8401193618774414,0.03293200102029492,0.007855896133959135,0.8747430631905715,0.8779677021408587,0.037462103254403224,0.0374705151257149,0.0023656050040895475
a4-ol1-kappa-0p5,22,mlp_w2,h,4096,2048,1024,0.9978837966918945,0.027248058867164617,0.02096378965466162,0.1663286551686471,0.19680886390793165,0.16353271581483397,0.13958383270706362,0.002280857268509938
a4-ol1-kappa-0p5,22,attention_output_projection,z,1024,2048,1024,0.9686198234558105,0.01021618692169011,0.007330238323320746,0.06203327259212957,0.0694549843680558,0.16480926219517167,0.14709076698588686,0.002327787191353649
a4-ol1-kappa-0p5,23,qkv_projection,a,1024,2048,3072,0.716707706451416,0.026055003505155265,0.007939769561032215,0.7985748440386301,0.7711827575442303,0.03259959138335177,0.033680564673204454,0.0023470221494087387
a4-ol1-kappa-0p5,23,mlp_w1,m,1024,2048,4096,0.7157564163208008,0.034130517054687844,0.007952394133264368,1.2801564157460674,1.2861503231706042,0.026674258497882745,0.02655725516164451,0.002370003494312333
a4-ol1-kappa-0p5,23,mlp_w2,h,4096,2048,1024,0.9881573915481567,0.02699103281806838,0.022096597110694238,0.3040740077915462,0.3433960757636831,0.08870594732958806,0.079264922015319,0.002352139758055842
a4-ol1-kappa-0p5,23,attention_output_projection,z,1024,2048,1024,0.9317178726196289,0.010300481491639948,0.007613748909956379,0.12074561003314549,0.12772418199821614,0.08531298478591114,0.08064629054961424,0.0022848724500177282
a7-ol1-kappa-0,0,qkv_projection,a,1024,2048,3072,0.5856871604919434,0.028008047272177303,0.008077811601474813,1.5373673981131473,1.537700078336362,0.018255256307489833,0.018257715627229238,0.0026507606122673985
a7-ol1-kappa-0,0,mlp_w1,m,1024,2048,4096,0.5889897346496582,0.03529233003848165,0.008087337675674185,1.8850631641419553,1.893118229689519,0.0187161109134896,0.018640461961476593,0.002218869250004773
a7-ol1-kappa-0,0,mlp_w2,h,4096,2048,1024,0.577607274055481,0.0335893077816037,0.025499156481928104,1.2157533398206286,1.2542488281246569,0.02754691390402861,0.026720012632339002,0.0020849119386042547
a7-ol1-kappa-0,0,attention_output_projection,z,1024,2048,1024,0.3045978546142578,0.010732835993198906,0.008165512395941692,0.6095002808507765,0.6176154419695272,0.017647377710840288,0.017261249326608233,0.002064303744016608
a7-ol1-kappa-0,1,qkv_projection,a,1024,2048,3072,0.38028812408447266,0.028072844577741018,0.008193909618924942,1.4233208155330224,1.4461508405862478,0.019722587004420956,0.01943659688054248,0.0023204585739440924
a7-ol1-kappa-0,1,mlp_w1,m,1024,2048,4096,0.36136484146118164,0.0368177659751833,0.008373066436412722,2.6629077949265176,2.674761957438417,0.01381017549073619,0.013770313126651777,0.0023379261363636362
a7-ol1-kappa-0,1,mlp_w2,h,4096,2048,1024,0.8220854997634888,0.03073859583671396,0.02336880671473202,1.0940576706336453,1.1336935459596715,0.028071278673184687,0.027078283062156917,0.002389457092205048
a7-ol1-kappa-0,1,attention_output_projection,z,1024,2048,1024,0.7142982482910156,0.010264762499636875,0.00787649927645378,0.26932764631598743,0.2763026685857061,0.038120071012748426,0.03719159227308846,0.0024010724842728768
a7-ol1-kappa-0,2,qkv_projection,a,1024,2048,3072,0.3905467987060547,0.02800465952004156,0.00820843683135125,1.3821953306755712,1.3967504905116173,0.02028137367329771,0.020051308212269733,0.0023710636036037313
a7-ol1-kappa-0,2,mlp_w1,m,1024,2048,4096,0.3541402816772461,0.03650403163564487,0.00845764096327654,2.6832682293231094,2.697941238485922,0.013579624265012719,0.0135271801242074,0.0023414731061003973
a7-ol1-kappa-0,2,mlp_w2,h,4096,2048,1024,0.8267947435379028,0.030890872471282128,0.023369252501657722,0.9909525423611759,1.0294815429748005,0.031171317998938082,0.030091654457489545,0.0023081759535445614
a7-ol1-kappa-0,2,attention_output_projection,z,1024,2048,1024,0.7118358612060547,0.010258905738462686,0.007840677720375624,0.2651725459575239,0.2737826142592807,0.03870521319184175,0.03747568729752577,0.0023093529763682555
a7-ol1-kappa-0,3,qkv_projection,a,1024,2048,3072,0.42014360427856445,0.02797002824702004,0.008156277643617734,1.3126192051310872,1.3340727187866388,0.02128436308996964,0.020967366749976006,0.0023231442443559323
a7-ol1-kappa-0,3,mlp_w1,m,1024,2048,4096,0.3488469123840332,0.03665005640378074,0.008436599894175454,2.7121066574066406,2.720204847199576,0.013530513691103209,0.013470721969103873,0.0023449813539672577
a7-ol1-kappa-0,3,mlp_w2,h,4096,2048,1024,0.8400143384933472,0.030685683207331175,0.02337933542429532,0.9699500771375161,1.0081330862754287,0.03165869839527863,0.030544414198418395,0.0024264005117065257
a7-ol1-kappa-0,3,attention_output_projection,z,1024,2048,1024,0.8195667266845703,0.010272618886586782,0.007868361835544175,0.20069978829171206,0.20749274439908363,0.05115922665473689,0.04951571581209353,0.0023130830404007137
a7-ol1-kappa-0,4,qkv_projection,a,1024,2048,3072,0.4194355010986328,0.027955748797376494,0.008168576777666465,1.3074349055345031,1.3268778093473208,0.021361450843763757,0.021010910681836945,0.0023330108720682296
a7-ol1-kappa-0,4,mlp_w1,m,1024,2048,4096,0.3431673049926758,0.037052154541015625,0.008367061614990234,2.731196403503418,2.7403461933135986,0.013562147788287654,0.013522644216017368,0.0023196605065363266
a7-ol1-kappa-0,4,mlp_w2,h,4096,2048,1024,0.8544915914535522,0.030506956160242286,0.023305959152410745,0.9635827414495952,0.9998425015902728,0.03153959665739863,0.0305012792171029,0.002377936573682873
a7-ol1-kappa-0,4,attention_output_projection,z,1024,2048,1024,0.7675604820251465,0.010239640722196503,0.007822100587810929,0.22074368702077019,0.22883046668140083,0.04634385974894759,0.044747715943144445,0.0023020319466959854
a7-ol1-kappa-0,5,qkv_projection,a,1024,2048,3072,0.42380475997924805,0.028021073431000673,0.008162755267064375,1.2806093222216557,1.2966639789423549,0.021900137132956774,0.021604792977772482,0.0023227792614501875
a7-ol1-kappa-0,5,mlp_w1,m,1024,2048,4096,0.33907318115234375,0.036560479671724384,0.008361233818915582,2.745847668378584,2.765011342783128,0.013324427651362446,0.013225571078625596,0.002348552804554794
a7-ol1-kappa-0,5,mlp_w2,h,4096,2048,1024,0.8613736629486084,0.030971709742892387,0.02327648787525113,0.9117526257171311,0.948688171429341,0.03377215258460361,0.03243048851813313,0.0023042295216380362
a7-ol1-kappa-0,5,attention_output_projection,z,1024,2048,1024,0.7590208053588867,0.010251332011541197,0.007795362636960786,0.22855924711626238,0.23689161458613675,0.04484189085734181,0.04324738576260992,0.0022990444004240647
a7-ol1-kappa-0,6,qkv_projection,a,1024,2048,3072,0.4468059539794922,0.027835856784473766,0.008129856803200462,1.2297478318214417,1.2473666938868435,0.0226349349290104,0.022249883240774312,0.0023424582225669514
a7-ol1-kappa-0,6,mlp_w1,m,1024,2048,4096,0.33702516555786133,0.03647950829052534,0.008345016690551257,2.7535473469827996,2.7697278705776713,0.013251343116630772,0.013170747015698876,0.0023364123343366607
a7-ol1-kappa-0,6,mlp_w2,h,4096,2048,1024,0.8492821455001831,0.02982471273353063,0.023431091574189575,0.8601618284079695,0.8966050694643525,0.03456574868040209,0.03322069890365555,0.002318451856481533
a7-ol1-kappa-0,6,attention_output_projection,z,1024,2048,1024,0.7771153450012207,0.010218767270649949,0.007772210934390761,0.202674245181149,0.2109790756686093,0.05043085017851004,0.048433595295617665,0.002304657087257206
a7-ol1-kappa-0,7,qkv_projection,a,1024,2048,3072,0.44247865676879883,0.027831238896950432,0.008113034393476404,1.230863530350768,1.2473543377026268,0.022602574293821183,0.022336732421877073,0.0023673847991932655
a7-ol1-kappa-0,7,mlp_w1,m,1024,2048,4096,0.334505558013916,0.036663095640942334,0.00845568209159665,2.7681235981181387,2.7786739836863386,0.013250764332931531,0.013199155498876496,0.0023268147212815843
a7-ol1-kappa-0,7,mlp_w2,h,4096,2048,1024,0.8433586359024048,0.03138464967628102,0.023292459465645173,0.9121665383105749,0.9485372229591831,0.03439891862767505,0.033078270645108286,0.002305745351786031
a7-ol1-kappa-0,7,attention_output_projection,z,1024,2048,1024,0.7567477226257324,0.010261328962854215,0.007811906206480479,0.2650909107438638,0.2717535052029148,0.03875950124310146,0.03777774232613695,0.002310762271096225
a7-ol1-kappa-0,8,qkv_projection,a,1024,2048,3072,0.46795129776000977,0.027684273419680296,0.008112666281786833,1.1754076068217938,1.183489741353722,0.02356093640547635,0.023337824800053635,0.0022991417592190242
a7-ol1-kappa-0,8,mlp_w1,m,1024,2048,4096,0.3307828903198242,0.036543704629913576,0.008444899950570208,2.794932543746824,2.7983442433481294,0.01308704174118274,0.01306273545795455,0.0023312213352496393
a7-ol1-kappa-0,8,mlp_w2,h,4096,2048,1024,0.8226226568222046,0.030787532243123587,0.023272957686571196,1.001045715592779,1.0456518014031955,0.030757129607113402,0.02953187185928067,0.0023150150376458714
a7-ol1-kappa-0,8,attention_output_projection,z,1024,2048,1024,0.8020915985107422,0.010309854613637884,0.007827991262552354,0.268886174913736,0.276356198771289,0.03834229898310839,0.03730316445504585,0.0022592503747747234
a7-ol1-kappa-0,9,qkv_projection,a,1024,2048,3072,0.4664750099182129,0.02774963533128058,0.008126082537057516,1.1822323907505383,1.187307851297872,0.02347010196867563,0.023332849821492883,0.0023092937077376402
a7-ol1-kappa-0,9,mlp_w1,m,1024,2048,4096,0.3306107521057129,0.0364978502436382,0.008316907456250695,2.804425249739391,2.812707387819523,0.013011807664239306,0.012989558196941342,0.0023119633594730505
a7-ol1-kappa-0,9,mlp_w2,h,4096,2048,1024,0.8141708374023438,0.031562126241624355,0.023371935822069645,1.0347256436944008,1.0710299015045166,0.030512768902224065,0.02947400995440754,0.002332159369096164
a7-ol1-kappa-0,9,attention_output_projection,z,1024,2048,1024,0.8193812370300293,0.010351541155543407,0.007896255736466448,0.30136159733909024,0.309595959590578,0.034340718304568044,0.033484921605848296,0.0022626354889198376
a7-ol1-kappa-0,10,qkv_projection,a,1024,2048,3072,0.4702024459838867,0.027938794591285628,0.008095146679296726,1.168309370192086,1.1826989594652262,0.023914109495503294,0.023494984184554094,0.0023262229171981744
a7-ol1-kappa-0,10,mlp_w1,m,1024,2048,4096,0.33100461959838867,0.03695732257405265,0.008354543662462079,2.819822582065082,2.8154534883186466,0.013106258106134874,0.013129440957577017,0.0023347549803319507
a7-ol1-kappa-0,10,mlp_w2,h,4096,2048,1024,0.7970094680786133,0.03081658168842918,0.023425140074993436,1.0913536197652942,1.1287036498910503,0.028251735468179724,0.027273039828800368,0.002327611897295754
a7-ol1-kappa-0,10,attention_output_projection,z,1024,2048,1024,0.7506608963012695,0.010306674157273713,0.00787679618003809,0.3115051659927549,0.3188664808657497,0.03309552550224513,0.03235662753218344,0.00234460513612546
a7-ol1-kappa-0,11,qkv_projection,a,1024,2048,3072,0.47426748275756836,0.02796213104300303,0.008109063930707434,1.1738804105209977,1.1808782917995975,0.02379486740750556,0.0236713940594466,0.0023497794485874044
a7-ol1-kappa-0,11,mlp_w1,m,1024,2048,4096,0.33553266525268555,0.03686249256134033,0.008415492872397104,2.8188091392318406,2.822170158227285,0.013082442843969077,0.013077789903019749,0.0023207240521235656
a7-ol1-kappa-0,11,mlp_w2,h,4096,2048,1024,0.7704415321350098,0.03132608866221026,0.023848916354932283,1.100943546350065,1.129045592326867,0.02846046719403952,0.027753866084625604,0.002383146988663269
a7-ol1-kappa-0,11,attention_output_projection,z,1024,2048,1024,0.7089076042175293,0.010248872968885634,0.007851931783888075,0.2802312307887607,0.2852670086754693,0.036498151474697864,0.03590208510433549,0.0022711799950372543
a7-ol1-kappa-0,12,qkv_projection,a,1024,2048,3072,0.45159292221069336,0.028095712157560505,0.00813117377646935,1.201761772982963,1.2166766603360466,0.023369502141441182,0.023082502834108377,0.002320811822583426
a7-ol1-kappa-0,12,mlp_w1,m,1024,2048,4096,0.34041690826416016,0.03673349980448113,0.008418117878866977,2.81160227099403,2.8211747403027583,0.013070830643466418,0.013020639693002151,0.0023302693845014223
a7-ol1-kappa-0,12,mlp_w2,h,4096,2048,1024,0.7563177347183228,0.031442019072445954,0.023706528273495762,1.2189606915820728,1.2478332356973127,0.025782527910382862,0.0251924456270107,0.0022791668687493463
a7-ol1-kappa-0,12,attention_output_projection,z,1024,2048,1024,0.6780104637145996,0.010289693672726623,0.00789204109324156,0.2978743686184396,0.3073330846254843,0.034543736409583956,0.03348059218962915,0.0023456959077149835
a7-ol1-kappa-0,13,qkv_projection,a,1024,2048,3072,0.47425127029418945,0.028045475482940674,0.008123547866426665,1.1670923438565484,1.1766325297026798,0.024030211174436295,0.023838890998422596,0.0023302214863038097
a7-ol1-kappa-0,13,mlp_w1,m,1024,2048,4096,0.35297203063964844,0.03710804415530846,0.008388559837810328,2.7603668878312972,2.77188811145845,0.013441016503805329,0.01339369358034316,0.0023233301072600474
a7-ol1-kappa-0,13,mlp_w2,h,4096,2048,1024,0.7221342325210571,0.031377472307371056,0.02381999207579571,1.230110481813334,1.0576637164838072,0.02549127889546691,0.02963395305377899,0.0022205949043581598
a7-ol1-kappa-0,13,attention_output_projection,z,1024,2048,1024,0.6294159889221191,0.010315838699572397,0.007880370545860948,0.3625214280803209,0.37065557888801526,0.028453117009448498,0.02782115094473489,0.002405467177268024
a7-ol1-kappa-0,14,qkv_projection,a,1024,2048,3072,0.4739189147949219,0.028050802394646367,0.008112491190838976,1.167232436793191,1.17731890102633,0.023992958876170176,0.02379832041738021,0.002374680026677992
a7-ol1-kappa-0,14,mlp_w1,m,1024,2048,4096,0.3695368766784668,0.03682617698946307,0.008365860389124962,2.6947280331965415,2.7023118830496267,0.013658539174035238,0.013607541390356708,0.0023198361153415666
a7-ol1-kappa-0,14,mlp_w2,h,4096,2048,1024,0.710957407951355,0.03211102971208936,0.023790423614860515,0.8683283241859615,0.8925723967290734,0.03669755929395945,0.035723929520574814,0.002229215992745603
a7-ol1-kappa-0,14,attention_output_projection,z,1024,2048,1024,0.5541262626647949,0.010339460494861629,0.007996097467789579,0.4168102670646452,0.42599507809327075,0.024804956791177023,0.02426100918186183,0.002209614757798855
a7-ol1-kappa-0,15,qkv_projection,a,1024,2048,3072,0.48359060287475586,0.027658274540534385,0.008085698985734512,1.1295666264052375,1.1488175561595522,0.02445428216147837,0.02405076742496329,0.0023242175655427094
a7-ol1-kappa-0,15,mlp_w1,m,1024,2048,4096,0.3887786865234375,0.0368530172428102,0.008318260425829706,2.589865495230405,2.605540151814468,0.01421597251104774,0.014129676380695157,0.0023062266544581697
a7-ol1-kappa-0,15,mlp_w2,h,4096,2048,1024,0.7062369585037231,0.032395875583877354,0.02513162040580521,0.8779950744449605,0.9140550521803812,0.037061288956795634,0.03545142541270302,0.0023273343876448437
a7-ol1-kappa-0,15,attention_output_projection,z,1024,2048,1024,0.5505218505859375,0.01032422570621266,0.007974984599094764,0.43245991265851685,0.44203565206403045,0.023872427442689158,0.023364920330864212,0.0023181336383322425
a7-ol1-kappa-0,16,qkv_projection,a,1024,2048,3072,0.4900016784667969,0.027504430985764453,0.008097678226859946,1.1304177981066077,1.1455898516272243,0.024316211701077634,0.02397119378989673,0.0023567367312678413
a7-ol1-kappa-0,16,mlp_w1,m,1024,2048,4096,0.40343475341796875,0.036391210468376387,0.00830317902214387,2.5302479043602943,2.5348042630973984,0.014412194665853648,0.014352708037573544,0.002317500531558823
a7-ol1-kappa-0,16,mlp_w2,h,4096,2048,1024,0.6904308795928955,0.03128578929707061,0.02405643029961475,1.0008985436586446,0.9959430412151092,0.03124896064117877,0.031307846049845836,0.002429412995273578
a7-ol1-kappa-0,16,attention_output_projection,z,1024,2048,1024,0.5433392524719238,0.010354682225921062,0.007951565332700054,0.4483760151493669,0.4584759131736701,0.023093429615972123,0.022575633702898192,0.002803072921916654
a7-ol1-kappa-0,17,qkv_projection,a,1024,2048,3072,0.4987802505493164,0.027729394404511703,0.008103682806617335,1.1196541109759557,1.1239428269235712,0.02489090479229739,0.02468088838065803,0.002350166021993646
a7-ol1-kappa-0,17,mlp_w1,m,1024,2048,4096,0.4207444190979004,0.03623334424836295,0.008309685758181981,2.4247653782367706,2.4452492594718933,0.014947632805506221,0.014838192389008645,0.0023291774806344797
a7-ol1-kappa-0,17,mlp_w2,h,4096,2048,1024,0.6873492002487183,0.032049426365466344,0.02431324017899377,0.9206116997769901,1.0090953493047328,0.03487064868727028,0.03176011405477196,0.0026333710273555235
a7-ol1-kappa-0,17,attention_output_projection,z,1024,2048,1024,0.5346388816833496,0.010357149716081291,0.007962450898926833,0.45155109002672394,0.46056222299049643,0.02293682806848795,0.022481069758007826,0.002979270212757057
a7-ol1-kappa-0,18,qkv_projection,a,1024,2048,3072,0.5006527900695801,0.027461433844850554,0.008094809110590954,1.1214071650378752,1.1283029734298884,0.024433073454222038,0.024305885586448084,0.0023478240881227024
a7-ol1-kappa-0,18,mlp_w1,m,1024,2048,4096,0.43570423126220703,0.036211250579520446,0.008287852349346632,2.3590089523628968,2.377794621741935,0.015312858234392327,0.015225852062939364,0.0023226404712498785
a7-ol1-kappa-0,18,mlp_w2,h,4096,2048,1024,0.6832979917526245,0.031494668551853726,0.024021396521014645,0.9457289402608089,1.0401595463144018,0.033509199793047555,0.030282234484129953,0.0024154016303284797
a7-ol1-kappa-0,18,attention_output_projection,z,1024,2048,1024,0.5318255424499512,0.010326002536154516,0.007958244916661406,0.4599808498786601,0.46908711960751875,0.022457766936667144,0.022012973932846836,0.0022772330130187974
a7-ol1-kappa-0,19,qkv_projection,a,1024,2048,3072,0.49614906311035156,0.027498489381461745,0.008105713602722876,1.1195868796465414,1.1322512630595276,0.024549757642279787,0.0241678063908768,0.002270879218502154
a7-ol1-kappa-0,19,mlp_w1,m,1024,2048,4096,0.45010995864868164,0.0360659952904727,0.008289828091054349,2.282083034515381,2.3014193551765905,0.015798506508354987,0.0156594740326361,0.0023473589163646924
a7-ol1-kappa-0,19,mlp_w2,h,4096,2048,1024,0.7033329010009766,0.03240903622412746,0.024517841616943276,0.8612398694201213,0.9266441551650443,0.03744679382506399,0.03489477057596322,0.002631100509290951
a7-ol1-kappa-0,19,attention_output_projection,z,1024,2048,1024,0.5115656852722168,0.010367067826491544,0.007980702896304117,0.4598109419963486,0.4688649331958845,0.022549371330670847,0.022108089910928067,0.002052865482502868
a7-ol1-kappa-0,20,qkv_projection,a,1024,2048,3072,0.4962139129638672,0.027623334930281435,0.008079675164553199,1.111855109532674,1.1168643340419229,0.024920730951609855,0.024730609641002693,0.0022552919808166666
a7-ol1-kappa-0,20,mlp_w1,m,1024,2048,4096,0.45749711990356445,0.03608285978033736,0.008268432842718589,2.2559657793592764,2.276195464907466,0.01600383578691484,0.01584821333316588,0.0023250008572351043
a7-ol1-kappa-0,20,mlp_w2,h,4096,2048,1024,0.700395941734314,0.03154416879018148,0.023806552092234295,0.8754106362660726,0.9062099059422811,0.03603395085545313,0.03481961150737861,0.0025400957076673726
a7-ol1-kappa-0,20,attention_output_projection,z,1024,2048,1024,0.48131322860717773,0.01046297971359984,0.008020940387320376,0.49216138522425096,0.5039118654178288,0.021276535478540883,0.02076399662998195,0.0029667628265575546
a7-ol1-kappa-0,21,qkv_projection,a,1024,2048,3072,0.5044898986816406,0.027788785353820032,0.008076617394336015,1.0780468818141082,1.0913247095673617,0.025728509225812414,0.025472260422399657,0.002292977338666895
a7-ol1-kappa-0,21,mlp_w1,m,1024,2048,4096,0.47654008865356445,0.03593642409745749,0.008224666892708121,2.184963119881494,2.1929644144974745,0.01647232956810902,0.01638714420529822,0.0022818700312512087
a7-ol1-kappa-0,21,mlp_w2,h,4096,2048,1024,0.7390636205673218,0.03280153169351466,0.024236234671929303,1.051240589688806,0.889693879905869,0.031002426866453305,0.03660226075135497,0.0023910383328336247
a7-ol1-kappa-0,21,attention_output_projection,z,1024,2048,1024,0.47521448135375977,0.010555410695003077,0.008034129664074026,0.47663705201323975,0.4845474154577343,0.022138090483997463,0.02175566369591653,0.002082160391491271
a7-ol1-kappa-0,22,qkv_projection,a,1024,2048,3072,0.5139260292053223,0.027678194053379106,0.008061620188348087,1.0460730136176686,1.0596401069635226,0.026233070492260955,0.026083562093794657,0.002544117517390247
a7-ol1-kappa-0,22,mlp_w1,m,1024,2048,4096,0.4953899383544922,0.0357491351802897,0.008250430503987377,2.1142247393264535,2.120248788262006,0.01693231357386368,0.01685691141005198,0.0021576961910952006
a7-ol1-kappa-0,22,mlp_w2,h,4096,2048,1024,0.7662131786346436,0.031274509724795604,0.02378791360046333,1.1715283189561259,1.2071271667210879,0.026626915556509586,0.025991703764496943,0.002410147017891516
a7-ol1-kappa-0,22,attention_output_projection,z,1024,2048,1024,0.5224237442016602,0.010527574494385197,0.008003812575739169,0.4174950385185742,0.4277290678085661,0.025195481152608962,0.02470523449718281,0.0025209102899443935
a7-ol1-kappa-0,23,qkv_projection,a,1024,2048,3072,0.5158157348632812,0.02750284899738515,0.008049126142244728,1.0714828033806014,1.0916926083519916,0.025671248524128724,0.025174344684689664,0.00261929901454773
a7-ol1-kappa-0,23,mlp_w1,m,1024,2048,4096,0.4998207092285156,0.03576559233076779,0.008167584001282115,2.079525433572722,2.084791476343885,0.017197091443544334,0.017155288483888923,0.0020633087794197937
a7-ol1-kappa-0,23,mlp_w2,h,4096,2048,1024,0.6596893072128296,0.032034729208265035,0.02512231469154358,1.0614269758973802,0.9791592189243862,0.03046463755598448,0.032704321655078125,0.002304466707964227
a7-ol1-kappa-0,23,attention_output_projection,z,1024,2048,1024,0.46424388885498047,0.01058201934840228,0.008021879035073358,0.45420068341332515,0.4636301281484398,0.02328418426067274,0.022803027017650374,0.002317388264998477
a7-ol1-kappa-0p5,0,qkv_projection,a,1024,2048,3072,0.7471961975097656,0.026517413082839437,0.00783015107143821,0.9758347117831941,0.9795684001349301,0.027173286366436025,0.02705176527755139,0.002444819068876159
a7-ol1-kappa-0p5,0,mlp_w1,m,1024,2048,4096,0.7427225112915039,0.03391908433604504,0.007873614115908577,1.231116919719865,1.2450843114694545,0.0275402846320858,0.02725827531826626,0.002435369588723568
a7-ol1-kappa-0p5,0,mlp_w2,h,4096,2048,1024,0.982366681098938,0.026952341000993068,0.021844593352113324,0.2840796319424993,0.3177524319862279,0.09512490434995129,0.08538482031727032,0.0023231311190474646
a7-ol1-kappa-0p5,0,attention_output_projection,z,1024,2048,1024,0.9652900695800781,0.010190000327087712,0.007483868816659577,0.05807655001439263,0.06513221792061945,0.1755455311138638,0.15650532735014244,0.0022986978690462995
a7-ol1-kappa-0p5,1,qkv_projection,a,1024,2048,3072,0.7435808181762695,0.025670460569180126,0.00788903414072383,0.8841474770207393,0.889963896940071,0.029000767271938656,0.028785713689350664,0.0026588260451279344
a7-ol1-kappa-0p5,1,mlp_w1,m,1024,2048,4096,0.7507724761962891,0.034208442428870986,0.007903460904332986,1.1122049673960523,1.132746601411384,0.03073883932172763,0.030220682436973255,0.0023735909829883345
a7-ol1-kappa-0p5,1,mlp_w2,h,4096,2048,1024,0.9947385787963867,0.029974533931712437,0.0205058965923561,0.07067534971360556,0.0964626934943193,0.42308044584912685,0.31103668490050884,0.002347264102047982
a7-ol1-kappa-0p5,1,attention_output_projection,z,1024,2048,1024,0.9639143943786621,0.010127570731934411,0.007337317877993995,0.05137757821516557,0.059121109041578565,0.19728374198827808,0.17155469359551692,0.0021462363082032747
a7-ol1-kappa-0p5,2,qkv_projection,a,1024,2048,3072,0.8706274032592773,0.024616718292236328,0.007818624811265076,0.8239068669601551,0.8361365971634689,0.02985771018287686,0.029447001905745705,0.002285805515771048
a7-ol1-kappa-0p5,2,mlp_w1,m,1024,2048,4096,0.8570785522460938,0.032805359061760235,0.0077833669095099724,0.8481516113764123,0.8569274522081206,0.03857291765408528,0.038217225218726746,0.0023493244256316153
a7-ol1-kappa-0p5,2,mlp_w2,h,4096,2048,1024,0.9993929862976074,0.028403347924333303,0.020362452095499358,0.10091097315168832,0.12910220785819665,0.27956985011182095,0.21965955243628288,0.00233182644991813
a7-ol1-kappa-0p5,2,attention_output_projection,z,1024,2048,1024,0.9999971389770508,0.010128000014692811,0.006820542985198804,0.019828831677211348,0.02673309263042336,0.5106054075346339,0.37859331110968986,0.00027972435577675665
a7-ol1-kappa-0p5,3,qkv_projection,a,1024,2048,3072,0.9869189262390137,0.02315075480364223,0.007447464899583297,0.35010387393880016,0.3640764377971384,0.06596177428954665,0.06346530256715545,0.002241983126587119
a7-ol1-kappa-0p5,3,mlp_w1,m,1024,2048,4096,0.8739051818847656,0.03260438856871232,0.007804564159849416,0.7132421045199685,0.7145155545162118,0.04571293304488238,0.04558189950391363,0.0023255976503803065
a7-ol1-kappa-0p5,3,mlp_w2,h,4096,2048,1024,0.9993983507156372,0.028744083664095994,0.01986238920519538,0.07649522988086051,0.1056623876306182,0.37588839285483,0.26688690846499624,0.002284738186116111
a7-ol1-kappa-0p5,3,attention_output_projection,z,1024,2048,1024,1.0,0.010113608092069626,0.006833431869745254,0.014270633459091187,0.02110174298286438,0.7087007119243677,0.4797840949768721,0.0
a7-ol1-kappa-0p5,4,qkv_projection,a,1024,2048,3072,0.9560208320617676,0.02355697912250577,0.007653058649928163,0.46589475605590336,0.4797467080961484,0.05054065513271416,0.04918191616859333,0.0022088729576160517
a7-ol1-kappa-0p5,4,mlp_w1,m,1024,2048,4096,0.8850722312927246,0.032833767727048255,0.007770091727160026,0.6590663738872694,0.6719403447078128,0.04975978810545099,0.04885274990328675,0.0023267645616242903
a7-ol1-kappa-0p5,4,mlp_w2,h,4096,2048,1024,0.9995921850204468,0.02896242837708157,0.01981110947851378,0.07221029283335575,0.0975233068367323,0.39782092009320325,0.2952846909505394,0.0022861533711891614
a7-ol1-kappa-0p5,4,attention_output_projection,z,1024,2048,1024,1.0,0.010112463682889938,0.006865452975034714,0.014265613257884979,0.021120207011699678,0.7089138106547612,0.47794760176540246,0.0
a7-ol1-kappa-0p5,5,qkv_projection,a,1024,2048,3072,0.9445171356201172,0.023708893702580378,0.007693044740150417,0.504071940843516,0.5171598015327799,0.047056370608731274,0.04580719434480016,0.0022249491527489068
a7-ol1-kappa-0p5,5,mlp_w1,m,1024,2048,4096,0.8916964530944824,0.03245115842459337,0.007768593869119321,0.6414706414600588,0.651095245244368,0.05058868844056667,0.04986210888806154,0.0023269341903341123
a7-ol1-kappa-0p5,5,mlp_w2,h,4096,2048,1024,0.9996649026870728,0.029684564614386025,0.019650401711399593,0.052112619569992545,0.07838270935057565,0.5642446420850494,0.3742779272181581,0.002286253613935332
a7-ol1-kappa-0p5,5,attention_output_projection,z,1024,2048,1024,0.9999995231628418,0.010118984146634718,0.0068526016429302705,0.016245079942059017,0.023109635255381837,0.6238349575786475,0.4391827483481885,0.0002881568597096013
a7-ol1-kappa-0p5,6,qkv_projection,a,1024,2048,3072,0.9916958808898926,0.02318230144220506,0.007367127032076578,0.29995868697550626,0.31388610318938703,0.0769502615062663,0.07385577509373753,0.0022259347969491995
a7-ol1-kappa-0p5,6,mlp_w1,m,1024,2048,4096,0.8944501876831055,0.03230107706796731,0.007747940906473009,0.6347327732717045,0.6490698952508849,0.050889253601122106,0.05004838308626243,0.0023260972630319327
a7-ol1-kappa-0p5,6,mlp_w2,h,4096,2048,1024,0.9996827840805054,0.02942594150672811,0.019742998582045472,0.04787252989383474,0.07160524835379942,0.6103780855029826,0.4072214525406016,0.002273890948363859
a7-ol1-kappa-0p5,6,attention_output_projection,z,1024,2048,1024,1.0,0.010117804259061813,0.0068051300942897795,0.014268267154693603,0.02103718966245651,0.7098262197142648,0.48099236712067395,0.0
a7-ol1-kappa-0p5,7,qkv_projection,a,1024,2048,3072,0.9965386390686035,0.02321170941563963,0.007281759540543302,0.23124293061613127,0.24856625281217445,0.10053386340908163,0.09324565220596985,0.0021983161083236826
a7-ol1-kappa-0p5,7,mlp_w1,m,1024,2048,4096,0.8981385231018066,0.03237227414177253,0.007752052137842852,0.6163434495934766,0.6283646982620197,0.052590930887296744,0.051485465187030365,0.00232381355959872
a7-ol1-kappa-0p5,7,mlp_w2,h,4096,2048,1024,0.9997129440307617,0.028897017713577028,0.019667701808368267,0.05895310332850805,0.08458963251100377,0.48946702765153755,0.3416141772435054,0.0022789869800922593
a7-ol1-kappa-0p5,7,attention_output_projection,z,1024,2048,1024,1.0,0.010100740194320678,0.006818757206201553,0.014270441979169846,0.021050909906625746,0.707438298021405,0.4794702797546543,0.0
a7-ol1-kappa-0p5,8,qkv_projection,a,1024,2048,3072,0.9928860664367676,0.023038208846202963,0.007362071056713058,0.2698527981544904,0.2868969761726141,0.08538635530600938,0.08063173369542401,0.002203656313858073
a7-ol1-kappa-0p5,8,mlp_w1,m,1024,2048,4096,0.898714542388916,0.03217650059412217,0.007735936364243487,0.6199822829084753,0.6292738622932509,0.052001568590937894,0.05121002108494622,0.00232381177661129
a7-ol1-kappa-0p5,8,mlp_w2,h,4096,2048,1024,0.999713659286499,0.029237670266730152,0.019606458659443292,0.06906716100873758,0.09270038509523486,0.4205192143523623,0.31362242130364804,0.0022819252573568205
a7-ol1-kappa-0p5,8,attention_output_projection,z,1024,2048,1024,1.0,0.01009782701730728,0.006804929673671722,0.0142889142036438,0.021033014357089996,0.7072293959687477,0.48009414370524667,0.0
a7-ol1-kappa-0p5,9,qkv_projection,a,1024,2048,3072,0.9931521415710449,0.02307862158115376,0.007255438489335678,0.30065608982631403,0.3171750094250375,0.07679728514347686,0.07271939421161641,0.002227034406034491
a7-ol1-kappa-0p5,9,mlp_w1,m,1024,2048,4096,0.9017071723937988,0.03213716592368495,0.007787426769505059,0.6132599580105237,0.632923810075526,0.052332696403461464,0.050816543477021046,0.002330315247481122
a7-ol1-kappa-0p5,9,mlp_w2,h,4096,2048,1024,0.9997388124465942,0.029239822179079056,0.019688504851526685,0.06441995087597105,0.09159127457274331,0.45095957635594186,0.31827661308944144,0.002249808544015043
a7-ol1-kappa-0p5,9,attention_output_projection,z,1024,2048,1024,1.0,0.010119014233350754,0.006831448525190353,0.014278501272201538,0.021088816225528717,0.7083673547409983,0.4798284609783526,0.0
a7-ol1-kappa-0p5,10,qkv_projection,a,1024,2048,3072,0.988276481628418,0.023166911724286202,0.007443657288184533,0.32808206784419525,0.3408355055711208,0.07089785741385456,0.06786091576028214,0.0022547239981896934
a7-ol1-kappa-0p5,10,mlp_w1,m,1024,2048,4096,0.9024076461791992,0.03214809204278727,0.007760221425723653,0.628974892405182,0.6376472062508579,0.051113230733664555,0.05033963409682066,0.002334181144492184
a7-ol1-kappa-0p5,10,mlp_w2,h,4096,2048,1024,0.9997341632843018,0.029355693535340847,0.019696425259726643,0.0509700456493028,0.07744003662280216,0.5764508483312232,0.3812632612110355,0.002244503078994599
a7-ol1-kappa-0p5,10,attention_output_projection,z,1024,2048,1024,1.0,0.01011984795331955,0.006828958541154862,0.01426924169063568,0.021172402054071428,0.7096390689570439,0.47777696794105906,0.0
a7-ol1-kappa-0p5,11,qkv_projection,a,1024,2048,3072,0.9880638122558594,0.023155331238326547,0.0074106523288814405,0.3363655915091083,0.35076566616030475,0.06868807468674511,0.06598629538219607,0.0022250733225294837
a7-ol1-kappa-0p5,11,mlp_w1,m,1024,2048,4096,0.8969836235046387,0.03218692708685695,0.007807999011503166,0.6648223233749588,0.6746070003174395,0.048732376236492646,0.0476094615688273,0.002327855915556422
a7-ol1-kappa-0p5,11,mlp_w2,h,4096,2048,1024,0.9997313022613525,0.029224095922527893,0.019833071665330368,0.051766460592096504,0.07534332889499086,0.562490891604813,0.38278396976263884,0.002204890476708069
a7-ol1-kappa-0p5,11,attention_output_projection,z,1024,2048,1024,1.0,0.01009761393070221,0.006855060905218124,0.014270546287298203,0.021087992936372757,0.7071665715788965,0.47875506777654064,0.0
a7-ol1-kappa-0p5,12,qkv_projection,a,1024,2048,3072,0.9876141548156738,0.023102415753556444,0.007418399160211389,0.32429429175736785,0.3390279528614995,0.07120254467476111,0.06809780567396874,0.002253945315777729
a7-ol1-kappa-0p5,12,mlp_w1,m,1024,2048,4096,0.8970537185668945,0.03245931165487696,0.00775114449995831,0.6624038748162561,0.6716474734839036,0.049049744838924644,0.04832619336343012,0.00233594319616614
a7-ol1-kappa-0p5,12,mlp_w2,h,4096,2048,1024,0.9997133016586304,0.029199351013803776,0.020512416436419375,0.04292880393088021,0.0656027343584507,0.6791681980584392,0.4462179933394998,0.0021966103119418433
a7-ol1-kappa-0p5,12,attention_output_projection,z,1024,2048,1024,1.0,0.010114897042512894,0.006810720264911652,0.014275579899549484,0.021044773608446123,0.7087913298477079,0.4803822071697265,0.0
a7-ol1-kappa-0p5,13,qkv_projection,a,1024,2048,3072,0.9773507118225098,0.023263320326805115,0.0074929884962133455,0.4423809313290828,0.4541951860930469,0.0525842497889269,0.05123407169464769,0.00224137055750868
a7-ol1-kappa-0p5,13,mlp_w1,m,1024,2048,4096,0.8977699279785156,0.03232124604676899,0.007760038501337955,0.6686275883724815,0.6762520576778212,0.048295509994347285,0.047805558361870656,0.002326661561170251
a7-ol1-kappa-0p5,13,mlp_w2,h,4096,2048,1024,0.9996988773345947,0.029265944993498973,0.019590442580119546,0.04923965960945636,0.07537339226513942,0.5851098881857832,0.3878892282228979,0.002186896688678436
a7-ol1-kappa-0p5,13,attention_output_projection,z,1024,2048,1024,1.0,0.010143742710351945,0.00679902583360672,0.01426902785897255,0.021163275092840196,0.708733829324131,0.478368922560929,0.0
a7-ol1-kappa-0p5,14,qkv_projection,a,1024,2048,3072,0.9824037551879883,0.023211908432864404,0.007511290864955019,0.35768901621912536,0.3706437936784949,0.06491349565920211,0.0626321756616784,0.002249043233222979
a7-ol1-kappa-0p5,14,mlp_w1,m,1024,2048,4096,0.8940000534057617,0.03237204901693146,0.007785675804609758,0.7048355329115659,0.7128079501998346,0.04572388639383002,0.04539313601792918,0.00233674663004532
a7-ol1-kappa-0p5,14,mlp_w2,h,4096,2048,1024,0.9996697902679443,0.029256737806346782,0.01968739339456208,0.04707219029560742,0.07312230586401258,0.6257543634341732,0.4007330790263309,0.0021528684152118424
a7-ol1-kappa-0p5,14,attention_output_projection,z,1024,2048,1024,1.0,0.010130981355905533,0.0068345203995704654,0.014272297918796539,0.021089264005422593,0.7098517962222812,0.48038572390675166,0.0
a7-ol1-kappa-0p5,15,qkv_projection,a,1024,2048,3072,0.9680042266845703,0.023435681096969113,0.007553855257649575,0.5365154555728359,0.5488308807534557,0.043677887783752575,0.04270029245956847,0.0022617782214885683
a7-ol1-kappa-0p5,15,mlp_w1,m,1024,2048,4096,0.8890738487243652,0.03246330329824213,0.0077674290696872084,0.7383491662428163,0.7466894948288902,0.04406471856374635,0.043502240242248365,0.0023404063891251828
a7-ol1-kappa-0p5,15,mlp_w2,h,4096,2048,1024,0.9996229410171509,0.02937193922242016,0.019804800309332113,0.0528169812740769,0.08047907972945517,0.5487873100442882,0.36687492695853036,0.00216331364046291
a7-ol1-kappa-0p5,15,attention_output_projection,z,1024,2048,1024,1.0,0.010120882093906403,0.006828780472278595,0.014280113577842712,0.021051231771707535,0.7091959187378764,0.480764789939902,0.0
a7-ol1-kappa-0p5,16,qkv_projection,a,1024,2048,3072,0.9293489456176758,0.023996987347972804,0.0077482023886565506,0.7188529868064255,0.7309136783768391,0.03338232961176354,0.032825181720511395,0.002314724718648087
a7-ol1-kappa-0p5,16,mlp_w1,m,1024,2048,4096,0.8815312385559082,0.033116525160932095,0.007744512964631909,0.7736748519623391,0.7865295928215312,0.04280418974060713,0.042069180113045536,0.0023496508887368814
a7-ol1-kappa-0p5,16,mlp_w2,h,4096,2048,1024,0.9994940757751465,0.02920489220355572,0.020095685589908593,0.058232188240789434,0.08181854682588091,0.4980293168038388,0.3552413715284138,0.0021834524946841155
a7-ol1-kappa-0p5,16,attention_output_projection,z,1024,2048,1024,0.9999780654907227,0.010108543992819873,0.006832740246611081,0.023618510533445203,0.03045413801017116,0.4278619653062533,0.33177139362376734,0.0004908402610701502
a7-ol1-kappa-0p5,17,qkv_projection,a,1024,2048,3072,0.8950686454772949,0.02444061876541406,0.007744972130761075,0.8427549209726516,0.8552817805628081,0.02899901587828866,0.028580276344271,0.0023257529899265296
a7-ol1-kappa-0p5,17,mlp_w1,m,1024,2048,4096,0.8757243156433105,0.03247090320491312,0.007781831912658922,0.8135193107116162,0.8253665388229504,0.0398048105748863,0.039383627628151535,0.0023440548619016854
a7-ol1-kappa-0p5,17,mlp_w2,h,4096,2048,1024,0.9994175434112549,0.029162090813728184,0.020054855123678477,0.0687056257632533,0.09603547814192452,0.4258881662709388,0.3027799954979304,0.0021725155170334034
a7-ol1-kappa-0p5,17,attention_output_projection,z,1024,2048,1024,0.9999580383300781,0.010119851386551663,0.006857521432731932,0.02384792585966913,0.030791324786417835,0.4241767599206785,0.32864592336359855,0.0007005216710286414
a7-ol1-kappa-0p5,18,qkv_projection,a,1024,2048,3072,0.8874373435974121,0.024509616196155548,0.007780831462393205,0.8811587273764113,0.8934528838532666,0.027819867810728805,0.027435106327065244,0.002312784812494856
a7-ol1-kappa-0p5,18,mlp_w1,m,1024,2048,4096,0.8627324104309082,0.03274803867145461,0.007830147492989855,0.8701473344171707,0.8824635785800723,0.03766885024463202,0.03722828209026418,0.00235278036073688
a7-ol1-kappa-0p5,18,mlp_w2,h,4096,2048,1024,0.999342679977417,0.028655057876172636,0.019987670395186622,0.08345349710814808,0.11494229805625909,0.3378802479674953,0.25087100816909486,0.0021822789516227903
a7-ol1-kappa-0p5,18,attention_output_projection,z,1024,2048,1024,0.9999203681945801,0.010115702394487025,0.006871324232655638,0.02987070663008946,0.036640442418651095,0.33864958468365264,0.2760363762294359,0.0011097293919162458
a7-ol1-kappa-0p5,19,qkv_projection,a,1024,2048,3072,0.8405404090881348,0.02505712557670682,0.007807385436324186,0.9785840547708577,0.990495388937551,0.025614711790709267,0.02529882156925338,0.002237737582409554
a7-ol1-kappa-0p5,19,mlp_w1,m,1024,2048,4096,0.8554286956787109,0.03269574471882412,0.0077864740576062885,0.9076262159006936,0.9106471283095223,0.03602335867566155,0.03588106579842242,0.0023519717452110244
a7-ol1-kappa-0p5,19,mlp_w2,h,4096,2048,1024,0.9993538856506348,0.028594202954904932,0.02081439747772547,0.08991890584898235,0.11539941877878734,0.31865598194157985,0.24778463581101765,0.0021809097267583
a7-ol1-kappa-0p5,19,attention_output_projection,z,1024,2048,1024,0.9990754127502441,0.010143874142571016,0.006860890960486168,0.030575453088122224,0.03733731514914742,0.3316200213371535,0.2715654530482291,0.0019738189657183443
a7-ol1-kappa-0p5,20,qkv_projection,a,1024,2048,3072,0.8376507759094238,0.025052622140172016,0.007800331496330629,1.0256389582372574,1.0374877601861954,0.024432152479577408,0.024139035753256793,0.0023611316616099103
a7-ol1-kappa-0p5,20,mlp_w1,m,1024,2048,4096,0.8384108543395996,0.032924052338424555,0.007845841284851853,0.98223414367049,0.984157237722921,0.033540915241618244,0.03345405701085132,0.002346105315037594
a7-ol1-kappa-0p5,20,mlp_w2,h,4096,2048,1024,0.9990079402923584,0.02870471143978648,0.02106848478433676,0.1104494476749096,0.14447640933212824,0.25886814609097436,0.1976730978386771,0.002215185930850905
a7-ol1-kappa-0p5,20,attention_output_projection,z,1024,2048,1024,0.9956812858581543,0.010114127893500146,0.006963721164198259,0.02638805485003376,0.033523694356401346,0.3831763529817425,0.30166798234352515,0.0023034798258325037
a7-ol1-kappa-0p5,21,qkv_projection,a,1024,2048,3072,0.794701099395752,0.025748603745185828,0.007818697146999025,1.0789019149098196,1.0891304770333867,0.023876485456529994,0.02363975782887288,0.0022550540569421015
a7-ol1-kappa-0p5,21,mlp_w1,m,1024,2048,4096,0.8074665069580078,0.03313733728958179,0.007870127853837986,1.0944098282400458,1.0881469039469476,0.030301307720069833,0.030404728319606434,0.002355671441091785
a7-ol1-kappa-0p5,21,mlp_w2,h,4096,2048,1024,0.9985898733139038,0.028570148243800105,0.02055763323235032,0.09831372685980477,0.1287395415840133,0.2914021510801529,0.22184189183814232,0.002275343561214208
a7-ol1-kappa-0p5,21,attention_output_projection,z,1024,2048,1024,0.9849061965942383,0.010175299321237083,0.0072293081696943534,0.046867653172685826,0.053956481548627644,0.21722771068957328,0.18874151912375695,0.0022409100472099448
a7-ol1-kappa-0p5,22,qkv_projection,a,1024,2048,3072,0.7381839752197266,0.02602933352175741,0.007896650075120387,1.1293326946984097,1.1396602637744029,0.02304884406534839,0.022811595226049544,0.0023619956216130397
a7-ol1-kappa-0p5,22,mlp_w1,m,1024,2048,4096,0.7444510459899902,0.03366596856207218,0.007879705923908163,1.2535626595875002,1.2701927772108115,0.02690849904271735,0.026470503797736383,0.002302599589786119
a7-ol1-kappa-0p5,22,mlp_w2,h,4096,2048,1024,0.997321605682373,0.028521750391144112,0.020554852239864387,0.1073624454822737,0.1388061230944604,0.26569550435647105,0.20411477144913098,0.0023131815861831503
a7-ol1-kappa-0p5,22,attention_output_projection,z,1024,2048,1024,0.9709439277648926,0.010180665830676065,0.007405400099638085,0.059441042655311215,0.06715070789836484,0.17096290142399445,0.15179778125059065,0.002365336195420395
a7-ol1-kappa-0p5,23,qkv_projection,a,1024,2048,3072,0.6969466209411621,0.026388731446227616,0.007909765301367664,0.7459671108549175,0.7557252426995743,0.035361329758683106,0.034904734559143384,0.002792840182985478
a7-ol1-kappa-0p5,23,mlp_w1,m,1024,2048,4096,0.694399356842041,0.034338567687683744,0.007935212690289281,1.3968292154183908,1.4059618428474714,0.024593445190347122,0.024365331671934384,0.0021396817837174985
a7-ol1-kappa-0p5,23,mlp_w2,h,4096,2048,1024,0.9829802513122559,0.027713508888723093,0.0217836477345574,0.256663957553512,0.2869047898379609,0.10807893564124446,0.09535562632408577,0.002317077301767726
a7-ol1-kappa-0p5,23,attention_output_projection,z,1024,2048,1024,0.9265317916870117,0.010216562978682979,0.007613374981828915,0.12322182616879863,0.1305616638993704,0.08304227758619402,0.07840568488550455,0.002318271948801515
