kappa,pressure,validation_loss,train_loss,R_model,R_block,R_model_max,attempt_id,pressure_capture_tensor_count,trust_saturated_boundaries,maximum_pressure_task_step_ratio,exact_zero_a,exact_zero_h,exact_zero_k_post,exact_zero_m,exact_zero_q_post,exact_zero_v,exact_zero_z
0.0,none,5.468401059596496,5.54672746360302,0.07217650871804772,0.24097088782323936,0.2995237697384911,001-20260831-005745-6f0b05f1,,,,0.48589665414783845,0.686892755403086,1.8810144307815583e-09,0.497899478709204,1.5048115446252466e-08,3.7620288615631164e-08,0.5522075987896741
0.0,h,5.219826960704736,5.276138827204704,0.08399380062941472,0.28042449086010174,0.2995237697384911,001-20260916-204150-a19b77ef,6,2,0.9999999999999464,0.49378350312422953,0.9347510394260022,1.8810144307815582e-08,0.497445518448508,2.069115873859714e-08,6.019246178500986e-08,0.643939473455004
0.0,all7,5.480183674738957,5.5597687512636185,0.0705422917861371,0.23551483692838915,0.2995237697384911,001-20260831-122537-35dd4889,42,712,0.999999999999999,0.4858265167627579,0.6827663980292146,1.5048115446252466e-08,0.4950253112311429,2.069115873859714e-08,6.583550507735454e-08,0.42760534305309167
0.01,none,5.458821875103832,5.540279686450958,0.07617648872497619,0.25432535384916044,0.2995237697384911,002-20260831-005744-1a6c84bc,,,,0.49063737105570837,0.712751001060832,0.004066446593997511,0.5032972941502076,0.003985451993622488,0.01654445302086704,0.5904121869179388
0.01,h,5.198101864763971,5.251240521669388,0.08856061950388998,0.2956714239447864,0.2995237697384911,002-20260916-204722-62bc1055,6,2,0.9999999999999485,0.49975357958550987,0.9485761573799028,0.00892932598407452,0.5040007954283344,0.005150723504361786,0.017843822050376757,0.7165651923335751
0.01,all7,5.475797046571088,5.551950588822365,0.07723392871636932,0.25785575810494404,0.2995237697384911,002-20260831-120213-d99dacb3,42,712,0.9999999999999991,0.4919614490907808,0.7104953233542056,0.014956152650731556,0.5010329665987214,0.013726304033569095,0.02337595696985369,0.4893297688260351
0.05,none,5.437888173661994,5.513441890478134,0.09126923722094463,0.3047145049644313,0.2995237697384911,003-20260831-005747-b39b4dc0,,,,0.5103570441522541,0.812978937310815,0.017161388133874775,0.5268111652171118,0.018396544973760903,0.07312497396676028,0.7801843752287314
0.05,h,5.194958627576659,5.2474139630794525,0.10126068963000617,0.3380722996322298,0.2995237697384911,003-20260916-204722-d7c4a3d8,6,2,0.9999999999999788,0.5175519488031812,0.9794775409811347,0.03584747389693702,0.524269626925918,0.02286104055551382,0.06733328162800865,0.9012481531447912
0.05,all7,5.46281109476936,5.53746971487999,0.09863031588136074,0.32929044652273554,0.2995237697384911,003-20260831-120427-8f1cb9f2,42,712,0.999999999999999,0.5103598487447705,0.8105232203030257,0.058171490475506,0.5224095726389386,0.054274747122439175,0.10525713775755151,0.7206729140272272
0.1,none,5.428680648465129,5.50283145904541,0.10425018105347987,0.3480531149314088,0.2995237697384911,004-20260831-005745-4358dc28,,,,0.5305225985525157,0.9135296448212874,0.03227091117723454,0.5507480933586286,0.0315012414544762,0.11355038178272736,0.9005154848569008
0.1,h,5.237395131376368,5.297404587268829,0.10903596962720195,0.3640311075224491,0.2995237697384911,004-20260916-204721-b9dfc815,6,2,0.999999999999939,0.535210831395738,0.9913346405330259,0.06306300831029166,0.5454687949938651,0.04072768307296482,0.08403409773546328,0.9681962030173759
0.1,all7,5.429496900569758,5.500381126999855,0.11796760377518327,0.3938505577643427,0.2995237697384911,004-20260831-120424-d743fe3d,42,712,0.9999999999999989,0.5310411472057215,0.9160739138751811,0.08544486043956388,0.5487361490373781,0.08227452159633297,0.18819220766748432,0.888964523225141
0.5,none,5.70292312576926,5.786563023924828,0.15386813064155969,0.5137092484376089,0.2995237697384911,005-20260831-005744-c27e6b75,,,,0.6230614265276365,0.9985878613338433,0.18133821619097767,0.6572105625912518,0.17434734893738635,0.31255165641829813,0.9986547285753359
0.5,h,5.732049095560107,5.81278620660305,0.16663640299893026,0.5563378263582137,0.2995237697384911,005-20260916-203950-9a9e1fbf,6,1,0.9999999999997666,0.6392893499641493,0.999478094206289,0.31668922040589464,0.6741088833329241,0.31148029455301557,0.25756877884121804,0.9992752959272095
0.5,all7,5.829389594715728,5.921474382281303,0.27482684296304843,0.9175460204810952,0.2995237697384911,005-20260831-120353-af6ed1ca,42,605,0.9999999999999981,0.7573245648566552,0.9987642059664754,0.9454127731172761,0.686977367664465,0.9354498297034871,0.987132520130165,0.9991823155028815
