condition,family,dose,mode,latency_ms,qualified,R_model,zero_products,model_products,speedup_over_native
c01,A0,,native,2.330024028196931,True,1.1415112639303073e-08,72635,6363055915008,1.0
c01,A0,,fusion_dense,1.8360880203545094,True,1.1415112639303073e-08,72635,6363055915008,1.2697846605846206
c01,A0,,sparse,2.4217384634539485,False,1.1415112639303073e-08,72635,6363055915008,0.9696652802852134
c01,A0,,no_skip,2.4191184202209115,False,1.1415112639303073e-08,72635,6363055915008,0.970456028864392
c02,A1-H,,native,2.3106695152819157,True,0.027141299328466276,172701605233,6363055915008,1.0
c02,A1-H,,fusion_dense,1.8167480593547225,True,0.027141299328466276,172701605233,6363055915008,1.2717943520257575
c02,A1-H,,sparse,1.5521399909630418,False,0.027141299328466276,172701605233,6363055915008,1.489447505099157
c02,A1-H,,no_skip,2.389433910138905,False,0.027141299328466276,172701605233,6363055915008,0.9732484205664523
c03,A1-H+L1,0.05,native,2.324179047718644,True,0.031415948615272964,199901437662,6363055915008,1.0
c03,A1-H+L1,0.05,fusion_dense,1.8308480503037572,True,0.031415948615272964,199901437662,6363055915008,1.2698337007906169
c03,A1-H+L1,0.05,sparse,1.5587599482387304,False,0.031415948615272964,199901437662,6363055915008,1.4914109124012376
c03,A1-H+L1,0.05,no_skip,2.3988339817151427,False,0.031415948615272964,199901437662,6363055915008,0.9751113366131714
c04,A1-H+L1,0.1,native,2.323320019058883,True,0.03336306479694562,212291046799,6363055915008,1.0
c04,A1-H+L1,0.1,fusion_dense,1.8248725682497025,True,0.03336306479694562,212291046799,6363055915008,1.2723398813145956
c04,A1-H+L1,0.1,sparse,1.5526750357821584,False,0.03336306479694562,212291046799,6363055915008,1.495151532457626
c04,A1-H+L1,0.1,no_skip,2.3970489855855703,False,0.03336306479694562,212291046799,6363055915008,0.9716588188328842
c05,A1-H+L1,0.5,native,2.381733967922628,True,0.03787578105538257,241005712680,6363055915008,1.0
c05,A1-H+L1,0.5,fusion_dense,1.883157528936863,True,0.03787578105538257,241005712680,6363055915008,1.2670537649231723
c05,A1-H+L1,0.5,sparse,1.5899044228717685,False,0.03787578105538257,241005712680,6363055915008,1.4991989563064687
c05,A1-H+L1,0.5,no_skip,2.406924031674862,False,0.03787578105538257,241005712680,6363055915008,0.9956424374538272
c06,A1-H+L1,1.0,native,2.3130744230002165,True,0.03949334258831262,251298347160,6363055915008,1.0
c06,A1-H+L1,1.0,fusion_dense,1.8223525257781148,True,0.03949334258831262,251298347160,6363055915008,1.2696758347493615
c06,A1-H+L1,1.0,sparse,1.545539009384811,False,0.03949334258831262,251298347160,6363055915008,1.4973090838244798
c06,A1-H+L1,1.0,no_skip,2.391663962043822,False,0.03949334258831262,251298347160,6363055915008,0.9756443961833082
c07,A1-H+OL1,0.05,native,2.328599337488413,True,0.0314522677294041,200132538216,6363055915008,1.0
c07,A1-H+OL1,0.05,fusion_dense,1.837917952798307,True,0.0314522677294041,200132538216,6363055915008,1.2692170107433953
c07,A1-H+OL1,0.05,sparse,1.5690299915149808,False,0.0314522677294041,200132538216,6363055915008,1.4855487722277518
c07,A1-H+OL1,0.05,no_skip,2.399209071882069,False,0.0314522677294041,200132538216,6363055915008,0.9749909974584137
c08,A1-H+OL1,0.1,native,2.3305690847337246,True,0.03338578566957837,212435620982,6363055915008,1.0
c08,A1-H+OL1,0.1,fusion_dense,1.837387913838029,True,0.03338578566957837,212435620982,6363055915008,1.2684837210818107
c08,A1-H+OL1,0.1,sparse,1.562370453029871,True,0.03338578566957837,212435620982,6363055915008,1.4899638823287844
c08,A1-H+OL1,0.1,no_skip,2.396504976786673,True,0.03338578566957837,212435620982,6363055915008,0.9731694866549648
c09,A1-H+OL1,0.5,native,2.3191695800051093,True,0.03767997558790878,239759791542,6363055915008,1.0
c09,A1-H+OL1,0.5,fusion_dense,1.826892956160009,True,0.03767997558790878,239759791542,6363055915008,1.2687469205660347
c09,A1-H+OL1,0.5,sparse,1.5520299784839153,False,0.03767997558790878,239759791542,6363055915008,1.4951580425714333
c09,A1-H+OL1,0.5,no_skip,2.3958890233188868,False,0.03767997558790878,239759791542,6363055915008,0.971904737068254
c10,A1-H+OL1,1.0,native,2.3286790819838643,True,0.03938363148105149,250600249250,6363055915008,1.0
c10,A1-H+OL1,1.0,fusion_dense,1.8378974637016654,True,0.03938363148105149,250600249250,6363055915008,1.271766605379891
c10,A1-H+OL1,1.0,sparse,1.5636638272553682,False,0.03938363148105149,250600249250,6363055915008,1.4951021021715258
c10,A1-H+OL1,1.0,no_skip,2.4017239920794964,False,0.03938363148105149,250600249250,6363055915008,0.9800603683242988
c11,A4,0.0,native,3.2169435871765018,True,0.07212018636951158,458904778470,6363055915008,1.0
c11,A4,0.0,fusion_dense,2.5958429323509336,True,0.07212018636951158,458904778470,6363055915008,1.2423570452409614
c11,A4,0.0,sparse,2.067810855805874,False,0.07212018636951158,458904778470,6363055915008,1.5577828367874285
c11,A4,0.0,no_skip,2.542662899941206,False,0.07212018636951158,458904778470,6363055915008,1.2750527230342517
c12,A4,0.01,native,3.2493131002411246,True,0.07413704224307557,471738145166,6363055915008,1.0
c12,A4,0.01,fusion_dense,2.6073670014739037,True,0.07413704224307557,471738145166,6363055915008,1.2474610102279533
c12,A4,0.01,sparse,2.0766265224665403,False,0.07413704224307557,471738145166,6363055915008,1.5639696644923289
c12,A4,0.01,no_skip,2.552692429162562,False,0.07413704224307557,471738145166,6363055915008,1.2791922573163383
c13,A4,0.05,native,3.256123047322035,True,0.08205892926203266,522145555220,6363055915008,1.0
c13,A4,0.05,fusion_dense,2.616037498228252,True,0.08205892926203266,522145555220,6363055915008,1.2453413446681791
c13,A4,0.05,sparse,2.0813459996134043,False,0.08205892926203266,522145555220,6363055915008,1.5641736993229047
c13,A4,0.05,no_skip,2.5489169638603926,False,0.08205892926203266,522145555220,6363055915008,1.2772150928497399
c14,A4,0.1,native,3.1911139376461506,True,0.08953004995419465,569684713932,6363055915008,1.0
c14,A4,0.1,fusion_dense,2.5634784251451492,True,0.08953004995419465,569684713932,6363055915008,1.248588982601133
c14,A4,0.1,sparse,2.0480124512687325,False,0.08953004995419465,569684713932,6363055915008,1.5609240224197298
c14,A4,0.1,no_skip,2.54102295730263,False,0.08953004995419465,569684713932,6363055915008,1.2653586366878398
c15,A4,0.5,native,3.1783950980752707,True,0.10215537061773293,650020335259,6363055915008,1.0
c15,A4,0.5,fusion_dense,2.552494523115456,True,0.10215537061773293,650020335259,6363055915008,1.2490321739280923
c15,A4,0.5,sparse,2.043285872787237,True,0.10215537061773293,650020335259,6363055915008,1.5606132164075899
c15,A4,0.5,no_skip,2.5404179468750954,True,0.10215537061773293,650020335259,6363055915008,1.255444929816379
c16,A4+OL1@4,0.0,native,3.182913060300052,True,0.0781004229286857,496957358081,6363055915008,1.0
c16,A4+OL1@4,0.0,fusion_dense,2.5470524560660124,True,0.0781004229286857,496957358081,6363055915008,1.2503830221992105
c16,A4+OL1@4,0.0,sparse,2.035926445387304,False,0.0781004229286857,496957358081,6363055915008,1.5664241155778231
c16,A4+OL1@4,0.0,no_skip,2.543802955187857,False,0.0781004229286857,496957358081,6363055915008,1.2685767487934303
c17,A4+OL1@4,0.01,native,3.209873102605343,True,0.08586708994090508,546377094553,6363055915008,1.0
c17,A4+OL1@4,0.01,fusion_dense,2.5743269361555576,True,0.08586708994090508,546377094553,6363055915008,1.2468646035088309
c17,A4+OL1@4,0.01,sparse,2.0535410149022937,False,0.08586708994090508,546377094553,6363055915008,1.564229471078309
c17,A4+OL1@4,0.01,no_skip,2.546283067204058,False,0.08586708994090508,546377094553,6363055915008,1.266718372212393
c18,A4+OL1@4,0.05,native,3.1966830138117075,True,0.1045644512413755,665349449971,6363055915008,1.0
c18,A4+OL1@4,0.05,fusion_dense,2.5644629495218396,True,0.1045644512413755,665349449971,6363055915008,1.2476865521477059
c18,A4+OL1@4,0.05,sparse,2.0444210385903716,False,0.1045644512413755,665349449971,6363055915008,1.5644233673734786
c18,A4+OL1@4,0.05,no_skip,2.539612934924662,False,0.1045644512413755,665349449971,6363055915008,1.2579914165524817
c19,A4+OL1@4,0.1,native,3.1577289337292314,True,0.11394280537892908,725024441739,6363055915008,1.0
c19,A4+OL1@4,0.1,fusion_dense,2.533116959966719,True,0.11394280537892908,725024441739,6363055915008,1.246496802491084
c19,A4+OL1@4,0.1,sparse,2.0243010949343443,False,0.11394280537892908,725024441739,6363055915008,1.5599956986652952
c19,A4+OL1@4,0.1,no_skip,2.534182509407401,False,0.11394280537892908,725024441739,6363055915008,1.246814451525142
c20,A4+OL1@4,0.5,native,3.2110584434121847,True,0.12713448684742273,808963848536,6363055915008,1.0
c20,A4+OL1@4,0.5,fusion_dense,2.5777785340324044,True,0.12713448684742273,808963848536,6363055915008,1.2480505182282586
c20,A4+OL1@4,0.5,sparse,2.0578375551849604,True,0.12713448684742273,808963848536,6363055915008,1.560961724383091
c20,A4+OL1@4,0.5,no_skip,2.542027970775962,True,0.12713448684742273,808963848536,6363055915008,1.2713045154623097
c21,A7,0.0,native,3.164122928865254,True,0.07217650871804772,459263160723,6363055915008,1.0
c21,A7,0.0,fusion_dense,2.5230684550479054,True,0.07217650871804772,459263160723,6363055915008,1.2523887991069511
c21,A7,0.0,sparse,2.016596030443907,False,0.07217650871804772,459263160723,6363055915008,1.569048207607793
c21,A7,0.0,no_skip,2.535443054512143,False,0.07217650871804772,459263160723,6363055915008,1.2613587321828323
c22,A7,0.01,native,3.6616745637729764,True,0.07617648872497619,484715257166,6363055915008,1.0
c22,A7,0.01,fusion_dense,2.543383394367993,True,0.07617648872497619,484715257166,6363055915008,1.438504954832088
c22,A7,0.01,sparse,2.034331555478275,False,0.07617648872497619,484715257166,6363055915008,1.8014478449687896
c22,A7,0.01,no_skip,2.5423794286325574,False,0.07617648872497619,484715257166,6363055915008,1.4468932811296762
c23,A7,0.05,native,3.6433314671739936,True,0.09126923722094463,580751259757,6363055915008,1.0
c23,A7,0.05,fusion_dense,2.5272180791944265,True,0.09126923722094463,580751259757,6363055915008,1.4428904799753015
c23,A7,0.05,sparse,2.0214461255818605,False,0.09126923722094463,580751259757,6363055915008,1.8066807662199147
c23,A7,0.05,no_skip,2.533907420001924,False,0.09126923722094463,580751259757,6363055915008,1.4494148095723003
c24,A7,0.1,native,3.6993399262428284,True,0.10425018105347987,663349731193,6363055915008,1.0
c24,A7,0.1,fusion_dense,2.569122356362641,True,0.10425018105347987,663349731193,6363055915008,1.4393501684426913
c24,A7,0.1,sparse,2.0572510547935963,False,0.10425018105347987,663349731193,6363055915008,1.7981844367832087
c24,A7,0.1,no_skip,2.544008078984916,False,0.10425018105347987,663349731193,6363055915008,1.4617092384030153
c25,A7,0.5,native,3.7505299551412463,True,0.15386813064155969,979071518810,6363055915008,1.0
c25,A7,0.5,fusion_dense,2.6071725878864527,True,0.15386813064155969,979071518810,6363055915008,1.4413395005975476
c25,A7,0.5,sparse,2.084811101667583,True,0.15386813064155969,979071518810,6363055915008,1.8034279578083576
c25,A7,0.5,no_skip,2.5472581619396806,True,0.15386813064155969,979071518810,6363055915008,1.4810640890485123
c26,A7+OL1@7,0.0,native,3.1636980129405856,True,0.0705422917861371,448864547008,6363055915008,1.0
c26,A7+OL1@7,0.0,fusion_dense,2.5199929950758815,True,0.0705422917861371,448864547008,6363055915008,1.2573292826012257
c26,A7+OL1@7,0.0,sparse,2.018356928601861,False,0.0705422917861371,448864547008,6363055915008,1.569671616119047
c26,A7+OL1@7,0.0,no_skip,2.5392473908141255,False,0.0705422917861371,448864547008,6363055915008,1.2616297767710105
c27,A7+OL1@7,0.01,native,3.695720457471907,True,0.07723392871636932,491443806958,6363055915008,1.0
c27,A7+OL1@7,0.01,fusion_dense,2.5664379354566336,True,0.07723392871636932,491443806958,6363055915008,1.439422360117047
c27,A7+OL1@7,0.01,sparse,2.0555760711431503,False,0.07723392871636932,491443806958,6363055915008,1.8000995095645733
c27,A7+OL1@7,0.01,no_skip,2.5438680313527584,False,0.07723392871636932,491443806958,6363055915008,1.4569685260594643
c28,A7+OL1@7,0.05,native,3.7370750214904547,True,0.09863031588136074,627590214868,6363055915008,1.0
c28,A7+OL1@7,0.05,fusion_dense,2.5997889460995793,True,0.09863031588136074,627590214868,6363055915008,1.441341254756365
c28,A7+OL1@7,0.05,sparse,2.0650719525292516,False,0.09863031588136074,627590214868,6363055915008,1.8093142739527286
c28,A7+OL1@7,0.05,no_skip,2.54532799590379,False,0.09863031588136074,627590214868,6363055915008,1.4679543517364062
c29,A7+OL1@7,0.1,native,3.7313300417736173,True,0.11796760377518327,750634458981,6363055915008,1.0
c29,A7+OL1@7,0.1,fusion_dense,2.5929074035957456,True,0.11796760377518327,750634458981,6363055915008,1.437946598564162
c29,A7+OL1@7,0.1,sparse,2.0677115535363555,False,0.11796760377518327,750634458981,6363055915008,1.804119116170495
c29,A7+OL1@7,0.1,no_skip,2.5432929396629333,False,0.11796760377518327,750634458981,6363055915008,1.4637218037620896
c30,A7+OL1@7,0.5,native,3.6792008904740214,True,0.27482684296304843,1748738568719,6363055915008,1.0
c30,A7+OL1@7,0.5,fusion_dense,2.548477961681783,True,0.27482684296304843,1748738568719,6363055915008,1.4434166726972004
c30,A7+OL1@7,0.5,sparse,2.0338809117674828,True,0.27482684296304843,1748738568719,6363055915008,1.8076149195780298
c30,A7+OL1@7,0.5,no_skip,2.5438435841351748,True,0.27482684296304843,1748738568719,6363055915008,1.4619368593467055
c31,A4+OL1@h,0.0,native,3.1863085459917784,True,0.08409413096369549,535095657446,6363055915008,1.0
c31,A4+OL1@h,0.0,fusion_dense,2.558153006248176,True,0.08409413096369549,535095657446,6363055915008,1.2469238924213553
c31,A4+OL1@h,0.0,sparse,2.0466470159590244,False,0.08409413096369549,535095657446,6363055915008,1.56258708359245
c31,A4+OL1@h,0.0,no_skip,2.5447075022384524,False,0.08409413096369549,535095657446,6363055915008,1.261184073900594
c32,A4+OL1@h,0.01,native,3.2189484918490052,True,0.08585803145992206,546319454932,6363055915008,1.0
c32,A4+OL1@h,0.01,fusion_dense,2.581708016805351,True,0.08585803145992206,546319454932,6363055915008,1.2495856180562532
c32,A4+OL1@h,0.01,sparse,2.0654565887525678,False,0.08585803145992206,546319454932,6363055915008,1.560956888246819
c32,A4+OL1@h,0.01,no_skip,2.544702962040901,False,0.08585803145992206,546319454932,6363055915008,1.2700861466382147
c33,A4+OL1@h,0.05,native,3.2194434897974133,True,0.09035629014573529,574942126470,6363055915008,1.0
c33,A4+OL1@h,0.05,fusion_dense,2.588848117738962,True,0.09035629014573529,574942126470,6363055915008,1.2461411224058019
c33,A4+OL1@h,0.05,sparse,2.0621420117095113,False,0.09035629014573529,574942126470,6363055915008,1.562332095036668
c33,A4+OL1@h,0.05,no_skip,2.545467927120626,False,0.09035629014573529,574942126470,6363055915008,1.2658677590655474
c34,A4+OL1@h,0.1,native,3.2132690539583564,True,0.093434850267421,594531176662,6363055915008,1.0
c34,A4+OL1@h,0.1,fusion_dense,2.5865724310278893,True,0.093434850267421,594531176662,6363055915008,1.243318413495772
c34,A4+OL1@h,0.1,sparse,2.0734110148623586,False,0.093434850267421,594531176662,6363055915008,1.5570629964814435
c34,A4+OL1@h,0.1,no_skip,2.5502131320536137,False,0.093434850267421,594531176662,6363055915008,1.2703569425203864
c35,A4+OL1@h,0.5,native,3.1807085033506155,True,0.10227390354799072,650774566922,6363055915008,1.0
c35,A4+OL1@h,0.5,fusion_dense,2.5518176844343543,True,0.10227390354799072,650774566922,6363055915008,1.2462072383240879
c35,A4+OL1@h,0.5,sparse,2.036080928519368,True,0.10227390354799072,650774566922,6363055915008,1.5616967657629028
c35,A4+OL1@h,0.5,no_skip,2.5366373592987657,True,0.10227390354799072,650774566922,6363055915008,1.256241848817127
