condition,family,dose,historical,R_model,R_model_percent,zero_products,model_products,eligible_BF16_zero_fraction,eligible_BF16_zero_products,eligible_products,eligible_zero_share_of_model,native_validation_loss,replicates,pairs,native_latency_ms,native_qualified,native_max_abs_logit_difference,native_max_loss_delta,native_max_relative_l2,native_failed_validation_blocks,native_failed_processes,fusion_dense_latency_ms,fusion_dense_qualified,fusion_dense_max_abs_logit_difference,fusion_dense_max_loss_delta,fusion_dense_max_relative_l2,fusion_dense_failed_validation_blocks,fusion_dense_failed_processes,sparse_latency_ms,sparse_qualified,sparse_max_abs_logit_difference,sparse_max_loss_delta,sparse_max_relative_l2,sparse_failed_validation_blocks,sparse_failed_processes,no_skip_latency_ms,no_skip_qualified,no_skip_max_abs_logit_difference,no_skip_max_loss_delta,no_skip_max_relative_l2,no_skip_failed_validation_blocks,no_skip_failed_processes,overall_speedup,overall_ci_low,overall_ci_high,overall_qualified,beyond_qkv_fusion_speedup,beyond_qkv_fusion_ci_low,beyond_qkv_fusion_ci_high,beyond_qkv_fusion_qualified,skip_only_speedup,skip_only_ci_low,skip_only_ci_high,skip_only_qualified,qkv_fusion_speedup,qkv_fusion_ci_low,qkv_fusion_ci_high,qkv_fusion_qualified,mean_total_saved_ms,mean_skip_saved_ms,mean_non_skip_net_saved_ms,skip_share_of_total_latency_saving
c01,A0,,False,1.1415112639303073e-08,1.1415112639303074e-06,72635,6363055915008,6.3954490646572976e-09,2176,340241940480,3.4197404974356006e-10,5.209999415744384,3,1344,2.330024028196931,True,0.0,0.0,0.0,0,0,1.8360880203545094,True,0.0,0.0,0.0,0,0,2.4217384634539485,False,0.375,5.318343628868405e-05,0.0023095477372407913,1,3,2.4191184202209115,False,0.375,5.318343628868405e-05,0.0023095477372407913,1,3,0.9696652802852134,0.9669086630796004,0.9728497035560495,False,0.7636454513781655,0.7607490834887844,0.7668478468003099,False,0.9991851783536201,0.9982001307906304,1.0003118107416644,False,1.2697846605846206,1.2642879706313643,1.2750500084779735,True,-0.07136673524482398,-0.0019688129777066586,-0.06939792226711733,
c02,A1-H,,False,0.027141299328466276,2.7141299328466277,172701605233,6363055915008,0.5075348453408868,172684640640,340241940480,0.02713863322066735,5.2712402795414,3,1344,2.3106695152819157,True,0.0,0.0,0.0,0,0,1.8167480593547225,True,0.0,0.0,0.0,0,0,1.5521399909630418,False,0.4375,7.983866968430675e-06,0.0030381791293621063,3,3,2.389433910138905,False,0.4375,7.983866968430675e-06,0.0030381791293621063,3,3,1.489447505099157,1.4853382074911199,1.4931215428510007,False,1.1711386378833293,1.1669756554527484,1.1760092770205843,False,1.5303877957821552,1.5215441604369107,1.5413756522085675,False,1.2717943520257575,1.2642868721996345,1.2786431867266943,True,0.7658025388082024,0.8288478708155231,-0.06304533200732076,1.0823258331128498
c03,A1-H+L1,0.05,False,0.031415948615272964,3.141594861527296,199901437662,6363055915008,0.5874995320036096,199891980800,340241940480,0.03141446240139612,5.208156718358633,3,1344,2.324179047718644,True,0.0,0.0,0.0,0,0,1.8308480503037572,True,0.0,0.0,0.0,0,0,1.5587599482387304,False,0.375,5.328223778988672e-05,0.0028688719030469656,7,3,2.3988339817151427,False,0.375,5.328223778988672e-05,0.0028688719030469656,7,3,1.4914109124012376,1.4841597185524673,1.4992563395188392,False,1.1744930942316805,1.1717813855186248,1.1776564662421318,False,1.5294775646659138,1.5124806417815317,1.5444421009295264,False,1.2698337007906169,1.26560814029876,1.2749839289145846,True,0.771925265629155,0.8305886545886529,-0.058663388959497964,1.0759962027045256
c04,A1-H+L1,0.1,False,0.03336306479694562,3.336306479694562,212291046799,6363055915008,0.6239396161111384,212290425728,340241940480,0.03336296719117124,5.166843815875195,3,1344,2.323320019058883,True,0.0,0.0,0.0,0,0,1.8248725682497025,True,0.0,0.0,0.0,0,0,1.5526750357821584,False,0.375,2.934475138438586e-05,0.00257988553494215,2,3,2.3970489855855703,False,0.375,2.934475138438586e-05,0.00257988553494215,2,3,1.495151532457626,1.4876795360224013,1.5027995211837974,False,1.1751196000496495,1.1726905553193852,1.1781290076830113,False,1.5387618611371627,1.5218385216568706,1.5504435459321515,False,1.2723398813145956,1.2680969937720603,1.2772995474143993,True,0.7741763616823369,0.8395618391486572,-0.06538547746632029,1.0844581166547547
c05,A1-H+L1,0.5,False,0.03787578105538257,3.7875781055382567,241005712680,6363055915008,0.7082526995115261,240977272832,340241940480,0.03787131152873061,5.113607762141722,3,1344,2.381733967922628,True,0.0,0.0,0.0,0,0,1.883157528936863,True,0.0,0.0,0.0,0,0,1.5899044228717685,False,0.5,2.2195051370133e-06,0.002483343705534935,2,3,2.406924031674862,False,0.5,2.2195051370133e-06,0.002483343705534935,2,3,1.4991989563064687,1.4927573088564523,1.5063510833877864,False,1.1832165278301137,1.179335897513576,1.1870774452118347,False,1.5057604014352735,1.4925886047733052,1.5147969438104147,False,1.2670537649231723,1.264255417810401,1.271214112107212,True,0.7997735478316567,0.8090966782349694,-0.009323130403312785,1.0116572127555226
c06,A1-H+L1,1.0,False,0.03949334258831262,3.9493342588312625,251298347160,6363055915008,0.7385686174652281,251292019584,340241940480,0.03949234816423644,5.104028880446435,3,1344,2.3130744230002165,True,0.0,0.0,0.0,0,0,1.8223525257781148,True,0.0,0.0,0.0,0,0,1.545539009384811,False,0.5,3.0143279225569586e-05,0.0023540817201137543,2,3,2.391663962043822,False,0.5,3.0143279225569586e-05,0.0023540817201137543,2,3,1.4973090838244798,1.4908516148782804,1.505858024141871,False,1.1792845408608206,1.175659523575359,1.1846473537081208,False,1.5346873201772164,1.5235344149986152,1.5462450921136275,False,1.2696758347493615,1.2658381327342092,1.2740393125684222,True,0.7770297892247549,0.8334932205062138,-0.05646343128145892,1.072665722813269
c07,A1-H+OL1,0.05,False,0.0314522677294041,3.14522677294041,200132538216,6363055915008,0.5881337355814977,200107763456,340241940480,0.03144837419769058,5.199086582527007,3,1344,2.328599337488413,True,0.0,0.0,0.0,0,0,1.837917952798307,True,0.0,0.0,0.0,0,0,1.5690299915149808,False,0.375,4.9446622393034545e-05,0.0024216289166361094,4,3,2.399209071882069,False,0.375,4.9446622393034545e-05,0.0024216289166361094,4,3,1.4855487722277518,1.4783727919601284,1.4918591026267178,False,1.1704450536458288,1.1675221411671712,1.1735373468484476,False,1.5236538348561677,1.5101258212328637,1.5328080302862426,False,1.2692170107433953,1.2656740399104809,1.273782745939506,True,0.7662429636097624,0.8253052867422368,-0.05906232313247439,1.077080411745946
c08,A1-H+OL1,0.1,False,0.03338578566957837,3.3385785669578376,212435620982,6363055915008,0.6242569127731775,212398383360,340241940480,0.033379933509468926,5.160890057213183,3,1344,2.3305690847337246,True,0.0,0.0,0.0,0,0,1.837387913838029,True,0.0,0.0,0.0,0,0,1.562370453029871,True,0.375,6.394927122244098e-05,0.0025913177523761988,0,0,2.396504976786673,True,0.375,6.394927122244098e-05,0.0025913177523761988,0,0,1.4899638823287844,1.4855192625906164,1.4939152463037277,True,1.174602288989635,1.1689542285256733,1.1804421018260338,True,1.531042539619872,1.5185177689228757,1.5508042514044937,True,1.2684837210818107,1.2647816748277145,1.271964508830468,True,0.7677620047789311,0.8312676871442125,-0.06350568236528142,1.0827153231991042
c09,A1-H+OL1,0.5,False,0.03767997558790878,3.767997558790878,239759791542,6363055915008,0.7046508435431788,239751770368,340241940480,0.03767871500272658,5.111393471253868,3,1344,2.3191695800051093,True,0.0,0.0,0.0,0,0,1.826892956160009,True,0.0,0.0,0.0,0,0,1.5520299784839153,False,0.5,3.1204689632247096e-05,0.0024702996015548706,5,3,2.3958890233188868,False,0.5,3.1204689632247096e-05,0.0024702996015548706,5,3,1.4951580425714333,1.490751968662681,1.4983798934754198,False,1.1784525489956565,1.1757642825484564,1.1812051930054774,False,1.5383792109930143,1.5108816504033429,1.5594261974494414,False,1.2687469205660347,1.2648383364068112,1.2717791130473766,True,0.7725652853661726,0.838790435019681,-0.06622514965350834,1.0857211046211062
c10,A1-H+OL1,1.0,False,0.03938363148105149,3.9383631481051498,250600249250,6363055915008,0.7364936516364886,250586029184,340241940480,0.039381396695409195,5.122781395368059,3,1344,2.3286790819838643,True,0.0,0.0,0.0,0,0,1.8378974637016654,True,0.0,0.0,0.0,0,0,1.5636638272553682,False,0.8125,9.169520261043118e-05,0.0026487810537219048,17,3,2.4017239920794964,False,0.8125,9.169520261043118e-05,0.0026487810537219048,17,3,1.4951021021715258,1.4892807588023222,1.5005816321606618,False,1.175610442864964,1.17034104408165,1.1808168882935808,False,1.5255204174084114,1.4998194877306723,1.5481561868062597,False,1.271766605379891,1.2678459890295597,1.2760767691539914,True,0.7832042941854092,0.8277013351159569,-0.04449704093054774,1.0568140921352174
c11,A4,0.0,False,0.07212018636951158,7.212018636951158,458904778470,6363055915008,0.6591529567801271,224271481088,340241940480,0.03524587620847868,5.472691942747794,3,1344,3.2169435871765018,True,0.0,0.0,0.0,0,0,2.5958429323509336,True,0.0,0.0,0.0,0,0,2.067810855805874,False,0.875,3.9123982762845344e-05,0.002544133458286524,27,3,2.542662899941206,False,0.875,3.9123982762845344e-05,0.002544133458286524,27,3,1.5577828367874285,1.5515760755850576,1.5630049102399621,False,1.253893027575892,1.2457926766236482,1.2605118699011104,False,1.2217399395692141,1.2189632756306343,1.2241617527077617,False,1.2423570452409614,1.2378247206734343,1.2469526123085177,True,1.1648595758569649,0.46182737267892143,0.7030322031780434,0.39646613398800784
c12,A4,0.01,False,0.07413704224307557,7.4137042243075575,471738145166,6363055915008,0.688738309796275,234337659008,340241940480,0.0368278484643342,5.469356820467444,3,1344,3.2493131002411246,True,0.0,0.0,0.0,0,0,2.6073670014739037,True,0.0,0.0,0.0,0,0,2.0766265224665403,False,0.75,7.029162183158633e-05,0.002104210201650858,28,3,2.552692429162562,False,0.75,7.029162183158633e-05,0.002104210201650858,28,3,1.5639696644923289,1.558740301103204,1.5691616065606315,False,1.2537222820347216,1.247376975414186,1.2583220528838448,False,1.2226228352674953,1.2023946158000756,1.2440949286062482,False,1.2474610102279533,1.2407968842906256,1.2553760354595451,True,1.1819083960117063,0.4645451675363195,0.7173632284753868,0.3930466769708254
c13,A4,0.05,False,0.08205892926203266,8.205892926203266,522145555220,6363055915008,0.8059458979017871,274216596224,340241940480,0.04309511025625731,5.4363993632813505,3,1344,3.256123047322035,True,0.0,0.0,0.0,0,0,2.616037498228252,True,0.0,0.0,0.0,0,0,2.0813459996134043,False,1.0,5.77480656138718e-05,0.0022908400278538465,43,3,2.5489169638603926,False,1.0,5.77480656138718e-05,0.0022908400278538465,43,3,1.5641736993229047,1.5503222446686458,1.5737665188333485,False,1.2560200510645363,1.2514460527910274,1.2603252132633078,False,1.2246752391822264,1.2123924627625373,1.2343690161158651,False,1.2453413446681791,1.2389235985899556,1.2499382038488402,True,1.1764107889792372,0.46768131696375176,0.7087294720154855,0.3975493266000691
c14,A4,0.1,False,0.08953004995419465,8.953004995419466,569684713932,6363055915008,0.913264158726679,310730769536,340241940480,0.048833575201359725,5.421764084024048,3,1344,3.1911139376461506,True,0.0,0.0,0.0,0,0,2.5634784251451492,True,0.0,0.0,0.0,0,0,2.0480124512687325,False,1.125,9.886501579181584e-06,0.0017149728955700994,22,3,2.54102295730263,False,1.125,9.886501579181584e-06,0.0017149728955700994,22,3,1.5609240224197298,1.55530018038503,1.5670278206696964,False,1.2501504051140373,1.2460573604468501,1.2542014068801395,False,1.2335823039905527,1.208797964086893,1.248285145362157,False,1.248588982601133,1.2459810255666728,1.251513907102919,True,1.1596536041040617,0.4808638063661333,0.6787897977379285,0.41466158917140133
c15,A4,0.5,False,0.10215537061773293,10.215537061773293,650020335259,6363055915008,0.9987667839908035,339822348672,340241940480,0.053405526088571666,5.662304621585284,3,1344,3.1783950980752707,True,0.0,0.0,0.0,0,0,2.552494523115456,True,0.0,0.0,0.0,0,0,2.043285872787237,True,0.0,0.0,0.0,0,0,2.5404179468750954,True,0.0,0.0,0.0,0,0,1.5606132164075899,1.5568874238020134,1.5642763376279953,True,1.2494579795327476,1.2462596344798382,1.252400104951671,True,1.2430758047155797,1.2341529859181284,1.2517228827035893,True,1.2490321739280923,1.2465433985784875,1.2517610878771652,True,1.1490934110562583,0.4972155629296876,0.6518778481265707,0.4327024749647133
c16,A4+OL1@4,0.0,False,0.0781004229286857,7.81004229286857,496957358081,6363055915008,0.732839290159929,249342662144,340241940480,0.03918599262280512,5.459826833517597,3,1344,3.182913060300052,True,0.0,0.0,0.0,0,0,2.5470524560660124,True,0.0,0.0,0.0,0,0,2.035926445387304,False,0.46875,3.5293307449890676e-06,0.0012590265832841396,2,3,2.543802955187857,False,0.46875,3.5293307449890676e-06,0.0012590265832841396,2,3,1.5664241155778231,1.5627734333813952,1.5715828324278778,False,1.2527554259516016,1.2503581477742558,1.2565408832616327,False,1.2347886062610571,1.2016582631245751,1.2539267802231446,False,1.2503830221992105,1.2480697061280943,1.2527507977289611,True,1.1708570034118435,0.48371869395071243,0.6871383094611311,0.4131321694631967
c17,A4+OL1@4,0.01,False,0.08586708994090508,8.586708994090507,546377094553,6363055915008,0.8171191405497594,278018201984,340241940480,0.04369255994250531,5.460160899739759,3,1344,3.209873102605343,True,0.0,0.0,0.0,0,0,2.5743269361555576,True,0.0,0.0,0.0,0,0,2.0535410149022937,False,0.75,1.6866827579065102e-07,0.0014151084469631314,9,3,2.546283067204058,False,0.75,1.6866827579065102e-07,0.0014151084469631314,9,3,1.564229471078309,1.5605112483837094,1.5683380432540595,False,1.2545303368756913,1.2514495118791007,1.2577407856225837,False,1.2348675959805466,1.221871256723178,1.2479172761161732,False,1.2468646035088309,1.2441582724298976,1.2503141943539822,True,1.1659380269563935,0.4842157293404896,0.6817222976159039,0.4153014295318112
c18,A4+OL1@4,0.05,False,0.1045644512413755,10.45644512413755,665349449971,6363055915008,0.9409263949422442,320142622464,340241940480,0.05031271557883167,5.492159449548272,3,1344,3.1966830138117075,True,0.0,0.0,0.0,0,0,2.5644629495218396,True,0.0,0.0,0.0,0,0,2.0444210385903716,False,0.625,8.066436798515042e-07,0.00037741308915428817,2,3,2.539612934924662,False,0.625,8.066436798515042e-07,0.00037741308915428817,2,3,1.5644233673734786,1.5616352051682723,1.5672542030955143,False,1.2538592843535563,1.251047296766415,1.2567005862574445,False,1.2435882684007271,1.2356170767464936,1.2511821160552234,False,1.2476865521477059,1.2429919064574486,1.2514751744907315,True,1.153669703247336,0.4972401153021825,0.6564295879451535,0.4310073445653958
c19,A4+OL1@4,0.1,False,0.11394280537892908,11.394280537892907,725024441739,6363055915008,0.9757258413341153,331982853632,340241940480,0.052173493061561854,5.5503984922811975,3,1344,3.1577289337292314,True,0.0,0.0,0.0,0,0,2.533116959966719,True,0.0,0.0,0.0,0,0,2.0243010949343443,False,0.75,2.1030605079630504e-07,0.0003057166759390384,1,3,2.534182509407401,False,0.75,2.1030605079630504e-07,0.0003057166759390384,1,3,1.5599956986652952,1.5577434146146492,1.5624075740439676,False,1.251503971408265,1.2489579358926375,1.253532835140822,False,1.2511851276323116,1.2494158244185445,1.2528940090956626,False,1.246496802491084,1.2450242117476904,1.248223388693023,True,1.1346475688956812,0.5087833039093917,0.6258642649862894,0.4484064636956614
c20,A4+OL1@4,0.5,False,0.12713448684742273,12.713448684742273,808963848536,6363055915008,0.9994663072996121,340060355840,340241940480,0.05344293062676512,6.040290392345614,3,1344,3.2110584434121847,True,0.0,0.0,0.0,0,0,2.5777785340324044,True,0.0,0.0,0.0,0,0,2.0578375551849604,True,0.0,0.0,0.0,0,0,2.542027970775962,True,0.0,0.0,0.0,0,0,1.560961724383091,1.556486321039346,1.566697911229163,True,1.2507199841550034,1.247804622035828,1.2534172141851951,True,1.2278425077531072,1.2204970189711615,1.2344746668896498,True,1.2480505182282586,1.2445321523281203,1.2526389149658383,True,1.1664866400505638,0.47375103929967044,0.6927356007508934,0.40613498949215115
c21,A7,0.0,False,0.07217650871804772,7.217650871804771,459263160723,6363055915008,0.6599835728752542,224554091520,340241940480,0.03529029047039541,5.47043684154728,3,1344,3.164122928865254,True,0.0,0.0,0.0,0,0,2.5230684550479054,True,0.0,0.0,0.0,0,0,2.016596030443907,False,0.75,7.634956526381131e-05,0.0022007576189935207,13,3,2.535443054512143,False,0.75,7.634956526381131e-05,0.0022007576189935207,13,3,1.569048207607793,1.5644447521407074,1.572840996689812,False,1.2528443313503315,1.250119731306111,1.2557533587817324,False,1.2439349469539813,1.2106920359906963,1.2621269831021356,False,1.2523887991069511,1.2470780205211593,1.2572114244414212,True,1.1633195381797297,0.4969437224125223,0.6663758157672073,0.42717731981885265
c22,A7,0.01,False,0.07617648872497619,7.61764887249762,484715257166,6363055915008,0.6882278675628601,234163985152,340241940480,0.03680055436880529,5.461127547509181,3,1344,3.6616745637729764,True,0.0,0.0,0.0,0,0,2.543383394367993,True,0.0,0.0,0.0,0,0,2.034331555478275,False,0.75,2.7777336151224574e-05,0.0024205995723605156,36,3,2.5423794286325574,False,0.75,2.7777336151224574e-05,0.0024205995723605156,36,3,1.8014478449687896,1.798992190956915,1.8042805811801403,False,1.2523056239170665,1.2492648251752734,1.2560583255122888,False,1.2450454145189558,1.241253310791331,1.2486772955100631,False,1.438504954832088,1.4342139964868708,1.4423104109310936,True,1.6376197464913795,0.5002349285600108,1.1373848179313688,0.30546464136852913
c23,A7,0.05,False,0.09126923722094463,9.126923722094462,580751259757,6363055915008,0.8064303652069272,274381432320,340241940480,0.043121015434241246,5.440461140957695,3,1344,3.6433314671739936,True,0.0,0.0,0.0,0,0,2.5272180791944265,True,0.0,0.0,0.0,0,0,2.0214461255818605,False,0.8125,4.744165765746544e-05,0.0027866961900144815,26,3,2.533907420001924,False,0.8125,4.744165765746544e-05,0.0027866961900144815,26,3,1.8066807662199147,1.801477982140695,1.8139174291439137,False,1.2521260561999412,1.2483702972914985,1.2573855009713981,False,1.246489793182835,1.2389658993512822,1.257170624034057,False,1.4428904799753015,1.435551398504945,1.450510540632957,True,1.6464411460869346,0.5014865445056265,1.1449546015813081,0.30458819964351597
c24,A7,0.1,False,0.10425018105347987,10.425018105347986,663349731193,6363055915008,0.9108895123122477,309922815232,340241940480,0.04870659937169676,5.430924065000187,3,1344,3.6993399262428284,True,0.0,0.0,0.0,0,0,2.569122356362641,True,0.0,0.0,0.0,0,0,2.0572510547935963,False,1.375,5.982148567440504e-05,0.0015250950818881392,34,3,2.544008078984916,False,1.375,5.982148567440504e-05,0.0015250950818881392,34,3,1.7981844367832087,1.7924212508296122,1.8032628759041172,False,1.2493029675528917,1.2449328815370007,1.2537940958034233,False,1.2301929751417648,1.2116800139963615,1.244301624514992,False,1.4393501684426913,1.435318501398858,1.4430531368883504,True,1.654873259602547,0.47544895486290834,1.1794243047396387,0.287302336963918
c25,A7,0.5,False,0.15386813064155969,15.386813064155968,979071518810,6363055915008,0.9986050957523624,339767335552,340241940480,0.05339688038111053,5.707563187398737,3,1344,3.7505299551412463,True,0.0,0.0,0.0,0,0,2.6071725878864527,True,0.0,0.0,0.0,0,0,2.084811101667583,True,0.0,0.0,0.0,0,0,2.5472581619396806,True,0.0,0.0,0.0,0,0,1.8034279578083576,1.7988238156323526,1.8089758536249574,True,1.251216633597217,1.248448261859474,1.2540162784176956,True,1.2176569340540444,1.202942388027562,1.2374282833836934,True,1.4413395005975476,1.4383417732842483,1.4450339487373594,True,1.6863500906245983,0.4559952479515535,1.2303548426730448,0.27040366676332306
c26,A7+OL1@7,0.0,False,0.0705422917861371,7.054229178613711,448864547008,6363055915008,0.6317605001686593,214951418496,340241940480,0.033781161342463194,5.482415042876238,3,1344,3.1636980129405856,True,0.0,0.0,0.0,0,0,2.5199929950758815,True,0.0,0.0,0.0,0,0,2.018356928601861,False,1.0,1.6595123465634742e-05,0.0024916224647313356,47,3,2.5392473908141255,False,1.0,1.6595123465634742e-05,0.0024916224647313356,47,3,1.569671616119047,1.5628738476250283,1.5742494369033937,False,1.2484172903947897,1.2440590403303802,1.2516977775994949,False,1.2441618333838256,1.230891263479977,1.2642287069339464,False,1.2573292826012257,1.254089277960689,1.260400471057555,True,1.167257836814748,0.4985881449621437,0.6686696918526043,0.4271448254506542
c27,A7+OL1@7,0.01,False,0.07723392871636932,7.723392871636931,491443806958,6363055915008,0.6662388216579219,226682389504,340241940480,0.03562476780525274,5.477848951289257,3,1344,3.695720457471907,True,0.0,0.0,0.0,0,0,2.5664379354566336,True,0.0,0.0,0.0,0,0,2.0555760711431503,False,0.5625,6.476508932706793e-05,0.0023867918644100428,11,3,2.5438680313527584,False,0.5625,6.476508932706793e-05,0.0023867918644100428,11,3,1.8000995095645733,1.795045668104603,1.8083865691596357,False,1.2505707563263069,1.2452076028799492,1.2588249480175373,False,1.2355102237061673,1.2154804846992404,1.2558755898933758,False,1.439422360117047,1.4347022864517178,1.4429924795286657,True,1.6529801389316119,0.4853621917607684,1.1676179471708434,0.29362856838345175
c28,A7+OL1@7,0.05,False,0.09863031588136074,9.863031588136074,627590214868,6363055915008,0.7924957629021337,269640296192,340241940480,0.04237591179358055,5.46514686947502,3,1344,3.7370750214904547,True,0.0,0.0,0.0,0,0,2.5997889460995793,True,0.0,0.0,0.0,0,0,2.0650719525292516,False,0.6875,4.59631637745872e-05,0.0019459548639133573,19,3,2.54532799590379,False,0.6875,4.59631637745872e-05,0.0019459548639133573,19,3,1.8093142739527286,1.8030039322787217,1.8174136677733463,False,1.2552990265019253,1.2487053676565234,1.261836592841759,False,1.2325412379564367,1.2193671239636141,1.250058444557609,False,1.441341254756365,1.4321803166474067,1.4496620995920542,True,1.6747876837880107,0.47771033374980715,1.1970773500382035,0.28523635465799985
c29,A7+OL1@7,0.1,False,0.11796760377518327,11.796760377518327,750634458981,6363055915008,0.9105948393631734,309822555136,340241940480,0.04869084277654198,5.431534961029526,3,1344,3.7313300417736173,True,0.0,0.0,0.0,0,0,2.5929074035957456,True,0.0,0.0,0.0,0,0,2.0677115535363555,False,1.9375,5.868597414337984e-05,0.0017761532217264175,68,3,2.5432929396629333,False,1.9375,5.868597414337984e-05,0.0017761532217264175,68,3,1.804119116170495,1.800848820738567,1.8079818996623322,False,1.2546495940613986,1.251049055097043,1.2580596686231489,False,1.2325560168151548,1.2180664315448384,1.2495763921519931,False,1.437946598564162,1.4351906958887244,1.4409656422689137,True,1.6616040035538997,0.47947885780428934,1.1821251457496103,0.2885638556351347
c30,A7+OL1@7,0.5,False,0.27482684296304843,27.482684296304843,1748738568719,6363055915008,0.9988378645165197,339846533248,340241940480,0.053409326868625,5.831300663010009,3,1344,3.6792008904740214,True,0.0,0.0,0.0,0,0,2.548477961681783,True,0.0,0.0,0.0,0,0,2.0338809117674828,True,0.0,0.0,0.0,0,0,2.5438435841351748,True,0.0,0.0,0.0,0,0,1.8076149195780298,1.8020631764470112,1.8121204404292504,True,1.252316779880532,1.2480504429433514,1.2564454264841123,True,1.2364521135241076,1.222201892594222,1.2601069203310666,True,1.4434166726972004,1.4372226493263414,1.4487782727773184,True,1.6685115196672822,0.4861878528789107,1.1823236667883714,0.29139016851130967
c31,A4+OL1@h,0.0,True,0.08409413096369549,8.40941309636955,535095657446,6363055915008,0.8776592051489114,298616471040,340241940480,0.04692972606694822,5.217669964805664,3,1344,3.1863085459917784,True,0.0,0.0,0.0,0,0,2.558153006248176,True,0.0,0.0,0.0,0,0,2.0466470159590244,False,0.5,3.8763357285809263e-05,0.002374115865677595,3,3,2.5447075022384524,False,0.5,3.8763357285809263e-05,0.002374115865677595,3,3,1.56258708359245,1.5558997108411017,1.5691018150144505,False,1.2531535349427945,1.247937097708015,1.2581685165253473,False,1.2389841545966214,1.2333214262439014,1.2453216991772529,False,1.2469238924213553,1.2442747517229877,1.2498656568603466,True,1.159360848153786,0.4913193881206791,0.6680414600331069,0.4237846990460962
c32,A4+OL1@h,0.01,True,0.08585803145992206,8.585803145992205,546319454932,6363055915008,0.9029151149050019,307209590784,340241940480,0.04828019663624373,5.205731008138443,3,1344,3.2189484918490052,True,0.0,0.0,0.0,0,0,2.581708016805351,True,0.0,0.0,0.0,0,0,2.0654565887525678,False,0.6875,5.017704777898757e-06,0.0020858156494796276,6,3,2.544702962040901,False,0.6875,5.017704777898757e-06,0.0020858156494796276,6,3,1.560956888246819,1.5531814443372771,1.5699304146773292,False,1.2491796205808674,1.2451776719971743,1.2528073298846572,False,1.2290165453567923,1.2124786833615218,1.2405258294848707,False,1.2495856180562532,1.244348450484079,1.2548951656801703,True,1.1670418131134717,0.47390184027747073,0.6931399728360009,0.40607100358570714
c33,A4+OL1@h,0.05,True,0.09035629014573529,9.035629014573528,574942126470,6363055915008,0.9599169225147255,326603996416,340241940480,0.05132816696544609,5.1971435977367255,3,1344,3.2194434897974133,True,0.0,0.0,0.0,0,0,2.588848117738962,True,0.0,0.0,0.0,0,0,2.0621420117095113,False,0.875,3.878135327362031e-05,0.001771310344338417,12,3,2.545467927120626,False,0.875,3.878135327362031e-05,0.001771310344338417,12,3,1.562332095036668,1.5587624876197614,1.56632098989709,False,1.25373608730641,1.249546295559746,1.2575749053381904,False,1.2341985044235333,1.219304033768029,1.2522425250103881,False,1.2461411224058019,1.2430089179878268,1.248569944788841,True,1.161612699174189,0.48294478117549305,0.6786679179986961,0.41575370303615566
c34,A4+OL1@h,0.1,True,0.093434850267421,9.3434850267421,594531176662,6363055915008,0.9865384716959394,335661763968,340241940480,0.052751660279505494,5.229999395236015,3,1344,3.2132690539583564,True,0.0,0.0,0.0,0,0,2.5865724310278893,True,0.0,0.0,0.0,0,0,2.0734110148623586,False,0.625,1.299239731800128e-06,0.0012565625365823507,1,3,2.5502131320536137,False,0.625,1.299239731800128e-06,0.0012565625365823507,1,3,1.5570629964814435,1.5519705598626279,1.5627538991144736,False,1.2523445157572568,1.2484003420539995,1.2568167037325182,False,1.225689366794999,1.2117678042324591,1.2404293773322375,False,1.243318413495772,1.240850340792385,1.2460237516448747,True,1.1635293741987662,0.4695568033119863,0.6939725708867799,0.4035624830145214
c35,A4+OL1@h,0.5,True,0.10227390354799072,10.227390354799072,650774566922,6363055915008,0.9994209616847293,340044927360,340241940480,0.053440505930171835,5.725662500899941,3,1344,3.1807085033506155,True,0.0,0.0,0.0,0,0,2.5518176844343543,True,0.0,0.0,0.0,0,0,2.036080928519368,True,0.0,0.0,0.0,0,0,2.5366373592987657,True,0.0,0.0,0.0,0,0,1.5616967657629028,1.5588911644281116,1.564372038418186,True,1.2531597616645918,1.2505911517282995,1.2554960875677506,True,1.243149770271856,1.2384850310984006,1.2482986926893527,True,1.2462072383240879,1.2440582753298652,1.2490301749302066,True,1.1474351316185978,0.49625877346399994,0.6511763581545978,0.43249396832042797
