predictor,outcome,family,n,predictor_unique_values,pearson_r,ols_r2,slope,intercept,status
s_model_percent,full_speedup,all,30,30,0.9037243328537905,0.8167176697920289,0.03770390864456071,0.9512951279669724,descriptive; unweighted OLS with intercept
s_model_percent,full_speedup,baseline/local,10,10,0.7363135380942594,0.5421576263808856,0.019252172937433178,0.9902403799391656,descriptive; unweighted OLS with intercept
s_model_percent,full_speedup,4-site,10,10,0.8852182724506934,0.7836113898805896,0.07965267969127385,0.5550678982990129,descriptive; unweighted OLS with intercept
s_model_percent,full_speedup,7-site,10,10,0.8729139152791467,0.7619787034879691,0.02994299115212759,1.0642740398356398,descriptive; unweighted OLS with intercept
projection_scalar_zero_fraction,projection_sparse_gain,all,30,30,0.6425686101299937,0.4128944187243919,0.3125821458103453,0.8940551007529293,descriptive; unweighted OLS with intercept
projection_scalar_zero_fraction,projection_sparse_gain,baseline/local,10,10,0.7548429512438886,0.5697878810425842,0.25211439203375535,0.9506525860940455,descriptive; unweighted OLS with intercept
projection_scalar_zero_fraction,projection_sparse_gain,4-site,10,10,0.8809587178202896,0.7760882625035687,0.8863507315842241,0.4652605396279596,descriptive; unweighted OLS with intercept
projection_scalar_zero_fraction,projection_sparse_gain,7-site,10,10,0.9168373068630244,0.8405906472558436,1.252064131457326,0.25070589171079716,descriptive; unweighted OLS with intercept
projection_mma_bypass_fraction,projection_sparse_gain,all,30,29,0.9726792898363453,0.9461050008765368,0.5027440185013166,1.0082308012708912,descriptive; unweighted OLS with intercept
projection_mma_bypass_fraction,projection_sparse_gain,baseline/local,10,10,0.8675354987549624,0.7526178416000219,5.796166877816855,0.9976963289701093,descriptive; unweighted OLS with intercept
projection_mma_bypass_fraction,projection_sparse_gain,4-site,10,10,0.9817120055607805,0.9637584618621702,0.4717038969952879,1.0098502958625026,descriptive; unweighted OLS with intercept
projection_mma_bypass_fraction,projection_sparse_gain,7-site,10,10,0.98524535174891,0.9707084031428335,0.5635098148058206,1.003479969161116,descriptive; unweighted OLS with intercept
attention_scalar_zero_fraction,attention_sparse_gain,all,30,30,0.35500543098907233,0.12602885603173508,0.0025867819290991884,0.9866072534314926,descriptive; unweighted OLS with intercept
attention_scalar_zero_fraction,attention_sparse_gain,baseline/local,10,10,0.19541051147797542,0.03818526799611677,12719.503269280962,0.9863883608552143,descriptive; unweighted OLS with intercept
attention_scalar_zero_fraction,attention_sparse_gain,4-site,10,10,-0.7384993693495194,0.5453813185296472,-0.9033130988286165,0.9861715427507554,descriptive; unweighted OLS with intercept
attention_scalar_zero_fraction,attention_sparse_gain,7-site,10,10,0.36953996512681103,0.13655978582591444,0.0015816963192126533,0.9872529726588347,descriptive; unweighted OLS with intercept
attention_mma_skip_fraction,attention_sparse_gain,all,30,2,0.37341552403214157,0.13943915358819892,0.004828827726141298,0.9864132937463256,descriptive; unweighted OLS with intercept
attention_mma_skip_fraction,attention_sparse_gain,baseline/local,10,1,,,,,undefined: constant predictor/outcome or fewer than 3 observations
attention_mma_skip_fraction,attention_sparse_gain,4-site,10,1,,,,,undefined: constant predictor/outcome or fewer than 3 observations
attention_mma_skip_fraction,attention_sparse_gain,7-site,10,2,0.524750214732871,0.27536278786219415,0.003695280769283431,0.9871229145982254,descriptive; unweighted OLS with intercept
projection_arithmetic_avoidance_proxy_fraction,projection_sparse_gain,all,30,29,0.9487257910988575,0.9000806266961532,0.602379608472164,1.0114755050055717,descriptive; unweighted OLS with intercept
projection_arithmetic_avoidance_proxy_fraction,projection_sparse_gain,baseline/local,10,10,0.8676015569355494,0.75273246159699,8.189279931782657,0.9976931079928171,descriptive; unweighted OLS with intercept
projection_arithmetic_avoidance_proxy_fraction,projection_sparse_gain,4-site,10,10,0.9578942902268395,0.9175614712491806,0.5307434426131484,1.0167826246397018,descriptive; unweighted OLS with intercept
projection_arithmetic_avoidance_proxy_fraction,projection_sparse_gain,7-site,10,10,0.984980189470313,0.9701859736489734,0.785187410633604,1.0035684689713378,descriptive; unweighted OLS with intercept
s_model_percent,full_candidate_gm_ms,all,30,30,-0.7148101356605514,0.5109535300430559,-0.007837667871318857,0.6614159561964613,descriptive; unweighted OLS with intercept
s_model_percent,full_candidate_gm_ms,baseline/local,10,10,-0.7638304622831975,0.583436975111763,-0.011789374981506713,0.6603446991754938,descriptive; unweighted OLS with intercept
s_model_percent,full_candidate_gm_ms,4-site,10,10,-0.9034140930219544,0.8161570234706803,-0.03281889668214842,0.8838932488656936,descriptive; unweighted OLS with intercept
s_model_percent,full_candidate_gm_ms,7-site,10,10,-0.885556306125991,0.78420997131951,-0.009288373949344795,0.7010291712592769,descriptive; unweighted OLS with intercept
s_model_percent,native_baseline_gm_ms,all,30,30,0.7103197966496643,0.5045542135124206,0.010390486033121451,0.6573056756216605,descriptive; unweighted OLS with intercept
s_model_percent,native_baseline_gm_ms,baseline/local,10,10,-0.7958871948373043,0.6334364269059661,-0.0002579802717087636,0.6552447700148852,descriptive; unweighted OLS with intercept
s_model_percent,native_baseline_gm_ms,4-site,10,10,-0.5466313163608056,0.2988057960263978,-0.00010567968203092915,0.7410065313063672,descriptive; unweighted OLS with intercept
s_model_percent,native_baseline_gm_ms,7-site,10,10,0.3471158304312568,0.1204893997359806,0.0024818953280853445,0.796292351698378,descriptive; unweighted OLS with intercept
projection_mma_bypass_fraction,projection_sparse_gain_native_normalized,all,30,29,0.9726683956559313,0.9460838079078835,0.5024412149662414,1.0081952899933138,descriptive; unweighted OLS with intercept
projection_mma_bypass_fraction,projection_sparse_gain_native_normalized,baseline/local,10,10,0.8657601454489289,0.7495406294477494,5.764343388904616,0.9979876734154904,descriptive; unweighted OLS with intercept
projection_mma_bypass_fraction,projection_sparse_gain_native_normalized,4-site,10,10,0.9817508914781734,0.9638348129181882,0.4718711755899256,1.0095193262570366,descriptive; unweighted OLS with intercept
projection_mma_bypass_fraction,projection_sparse_gain_native_normalized,7-site,10,10,0.9851640075869323,0.9705481218447453,0.5633996431844934,1.00337017443654,descriptive; unweighted OLS with intercept
attention_mma_skip_fraction,attention_sparse_gain_native_normalized,all,30,2,0.3653777707866446,0.1335009153850174,0.004828487254974871,0.9864093663892556,descriptive; unweighted OLS with intercept
attention_mma_skip_fraction,attention_sparse_gain_native_normalized,baseline/local,10,1,,,,,undefined: constant predictor/outcome or fewer than 3 observations
attention_mma_skip_fraction,attention_sparse_gain_native_normalized,4-site,10,1,,,,,undefined: constant predictor/outcome or fewer than 3 observations
attention_mma_skip_fraction,attention_sparse_gain_native_normalized,7-site,10,2,0.4932558458597865,0.24330132947485372,0.003818885683088995,0.9870413951933444,descriptive; unweighted OLS with intercept
