source_checkpoint_id,scale,family,training_parameter,clipping_target_p,loss,delta_loss_from_p0,R_model,U_arch,nondominated_within_checkpoint
14M:A0:None,14M,A0,,0.0,5.208594059803077,0.0,1.2144636324463738e-08,9.463486469238704e-08,True
14M:A0:None,14M,A0,,0.1,5.214452560131367,0.0058585003282898285,0.012787059225755319,0.0996408280423603,True
14M:A0:None,14M,A0,,0.2,5.250270307416747,0.04167624761366984,0.025547861885604005,0.19907705658124633,True
14M:A0:None,14M,A0,,0.3,5.361901215547641,0.15330715574456377,0.03831640852502134,0.29857362866925813,True
14M:A0:None,14M,A0,,0.4,5.605384225676046,0.3967901658729689,0.05125544468338841,0.39939870925486715,True
14M:A0:None,14M,A0,,0.5,6.077730602766636,0.8691365429635587,0.06441923193637135,0.5019751217750187,True
14M:A0:None,14M,A0,,0.6,6.821172901864588,1.6125788420615113,0.07764415459051939,0.6050279207642751,True
14M:A0:None,14M,A0,,0.7,7.766948343028684,2.558354283225607,0.09123470793282666,0.7109298302395849,True
14M:A0:None,14M,A0,,0.8,8.336117610423523,3.127523550620446,0.10585958231881311,0.8248914978996577,True
14M:A0:None,14M,A0,,0.9,8.825610324475893,3.6170162646728157,0.119418809381631,0.9305493030525662,True
14M:A1-H:None,14M,A1-H,,0.0,5.269633448335546,0.0,0.02714133462785748,0.21149390244845456,True
14M:A1-H:None,14M,A1-H,,0.1,5.2740728580034695,0.004439409667923222,0.035684028579955444,0.2780612878082596,True
14M:A1-H:None,14M,A1-H,,0.2,5.307940479566359,0.03830703123081314,0.04418365092044717,0.34429304548621886,True
14M:A1-H:None,14M,A1-H,,0.3,5.405055693620761,0.13542224528521452,0.05271870665002293,0.41080091138940394,True
14M:A1-H:None,14M,A1-H,,0.4,5.602964821651843,0.33333137331629636,0.061293247394087945,0.4776164570702075,True
14M:A1-H:None,14M,A1-H,,0.5,5.976274115799447,0.7066406674639003,0.0699445131206961,0.5450298681911535,True
14M:A1-H:None,14M,A1-H,,0.6,6.5214737124696995,1.2518402641341533,0.07892903987664684,0.6150401551325431,True
14M:A1-H:None,14M,A1-H,,0.7,7.30617527707794,2.0365418287423935,0.09051786975696816,0.7053439994278333,True
14M:A1-H:None,14M,A1-H,,0.8,8.107618275478746,2.8379848271431998,0.10558519250701183,0.8227533653101723,True
14M:A1-H:None,14M,A1-H,,0.9,8.869450109244804,3.5998166609092577,0.11878925318261166,0.9256436011345567,True
14M:A1-H-L1:0.05,14M,A1-H-L1,0.05,0.0,5.206157124254125,0.0,0.031415930939489266,0.24480291498355927,True
14M:A1-H-L1:0.05,14M,A1-H-L1,0.05,0.1,5.211364143698878,0.005207019444752881,0.03991446463686791,0.3110261896085105,True
14M:A1-H-L1:0.05,14M,A1-H-L1,0.05,0.2,5.248624203473153,0.04246707921902804,0.04836146658623432,0.3768479124808845,True
14M:A1-H-L1:0.05,14M,A1-H-L1,0.05,0.3,5.3509508293761305,0.14479370512200518,0.056843044136214424,0.44293905941819695,True
14M:A1-H-L1:0.05,14M,A1-H-L1,0.05,0.4,5.568858038744278,0.3627009144901523,0.06538932614101929,0.5095344040246484,True
14M:A1-H-L1:0.05,14M,A1-H-L1,0.05,0.5,5.973093319221361,0.7669361949672355,0.07395677961434484,0.576294723440165,True
14M:A1-H-L1:0.05,14M,A1-H-L1,0.05,0.6,6.600953204391976,1.3947960801378505,0.08274846053640847,0.6448022943751778,True
14M:A1-H-L1:0.05,14M,A1-H-L1,0.05,0.7,7.435047468490149,2.2288903442360235,0.09205013549582546,0.7172839008786035,True
14M:A1-H-L1:0.05,14M,A1-H-L1,0.05,0.8,8.427544129670725,3.2213870054165996,0.10286104013454628,0.8015259045380108,True
14M:A1-H-L1:0.05,14M,A1-H-L1,0.05,0.9,9.082812193582749,3.8766550693286232,0.11711245209607168,0.9125774343345586,True
14M:A1-H-L1:0.1,14M,A1-H-L1,0.1,0.0,5.1654663311659235,0.0,0.03336302973124716,0.2599753273784488,True
14M:A1-H-L1:0.1,14M,A1-H-L1,0.1,0.1,5.170191273886776,0.004724942720852887,0.04186238274124377,0.3262049863476216,True
14M:A1-H-L1:0.1,14M,A1-H-L1,0.1,0.2,5.207755923271179,0.042289592105255736,0.05033391918301213,0.3922178897796043,True
14M:A1-H-L1:0.1,14M,A1-H-L1,0.1,0.3,5.315054972496259,0.14958864133033511,0.05880440255042605,0.4582225873216468,True
14M:A1-H-L1:0.1,14M,A1-H-L1,0.1,0.4,5.550581270421045,0.3851149392551214,0.06727546414566778,0.5242317905986313,True
14M:A1-H-L1:0.1,14M,A1-H-L1,0.1,0.5,5.979635215369908,0.8141688842039843,0.07580657419987383,0.5907089105457617,True
14M:A1-H-L1:0.1,14M,A1-H-L1,0.1,0.6,6.633155145588711,1.4676888144227878,0.08450806820960081,0.6585137164067137,True
14M:A1-H-L1:0.1,14M,A1-H-L1,0.1,0.7,7.553385235148774,2.3879189039828503,0.09361026431106745,0.7294409202728948,True
14M:A1-H-L1:0.1,14M,A1-H-L1,0.1,0.8,8.650509752465423,3.4850434212994994,0.10283421931460071,0.8013169081877969,True
14M:A1-H-L1:0.1,14M,A1-H-L1,0.1,0.9,9.159794549264852,3.9943282180989286,0.11586003495555848,0.9028182020723174,True
14M:A1-H-L1:0.5,14M,A1-H-L1,0.5,0.0,5.112683072950713,0.0,0.03787576357824556,0.29513998324740964,True
14M:A1-H-L1:0.5,14M,A1-H-L1,0.5,0.1,5.1176277991582655,0.004944726207552819,0.04636960331105766,0.3613266810091466,True
14M:A1-H-L1:0.5,14M,A1-H-L1,0.5,0.2,5.155894678372603,0.04321160542189073,0.05478188317500613,0.4268778383604482,True
14M:A1-H-L1:0.5,14M,A1-H-L1,0.5,0.3,5.271483671030349,0.15880059807963676,0.06317201299738927,0.49225639555061995,True
14M:A1-H-L1:0.5,14M,A1-H-L1,0.5,0.4,5.510881394324218,0.3981983213735054,0.07161993975051012,0.5580853247876665,True
14M:A1-H-L1:0.5,14M,A1-H-L1,0.5,0.5,5.986626232164146,0.8739431592134332,0.07998942188524837,0.6233029886357668,True
14M:A1-H-L1:0.5,14M,A1-H-L1,0.5,0.6,6.687065491309533,1.5743824183588204,0.08843648346618253,0.6891251761762622,True
14M:A1-H-L1:0.5,14M,A1-H-L1,0.5,0.7,7.495898284855679,2.3832152119049663,0.09675528883769458,0.753947950584874,True
14M:A1-H-L1:0.5,14M,A1-H-L1,0.5,0.8,8.327347443653988,3.214664370703275,0.10544146090584157,0.8216333630091263,True
14M:A1-H-L1:0.5,14M,A1-H-L1,0.5,0.9,9.188821737582867,4.076138664632154,0.11179762437339914,0.8711626081544365,True
14M:A1-H-L1:1.0,14M,A1-H-L1,1.0,0.0,5.102269878754249,0.0,0.0394932963987138,0.3077443128881546,True
14M:A1-H-L1:1.0,14M,A1-H-L1,1.0,0.1,5.106969870053804,0.0046999912995557835,0.04798233512876747,0.3738935997110794,True
14M:A1-H-L1:1.0,14M,A1-H-L1,1.0,0.2,5.144073622819235,0.041803744064986326,0.05644119930094131,0.43980775679229595,True
14M:A1-H-L1:1.0,14M,A1-H-L1,1.0,0.3,5.245573495266705,0.1433036165124566,0.06490231203169944,0.5057394353563871,True
14M:A1-H-L1:1.0,14M,A1-H-L1,1.0,0.4,5.470511305261645,0.3682414265073968,0.07346197154334017,0.572439021746249,True
14M:A1-H-L1:1.0,14M,A1-H-L1,1.0,0.5,5.898910941456902,0.796641062702653,0.08179540746285359,0.6373758020331346,True
14M:A1-H-L1:1.0,14M,A1-H-L1,1.0,0.6,6.587026122053699,1.4847562432994508,0.09008673318113995,0.701984446253297,True
14M:A1-H-L1:1.0,14M,A1-H-L1,1.0,0.7,7.460709069607526,2.358439190853277,0.09814948383495618,0.7648119609509054,True
14M:A1-H-L1:1.0,14M,A1-H-L1,1.0,0.8,8.253852100767327,3.1515822220130785,0.10637915890735167,0.8289402037513621,True
14M:A1-H-L1:1.0,14M,A1-H-L1,1.0,0.9,8.99005101136202,3.8877811326077714,0.11297369912568121,0.8803269562729679,True
14M:A1-H-OL1:0.05,14M,A1-H-OL1,0.05,0.0,5.19806938340678,0.0,0.031452283899779054,0.24508618879977573,True
14M:A1-H-OL1:0.05,14M,A1-H-OL1,0.05,0.1,5.203817973475484,0.005748590068703763,0.039941203929477094,0.3112345506718173,True
14M:A1-H-OL1:0.05,14M,A1-H-OL1,0.05,0.2,5.243323084870739,0.045253701463958684,0.04840796490935955,0.3772102421875811,True
14M:A1-H-OL1:0.05,14M,A1-H-OL1,0.05,0.3,5.351474738685337,0.15340535527855703,0.056874071123504344,0.44318083156069243,True
14M:A1-H-OL1:0.05,14M,A1-H-OL1,0.05,0.4,5.568223094093729,0.3701537106869486,0.06538742485692535,0.5095195886149346,True
14M:A1-H-OL1:0.05,14M,A1-H-OL1,0.05,0.5,5.967553621213112,0.7694842378063314,0.07381562302669306,0.5751947864625582,True
14M:A1-H-OL1:0.05,14M,A1-H-OL1,0.05,0.6,6.5781531989927124,1.380083815585932,0.08263336764727125,0.6439054540170506,True
14M:A1-H-OL1:0.05,14M,A1-H-OL1,0.05,0.7,7.491309503126427,2.2932401197196466,0.09181970858184191,0.7154883411562929,True
14M:A1-H-OL1:0.05,14M,A1-H-OL1,0.05,0.8,8.518643208509367,3.3205738251025867,0.10270378488245273,0.8003005216523937,True
14M:A1-H-OL1:0.05,14M,A1-H-OL1,0.05,0.9,9.083663916446753,3.8855945330399724,0.11705247586120947,0.9121100804575627,True
14M:A1-H-OL1:0.1,14M,A1-H-OL1,0.1,0.0,5.159387283071259,0.0,0.033385810458453735,0.26015284204246925,True
14M:A1-H-OL1:0.1,14M,A1-H-OL1,0.1,0.1,5.165409268712151,0.006021985640892069,0.04189356479050599,0.32644796678226967,True
14M:A1-H-OL1:0.1,14M,A1-H-OL1,0.1,0.2,5.206189805233972,0.04680252216271352,0.050342339539946865,0.39228350387605737,True
14M:A1-H-OL1:0.1,14M,A1-H-OL1,0.1,0.3,5.323404573124542,0.16401729005328303,0.05875125066483562,0.45780841094232916,True
14M:A1-H-OL1:0.1,14M,A1-H-OL1,0.1,0.4,5.575266491026568,0.4158792079553093,0.06717802754063376,0.5234725336157848,True
14M:A1-H-OL1:0.1,14M,A1-H-OL1,0.1,0.5,6.0189960828194256,0.859608799748167,0.07555568693794758,0.5887539172918584,True
14M:A1-H-OL1:0.1,14M,A1-H-OL1,0.1,0.6,6.68620844070728,1.5268211576360216,0.08396965106762358,0.6543181989768143,True
14M:A1-H-OL1:0.1,14M,A1-H-OL1,0.1,0.7,7.647184434021718,2.4877971509504597,0.0929222197317838,0.7240794583136201,True
14M:A1-H-OL1:0.1,14M,A1-H-OL1,0.1,0.8,8.635984244431265,3.4765969613600065,0.10220103768476509,0.7963829557610373,True
14M:A1-H-OL1:0.1,14M,A1-H-OL1,0.1,0.9,9.266251693815875,4.106864410744616,0.11561463337212793,0.9009059549680986,True
14M:A1-H-OL1:0.5,14M,A1-H-OL1,0.5,0.0,5.110230085412426,0.0,0.037679971534196166,0.2936143094354127,True
14M:A1-H-OL1:0.5,14M,A1-H-OL1,0.5,0.1,5.116110203886879,0.0058801184744528,0.04615573258224791,0.3596601323417482,True
14M:A1-H-OL1:0.5,14M,A1-H-OL1,0.5,0.2,5.163076404989118,0.05284631957669195,0.05459233857975036,0.4254008466543178,True
14M:A1-H-OL1:0.5,14M,A1-H-OL1,0.5,0.3,5.291756506502276,0.18152642108984995,0.06290894156891857,0.4902064593999912,True
14M:A1-H-OL1:0.5,14M,A1-H-OL1,0.5,0.4,5.585054128833071,0.47482404342064477,0.07104434684249221,0.5536001219777275,True
14M:A1-H-OL1:0.5,14M,A1-H-OL1,0.5,0.5,6.130627504467259,1.0203974190548326,0.07911151552459163,0.6164620633553628,True
14M:A1-H-OL1:0.5,14M,A1-H-OL1,0.5,0.6,6.968931017542732,1.858700932130306,0.08696843082217426,0.677685643561591,True
14M:A1-H-OL1:0.5,14M,A1-H-OL1,0.5,0.7,7.917230041774772,2.806999956362346,0.09480072604850615,0.7387173763506316,True
14M:A1-H-OL1:0.5,14M,A1-H-OL1,0.5,0.8,8.780806143608318,3.670576058195892,0.10372511955903034,0.8082590859388243,True
14M:A1-H-OL1:0.5,14M,A1-H-OL1,0.5,0.9,9.262721909573798,4.152491824161372,0.11105975446392279,0.8654128913923775,True
14M:A1-H-OL1:1.0,14M,A1-H-OL1,1.0,0.0,5.121212921904389,0.0,0.03938363681700963,0.30688981058775283,True
14M:A1-H-OL1:1.0,14M,A1-H-OL1,1.0,0.1,5.129136376126984,0.00792345422259455,0.04792441496321766,0.37344226737939595,True
14M:A1-H-OL1:1.0,14M,A1-H-OL1,1.0,0.2,5.183859378981167,0.06264645707677818,0.056438514998582795,0.43978683985549316,True
14M:A1-H-OL1:1.0,14M,A1-H-OL1,1.0,0.3,5.349408231543366,0.22819530963897705,0.06479109898839883,0.5048728279896781,True
14M:A1-H-OL1:1.0,14M,A1-H-OL1,1.0,0.4,5.680603768698562,0.5593908467941731,0.07288606573849617,0.5679513807448312,True
14M:A1-H-OL1:1.0,14M,A1-H-OL1,1.0,0.5,6.23146370317809,1.1102507812737006,0.0807621838250582,0.629324595183673,True
14M:A1-H-OL1:1.0,14M,A1-H-OL1,1.0,0.6,7.013677542026226,1.892464620121837,0.088336786783885,0.6883483079533331,True
14M:A1-H-OL1:1.0,14M,A1-H-OL1,1.0,0.7,7.875196588109937,2.7539836662055475,0.09577840198238047,0.7463357378431719,True
14M:A1-H-OL1:1.0,14M,A1-H-OL1,1.0,0.8,8.70980400446604,3.588591082561651,0.10322399407960793,0.8043541569914241,True
14M:A1-H-OL1:1.0,14M,A1-H-OL1,1.0,0.9,9.263879134104801,4.142666212200412,0.11050013096861432,0.861052127319886,True
14M:A4:0.0,14M,A4,0.0,0.0,5.470511248125833,0.0,0.07212023606135842,0.5619837925901036,False
14M:A4:0.0,14M,A4,0.0,0.1,5.470511248125833,0.0,0.07212023606135842,0.5619837925901036,False
14M:A4:0.0,14M,A4,0.0,0.2,5.470511248125833,0.0,0.07212023606135842,0.5619837925901036,False
14M:A4:0.0,14M,A4,0.0,0.3,5.470511248125833,0.0,0.07212023606135842,0.5619837925901036,False
14M:A4:0.0,14M,A4,0.0,0.4,5.470427903197926,-8.334492790673664e-05,0.07218927010205638,0.562521727767912,False
14M:A4:0.0,14M,A4,0.0,0.5,5.470153135660837,-0.00035811246499584115,0.07309895900379106,0.5696103127059735,True
14M:A4:0.0,14M,A4,0.0,0.6,5.539702479655926,0.06919123153009288,0.08078262318638665,0.6294838651808997,True
14M:A4:0.0,14M,A4,0.0,0.7,5.957409727502856,0.48689847937702346,0.08956409274289451,0.697911865911266,True
14M:A4:0.0,14M,A4,0.0,0.8,6.974516786767181,1.5040055386413478,0.10214867367595383,0.7959749187678982,True
14M:A4:0.0,14M,A4,0.0,0.9,8.247837001755393,2.77732575362956,0.11630631106532867,0.9062957273052857,True
14M:A4:0.01,14M,A4,0.01,0.0,5.466523604985525,0.0,0.07413701664012595,0.5776991876078565,False
14M:A4:0.01,14M,A4,0.01,0.1,5.466523604985525,0.0,0.07413701664012595,0.5776991876078565,False
14M:A4:0.01,14M,A4,0.01,0.2,5.466523604985525,0.0,0.07413701664012595,0.5776991876078565,False
14M:A4:0.01,14M,A4,0.01,0.3,5.466523604985525,0.0,0.07413701664012595,0.5776991876078565,False
14M:A4:0.01,14M,A4,0.01,0.4,5.466523604985525,0.0,0.07413701664012595,0.5776991876078565,False
14M:A4:0.01,14M,A4,0.01,0.5,5.466257147535065,-0.00026645745046049996,0.07456460559036333,0.581031096556679,True
14M:A4:0.01,14M,A4,0.01,0.6,5.5348161289677815,0.06829252398225627,0.08178305574788364,0.637279553545846,True
14M:A4:0.01,14M,A4,0.01,0.7,5.958228313711268,0.49170470872574246,0.09002738959811259,0.7015220222003969,True
14M:A4:0.01,14M,A4,0.01,0.8,6.9883770618213,1.5218534568357747,0.10196830405523542,0.7945694213783288,True
14M:A4:0.01,14M,A4,0.01,0.9,8.158731303976838,2.6922076989913126,0.11621384760471185,0.9055752226437476,True
14M:A4:0.05,14M,A4,0.05,0.0,5.434158822488502,0.0,0.08205886279962755,0.6394287297192333,False
14M:A4:0.05,14M,A4,0.05,0.1,5.434158822488502,0.0,0.08205886279962755,0.6394287297192333,False
14M:A4:0.05,14M,A4,0.05,0.2,5.434158822488502,0.0,0.08205886279962755,0.6394287297192333,False
14M:A4:0.05,14M,A4,0.05,0.3,5.434158822488502,0.0,0.08205886279962755,0.6394287297192333,False
14M:A4:0.05,14M,A4,0.05,0.4,5.434158822488502,0.0,0.08205886279962755,0.6394287297192333,False
14M:A4:0.05,14M,A4,0.05,0.5,5.434098449684459,-6.0372804043140604e-05,0.08212998274184471,0.6399829189043876,True
14M:A4:0.05,14M,A4,0.05,0.6,5.479514490217852,0.04535566772934985,0.08758280507178277,0.6824730429063595,True
14M:A4:0.05,14M,A4,0.05,0.7,5.8648627044181145,0.4307038819296123,0.09416939838131953,0.7337978705898526,True
14M:A4:0.05,14M,A4,0.05,0.8,6.693103096188878,1.2589442737003758,0.10191343626943197,0.7941418741593954,True
14M:A4:0.05,14M,A4,0.05,0.9,8.09124522519535,2.657086402706847,0.1146223626894033,0.8931738665556435,True
14M:A4:0.1,14M,A4,0.1,0.0,5.419630454136775,0.0,0.08953012178446082,0.697647153410294,False
14M:A4:0.1,14M,A4,0.1,0.1,5.419630454136775,0.0,0.08953012178446082,0.697647153410294,False
14M:A4:0.1,14M,A4,0.1,0.2,5.419630454136775,0.0,0.08953012178446082,0.697647153410294,False
14M:A4:0.1,14M,A4,0.1,0.3,5.419630454136775,0.0,0.08953012178446082,0.697647153410294,False
14M:A4:0.1,14M,A4,0.1,0.4,5.419630454136775,0.0,0.08953012178446082,0.697647153410294,False
14M:A4:0.1,14M,A4,0.1,0.5,5.4196053877384704,-2.5066398304574022e-05,0.08953739814579073,0.6977038531295373,True
14M:A4:0.1,14M,A4,0.1,0.6,5.4465989304717475,0.026968476334972458,0.0934235743765663,0.7279861729903139,True
14M:A4:0.1,14M,A4,0.1,0.7,5.775361882864371,0.3557314287275961,0.10011998130621473,0.7801667032904194,True
14M:A4:0.1,14M,A4,0.1,0.8,6.579616713100637,1.1599862589638619,0.10655357727987962,0.8302993271242703,True
14M:A4:0.1,14M,A4,0.1,0.9,7.759893935107621,2.3402634809708456,0.11378150869951766,0.8866216651201347,True
14M:A4:0.5,14M,A4,0.5,0.0,5.659684058477187,0.0,0.10215435331109812,0.7960191762894099,True
14M:A4:0.5,14M,A4,0.5,0.1,5.659684058477187,0.0,0.10215435331109812,0.7960191762894099,True
14M:A4:0.5,14M,A4,0.5,0.2,5.659684058477187,0.0,0.10215435331109812,0.7960191762894099,True
14M:A4:0.5,14M,A4,0.5,0.3,5.659684058477187,0.0,0.10215435331109812,0.7960191762894099,True
14M:A4:0.5,14M,A4,0.5,0.4,5.659684058477187,0.0,0.10215435331109812,0.7960191762894099,True
14M:A4:0.5,14M,A4,0.5,0.5,5.659684058477187,0.0,0.10215435331109812,0.7960191762894099,True
14M:A4:0.5,14M,A4,0.5,0.6,5.660416823872448,0.0007327653952611257,0.10227092141090856,0.7969275119577894,True
14M:A4:0.5,14M,A4,0.5,0.7,5.7057768508527404,0.046092792375553415,0.1056314831258488,0.8231140765190654,True
14M:A4:0.5,14M,A4,0.5,0.8,6.099448690047631,0.4397646315704442,0.11325651370204783,0.8825307373045642,True
14M:A4:0.5,14M,A4,0.5,0.9,6.824760501906717,1.1650764434295295,0.12067310092512909,0.940323141258379,True
14M:A4-OL1:0.0,14M,A4-OL1,0.0,0.0,5.458294967927876,0.0,0.07810042365035152,0.6085833142389697,True
14M:A4-OL1:0.0,14M,A4-OL1,0.0,0.1,5.458294967927876,0.0,0.07810042365035152,0.6085833142389697,True
14M:A4-OL1:0.0,14M,A4-OL1,0.0,0.2,5.458294967927876,0.0,0.07810042365035152,0.6085833142389697,True
14M:A4-OL1:0.0,14M,A4-OL1,0.0,0.3,5.458294967927876,0.0,0.07810042365035152,0.6085833142389697,True
14M:A4-OL1:0.0,14M,A4-OL1,0.0,0.4,5.458905792800633,0.0006108248727567656,0.07895432928493579,0.6152372182365863,True
14M:A4-OL1:0.0,14M,A4-OL1,0.0,0.5,5.4860624265388624,0.027767458610986395,0.08273238638518834,0.6446770394819787,True
14M:A4-OL1:0.0,14M,A4-OL1,0.0,0.6,5.68792817225823,0.22963320433035417,0.08747913320376663,0.6816651987733613,True
14M:A4-OL1:0.0,14M,A4-OL1,0.0,0.7,6.359815380982393,0.9015204130545174,0.09052849076956064,0.7054267617323382,True
14M:A4-OL1:0.0,14M,A4-OL1,0.0,0.8,7.528212085278077,2.069917117350201,0.09291679419357368,0.7240371807961481,True
14M:A4-OL1:0.0,14M,A4-OL1,0.0,0.9,9.37712335727624,3.9188283893483637,0.09771585287966439,0.7614329707791037,True
14M:A4-OL1:0.01,14M,A4-OL1,0.01,0.0,5.458331256223148,0.0,0.08586723161261314,0.6691047494605252,True
14M:A4-OL1:0.01,14M,A4-OL1,0.01,0.1,5.458331256223148,0.0,0.08586723161261314,0.6691047494605252,True
14M:A4-OL1:0.01,14M,A4-OL1,0.01,0.2,5.458331256223148,0.0,0.08586723161261314,0.6691047494605252,True
14M:A4-OL1:0.01,14M,A4-OL1,0.01,0.3,5.458331256223148,0.0,0.08586723161261314,0.6691047494605252,True
14M:A4-OL1:0.01,14M,A4-OL1,0.01,0.4,5.458331256223148,0.0,0.08586723161261314,0.6691047494605252,True
14M:A4-OL1:0.01,14M,A4-OL1,0.01,0.5,5.469939624769448,0.011608368546299985,0.08880089018709961,0.6919647491207,True
14M:A4-OL1:0.01,14M,A4-OL1,0.01,0.6,5.638240218162537,0.17990896193938877,0.09259486671165913,0.7215286195780262,True
14M:A4-OL1:0.01,14M,A4-OL1,0.01,0.7,6.227583691918638,0.7692524356954902,0.09514375371071038,0.7413903568772738,True
14M:A4-OL1:0.01,14M,A4-OL1,0.01,0.8,7.205337222511246,1.7470059662880981,0.09632549585166256,0.7505988670888992,True
14M:A4-OL1:0.01,14M,A4-OL1,0.01,0.9,9.073682137494963,3.615350881271815,0.09855945696450973,0.7680066018282663,True
14M:A4-OL1:0.05,14M,A4-OL1,0.05,0.0,5.489813471686911,0.0,0.10456447211090765,0.8147995876923527,False
14M:A4-OL1:0.05,14M,A4-OL1,0.05,0.1,5.489813471686911,0.0,0.10456447211090765,0.8147995876923527,False
14M:A4-OL1:0.05,14M,A4-OL1,0.05,0.2,5.489813471686911,0.0,0.10456447211090765,0.8147995876923527,False
14M:A4-OL1:0.05,14M,A4-OL1,0.05,0.3,5.489813471686911,0.0,0.10456447211090765,0.8147995876923527,False
14M:A4-OL1:0.05,14M,A4-OL1,0.05,0.4,5.489813471686911,0.0,0.10456447211090765,0.8147995876923527,False
14M:A4-OL1:0.05,14M,A4-OL1,0.05,0.5,5.489736025150005,-7.744653690533454e-05,0.10457654017883378,0.8148936259117588,True
14M:A4-OL1:0.05,14M,A4-OL1,0.05,0.6,5.5285222713763895,0.03870879968947882,0.10620755059908198,0.8276029772919351,True
14M:A4-OL1:0.05,14M,A4-OL1,0.05,0.7,5.9246955778471815,0.4348821061602708,0.10831826074659497,0.8440503013515595,True
14M:A4-OL1:0.05,14M,A4-OL1,0.05,0.8,6.802904442922603,1.3130909712356926,0.1092235483481723,0.8511045899604651,True
14M:A4-OL1:0.05,14M,A4-OL1,0.05,0.9,7.925415943360187,2.4356024716732767,0.10933577031455731,0.8519790591763909,True
14M:A4-OL1:0.1,14M,A4-OL1,0.1,0.0,5.548308890246781,0.0,0.11394291208551928,0.8878793715830602,True
14M:A4-OL1:0.1,14M,A4-OL1,0.1,0.1,5.548308890246781,0.0,0.11394291208551928,0.8878793715830602,True
14M:A4-OL1:0.1,14M,A4-OL1,0.1,0.2,5.548308890246781,0.0,0.11394291208551928,0.8878793715830602,True
14M:A4-OL1:0.1,14M,A4-OL1,0.1,0.3,5.548308890246781,0.0,0.11394291208551928,0.8878793715830602,True
14M:A4-OL1:0.1,14M,A4-OL1,0.1,0.4,5.548308890246781,0.0,0.11394291208551928,0.8878793715830602,True
14M:A4-OL1:0.1,14M,A4-OL1,0.1,0.5,5.548308890246781,0.0,0.11394291208551928,0.8878793715830602,True
14M:A4-OL1:0.1,14M,A4-OL1,0.1,0.6,5.605809604627846,0.05750071438106552,0.11437945711311338,0.8912810691320665,True
14M:A4-OL1:0.1,14M,A4-OL1,0.1,0.7,6.020794285119638,0.4724853948728569,0.1158126377690449,0.9024488681365225,True
14M:A4-OL1:0.1,14M,A4-OL1,0.1,0.8,6.474282314791482,0.9259734245447016,0.11570704709940842,0.9016260720916793,False
14M:A4-OL1:0.1,14M,A4-OL1,0.1,0.9,7.2906065121204895,1.7422976218737087,0.11573646299414518,0.9018552900891431,False
14M:A4-OL1:0.5,14M,A4-OL1,0.5,0.0,6.037985859537971,0.0,0.1271345631932865,0.9906729081122697,True
14M:A4-OL1:0.5,14M,A4-OL1,0.5,0.1,6.037985859537971,0.0,0.1271345631932865,0.9906729081122697,True
14M:A4-OL1:0.5,14M,A4-OL1,0.5,0.2,6.037985859537971,0.0,0.1271345631932865,0.9906729081122697,True
14M:A4-OL1:0.5,14M,A4-OL1,0.5,0.3,6.037985859537971,0.0,0.1271345631932865,0.9906729081122697,True
14M:A4-OL1:0.5,14M,A4-OL1,0.5,0.4,6.037985859537971,0.0,0.1271345631932865,0.9906729081122697,True
14M:A4-OL1:0.5,14M,A4-OL1,0.5,0.5,6.037985859537971,0.0,0.1271345631932865,0.9906729081122697,True
14M:A4-OL1:0.5,14M,A4-OL1,0.5,0.6,6.037985859537971,0.0,0.1271345631932865,0.9906729081122697,True
14M:A4-OL1:0.5,14M,A4-OL1,0.5,0.7,6.037985859537971,0.0,0.1271345631932865,0.9906729081122697,True
14M:A4-OL1:0.5,14M,A4-OL1,0.5,0.8,6.037985859537971,0.0,0.1271345631932865,0.9906729081122697,True
14M:A4-OL1:0.5,14M,A4-OL1,0.5,0.9,6.077768207301755,0.039782347763783754,0.1273892707524606,0.9926576703360683,True
14M:A7:0.0,14M,A7,0.0,0.0,5.468387399199447,0.0,0.07217647332844829,0.240970769670348,False
14M:A7:0.0,14M,A7,0.0,0.1,5.468387399199447,0.0,0.07217647332844829,0.240970769670348,False
14M:A7:0.0,14M,A7,0.0,0.2,5.468387399199447,0.0,0.07217647332844829,0.240970769670348,False
14M:A7:0.0,14M,A7,0.0,0.3,5.468387399199447,0.0,0.07217647332844829,0.240970769670348,False
14M:A7:0.0,14M,A7,0.0,0.4,5.468296441100758,-9.095809868853166e-05,0.0722554032663128,0.24123428778089204,False
14M:A7:0.0,14M,A7,0.0,0.5,5.467938950781286,-0.0004484484181608295,0.07318744754632799,0.24434604175230115,True
14M:A7:0.0,14M,A7,0.0,0.6,5.530789410574196,0.062402011374749655,0.08079712189144792,0.26975195311540867,True
14M:A7:0.0,14M,A7,0.0,0.7,5.943677547415333,0.475290148215886,0.08953316599313331,0.2989183999363494,True
14M:A7:0.0,14M,A7,0.0,0.8,6.973735144857824,1.5053477456583773,0.10213539091903186,0.340992606390486,True
14M:A7:0.0,14M,A7,0.0,0.9,8.245313081515611,2.7769256823161648,0.11624239160706323,0.3880907071534002,True
14M:A7:0.01,14M,A7,0.01,0.0,5.458821531583571,0.0,0.07617672767101412,0.2543261516023342,False
14M:A7:0.01,14M,A7,0.01,0.1,5.458821531583571,0.0,0.07617672767101412,0.2543261516023342,False
14M:A7:0.01,14M,A7,0.01,0.2,5.458821531583571,0.0,0.07617672767101412,0.2543261516023342,False
14M:A7:0.01,14M,A7,0.01,0.3,5.458821531583571,0.0,0.07617672767101412,0.2543261516023342,False
14M:A7:0.01,14M,A7,0.01,0.4,5.458821531583571,0.0,0.07617672767101412,0.2543261516023342,False
14M:A7:0.01,14M,A7,0.01,0.5,5.458505497881647,-0.00031603370192456737,0.076639741551664,0.25587198511349135,True
14M:A7:0.01,14M,A7,0.01,0.6,5.526362038928376,0.06754050734480455,0.0837837393021447,0.27972317314013107,True
14M:A7:0.01,14M,A7,0.01,0.7,5.985893245984816,0.5270717144012451,0.09191072686986827,0.3068562035998475,True
14M:A7:0.01,14M,A7,0.01,0.8,7.069428812117266,1.6106072805336948,0.10404302667190496,0.34736150243682856,True
14M:A7:0.01,14M,A7,0.01,0.9,8.321679277532905,2.8628577459493334,0.11911007886295576,0.3976648630155418,True
14M:A7:0.05,14M,A7,0.05,0.0,5.437900045919701,0.0,0.09126911190049944,0.30471408656543314,False
14M:A7:0.05,14M,A7,0.05,0.1,5.437900045919701,0.0,0.09126911190049944,0.30471408656543314,False
14M:A7:0.05,14M,A7,0.05,0.2,5.437900045919701,0.0,0.09126911190049944,0.30471408656543314,False
14M:A7:0.05,14M,A7,0.05,0.3,5.437900045919701,0.0,0.09126911190049944,0.30471408656543314,False
14M:A7:0.05,14M,A7,0.05,0.4,5.437900045919701,0.0,0.09126911190049944,0.30471408656543314,False
14M:A7:0.05,14M,A7,0.05,0.5,5.43780301661181,-9.702930789057262e-05,0.09135878821289112,0.30501348287868724,True
14M:A7:0.05,14M,A7,0.05,0.6,5.486366971710025,0.048466925790323856,0.09690225323035288,0.3235210791950052,True
14M:A7:0.05,14M,A7,0.05,0.7,5.886099009118842,0.44819896319914143,0.10380242179706975,0.3465582110150984,True
14M:A7:0.05,14M,A7,0.05,0.8,6.760145482932322,1.3222454370126213,0.11274490267010298,0.376413874493295,True
14M:A7:0.05,14M,A7,0.05,0.9,8.294657681820661,2.8567576359009603,0.1294877319001155,0.4323120399197999,True
14M:A7:0.1,14M,A7,0.1,0.0,5.428702762141031,0.0,0.10425046209737196,0.3480540532338759,False
14M:A7:0.1,14M,A7,0.1,0.1,5.428702762141031,0.0,0.10425046209737196,0.3480540532338759,False
14M:A7:0.1,14M,A7,0.1,0.2,5.428702762141031,0.0,0.10425046209737196,0.3480540532338759,False
14M:A7:0.1,14M,A7,0.1,0.3,5.428702762141031,0.0,0.10425046209737196,0.3480540532338759,False
14M:A7:0.1,14M,A7,0.1,0.4,5.428702762141031,0.0,0.10425046209737196,0.3480540532338759,False
14M:A7:0.1,14M,A7,0.1,0.5,5.4286954529892055,-7.309151825118931e-06,0.10425092171788121,0.34805558773816464,True
14M:A7:0.1,14M,A7,0.1,0.6,5.463744886528105,0.03504212438707466,0.10842009128284277,0.36197491563859,True
14M:A7:0.1,14M,A7,0.1,0.7,5.804616279150608,0.3759135170095771,0.11614820854769603,0.3877762644650973,True
14M:A7:0.1,14M,A7,0.1,0.8,6.613795860279241,1.1850930981382106,0.1254192614985054,0.418728909588734,True
14M:A7:0.1,14M,A7,0.1,0.9,7.8217048207683675,2.393002058627337,0.14115525528693562,0.4712656207892141,True
14M:A7:0.5,14M,A7,0.5,0.0,5.702901842326102,0.0,0.15386770840497463,0.5137078387445304,True
14M:A7:0.5,14M,A7,0.5,0.1,5.702901842326102,0.0,0.15386770840497463,0.5137078387445304,True
14M:A7:0.5,14M,A7,0.5,0.2,5.702901842326102,0.0,0.15386770840497463,0.5137078387445304,True
14M:A7:0.5,14M,A7,0.5,0.3,5.702901842326102,0.0,0.15386770840497463,0.5137078387445304,True
14M:A7:0.5,14M,A7,0.5,0.4,5.702901842326102,0.0,0.15386770840497463,0.5137078387445304,True
14M:A7:0.5,14M,A7,0.5,0.5,5.702901842326102,0.0,0.15386770840497463,0.5137078387445304,True
14M:A7:0.5,14M,A7,0.5,0.6,5.704141648563407,0.001239806237305352,0.15465712302054518,0.5163434045837951,True
14M:A7:0.5,14M,A7,0.5,0.7,5.761268663688524,0.058366821362421994,0.1660819432979431,0.5544866887958385,True
14M:A7:0.5,14M,A7,0.5,0.8,6.144581114046672,0.4416792717205702,0.18985109955308027,0.6338431828593634,True
14M:A7:0.5,14M,A7,0.5,0.9,6.797961992624948,1.0950601502988464,0.22746729863479132,0.7594298737405348,True
14M:A7-OL1:0.0,14M,A7-OL1,0.0,0.0,5.480181639011089,0.0,0.07054236387068362,0.23551507759224888,False
14M:A7-OL1:0.0,14M,A7-OL1,0.0,0.1,5.480181639011089,0.0,0.07054236387068362,0.23551507759224888,False
14M:A7-OL1:0.0,14M,A7-OL1,0.0,0.2,5.480181639011089,0.0,0.07054236387068362,0.23551507759224888,False
14M:A7-OL1:0.0,14M,A7-OL1,0.0,0.3,5.480164278893781,-1.7360117308129475e-05,0.07057600421124625,0.23562739034990415,False
14M:A7-OL1:0.0,14M,A7-OL1,0.0,0.4,5.479698386418043,-0.0004832525930460463,0.07081021982476694,0.2364093503717254,True
14M:A7-OL1:0.0,14M,A7-OL1,0.0,0.5,5.480322166307438,0.00014052729634883576,0.07227817159617428,0.2413103028827364,True
14M:A7-OL1:0.0,14M,A7-OL1,0.0,0.6,5.550614424005768,0.07043278499467842,0.08069088637599289,0.26939727169714334,True
14M:A7-OL1:0.0,14M,A7-OL1,0.0,0.7,6.007140845236694,0.5269592062256043,0.08979246311546543,0.29978409791604066,True
14M:A7-OL1:0.0,14M,A7-OL1,0.0,0.8,6.941022582308075,1.4608409432969856,0.1020918432845774,0.3408472168125821,True
14M:A7-OL1:0.0,14M,A7-OL1,0.0,0.9,8.207801330724411,2.727619691713322,0.11624306770186069,0.3880929643859332,True
14M:A7-OL1:0.01,14M,A7-OL1,0.01,0.0,5.475793192372519,0.0,0.07723403231219006,0.2578561039733899,False
14M:A7-OL1:0.01,14M,A7-OL1,0.01,0.1,5.475793192372519,0.0,0.07723403231219006,0.2578561039733899,False
14M:A7-OL1:0.01,14M,A7-OL1,0.01,0.2,5.475793192372519,0.0,0.07723403231219006,0.2578561039733899,False
14M:A7-OL1:0.01,14M,A7-OL1,0.01,0.3,5.475793192372519,0.0,0.07723403231219006,0.2578561039733899,False
14M:A7-OL1:0.01,14M,A7-OL1,0.01,0.4,5.475532987414027,-0.0002602049584918831,0.07731594920101868,0.25812959441757116,True
14M:A7-OL1:0.01,14M,A7-OL1,0.01,0.5,5.476153015385012,0.00035982301249326554,0.0779105548798838,0.26011476467428984,True
14M:A7-OL1:0.01,14M,A7-OL1,0.01,0.6,5.534030534811979,0.058237342439459994,0.08581777413633077,0.28651406935501894,True
14M:A7-OL1:0.01,14M,A7-OL1,0.01,0.7,5.93097405391332,0.45518086154080084,0.09416665980488192,0.3143879361798136,True
14M:A7-OL1:0.01,14M,A7-OL1,0.01,0.8,6.837059490779448,1.361266298406929,0.10591005815216897,0.3535948357108258,True
14M:A7-OL1:0.01,14M,A7-OL1,0.01,0.9,8.174582810091549,2.6987896177190294,0.12079383800794931,0.40328631718748825,True
14M:A7-OL1:0.05,14M,A7-OL1,0.05,0.0,5.462823045324292,0.0,0.09862985701143426,0.32928891452436726,False
14M:A7-OL1:0.05,14M,A7-OL1,0.05,0.1,5.462823045324292,0.0,0.09862985701143426,0.32928891452436726,False
14M:A7-OL1:0.05,14M,A7-OL1,0.05,0.2,5.462823045324292,0.0,0.09862985701143426,0.32928891452436726,False
14M:A7-OL1:0.05,14M,A7-OL1,0.05,0.3,5.462823045324292,0.0,0.09862985701143426,0.32928891452436726,False
14M:A7-OL1:0.05,14M,A7-OL1,0.05,0.4,5.462823045324292,0.0,0.09862985701143426,0.32928891452436726,False
14M:A7-OL1:0.05,14M,A7-OL1,0.05,0.5,5.462710346695939,-0.00011269862835305844,0.09867302587191089,0.3294330395148958,True
14M:A7-OL1:0.05,14M,A7-OL1,0.05,0.6,5.503036353715073,0.040213308390780966,0.10411354943690874,0.3475969520809932,True
14M:A7-OL1:0.05,14M,A7-OL1,0.05,0.7,5.836176698729837,0.3733536534055446,0.11073841653992665,0.36971495329606197,True
14M:A7-OL1:0.05,14M,A7-OL1,0.05,0.8,6.6783231750747865,1.2155001297504944,0.11920563350935859,0.3979838849298502,True
14M:A7-OL1:0.05,14M,A7-OL1,0.05,0.9,8.023400250271226,2.5605772049469344,0.13588902857643878,0.4536836214871397,True
14M:A7-OL1:0.1,14M,A7-OL1,0.1,0.0,5.429461431221144,0.0,0.11796797750520101,0.39385180551178545,True
14M:A7-OL1:0.1,14M,A7-OL1,0.1,0.1,5.429461431221144,0.0,0.11796797750520101,0.39385180551178545,True
14M:A7-OL1:0.1,14M,A7-OL1,0.1,0.2,5.429461431221144,0.0,0.11796797750520101,0.39385180551178545,True
14M:A7-OL1:0.1,14M,A7-OL1,0.1,0.3,5.429461431221144,0.0,0.11796797750520101,0.39385180551178545,True
14M:A7-OL1:0.1,14M,A7-OL1,0.1,0.4,5.429461431221144,0.0,0.11796797750520101,0.39385180551178545,True
14M:A7-OL1:0.1,14M,A7-OL1,0.1,0.5,5.429461431221144,0.0,0.11796797750520101,0.39385180551178545,True
14M:A7-OL1:0.1,14M,A7-OL1,0.1,0.6,5.453680927936848,0.02421949671570367,0.12202924289107457,0.4074108809381511,True
14M:A7-OL1:0.1,14M,A7-OL1,0.1,0.7,5.76077379277472,0.331312361553576,0.1286020106577943,0.42935494157967646,True
14M:A7-OL1:0.1,14M,A7-OL1,0.1,0.8,6.558794324214642,1.1293328929934976,0.13661474303984755,0.4561065158839429,True
14M:A7-OL1:0.1,14M,A7-OL1,0.1,0.9,8.01822628777408,2.5887648565529364,0.15134411460861558,0.5052824847281785,True
14M:A7-OL1:0.5,14M,A7-OL1,0.5,0.0,5.829377546818299,0.0,0.27482413190436367,0.9175369692505798,True
14M:A7-OL1:0.5,14M,A7-OL1,0.5,0.1,5.829377546818299,0.0,0.27482413190436367,0.9175369692505798,True
14M:A7-OL1:0.5,14M,A7-OL1,0.5,0.2,5.829377546818299,0.0,0.27482413190436367,0.9175369692505798,True
14M:A7-OL1:0.5,14M,A7-OL1,0.5,0.3,5.829377546818299,0.0,0.27482413190436367,0.9175369692505798,True
14M:A7-OL1:0.5,14M,A7-OL1,0.5,0.4,5.829377546818299,0.0,0.27482413190436367,0.9175369692505798,True
14M:A7-OL1:0.5,14M,A7-OL1,0.5,0.5,5.829377546818299,0.0,0.27482413190436367,0.9175369692505798,True
14M:A7-OL1:0.5,14M,A7-OL1,0.5,0.6,5.829377546818299,0.0,0.27482413190436367,0.9175369692505798,True
14M:A7-OL1:0.5,14M,A7-OL1,0.5,0.7,5.845568449539546,0.016190902721247014,0.27639064590740575,0.9227669848997878,True
14M:A7-OL1:0.5,14M,A7-OL1,0.5,0.8,6.022108804544754,0.1927312577264546,0.2822576641026958,0.9423548065955833,True
14M:A7-OL1:0.5,14M,A7-OL1,0.5,0.9,6.584487718237928,0.7551101714196289,0.28969357721488487,0.9671805929386212,True
70M:A0:None,70M,A0,,0.0,4.09976596627715,0.0,4.5409213981255505e-06,1.2251766604285033e-05,True
70M:A0:None,70M,A0,,0.1,4.103607641874686,0.0038416755975356764,0.03704771712817537,0.09995768340393278,True
70M:A0:None,70M,A0,,0.2,4.130720967019098,0.030955000741947458,0.07409856288236771,0.19992380808935703,True
70M:A0:None,70M,A0,,0.3,4.207335302462945,0.10756933618579456,0.11128198547050681,0.30024763560296086,True
70M:A0:None,70M,A0,,0.4,4.397794885748237,0.29802891947108634,0.14844232616673478,0.40050918633886107,True
70M:A0:None,70M,A0,,0.5,4.833056628704071,0.7332906624269206,0.18588524587805907,0.5015331577019182,True
70M:A0:None,70M,A0,,0.6,5.657785163828607,1.5580191975514568,0.22410886102846378,0.6046635073679759,True
70M:A0:None,70M,A0,,0.7,6.927989370724153,2.8282234044470025,0.2634840039958558,0.7109007705467614,True
70M:A0:None,70M,A0,,0.8,8.072236460341504,3.9724704940643534,0.30462128661166776,0.8218924264585964,True
70M:A0:None,70M,A0,,0.9,9.179397353053798,5.079631386776647,0.34581402736813455,0.9330337128387965,True
70M:A1-H:None,70M,A1-H,,0.0,4.222749641308417,0.0,0.1006575817198192,0.2715821504182036,True
70M:A1-H:None,70M,A1-H,,0.1,4.223747295035413,0.0009976537269960062,0.1253699152762549,0.33825798918204386,True
70M:A1-H:None,70M,A1-H,,0.2,4.2345100027569655,0.011760361448548196,0.15009889653338568,0.40497874476463774,True
70M:A1-H:None,70M,A1-H,,0.3,4.269463841379041,0.04671420007062377,0.17485463133689724,0.4717716835403232,True
70M:A1-H:None,70M,A1-H,,0.4,4.34614380753252,0.12339416622410226,0.19985071975821428,0.5392131154674346,True
70M:A1-H:None,70M,A1-H,,0.5,4.522053564088584,0.29930392278016704,0.22515643290083476,0.6074899394852112,True
70M:A1-H:None,70M,A1-H,,0.6,4.914340298909408,0.6915906576009903,0.251077096084812,0.6774259475582566,True
70M:A1-H:None,70M,A1-H,,0.7,5.722640647690677,1.49989100638226,0.27893497516536875,0.7525887179876819,True
70M:A1-H:None,70M,A1-H,,0.8,6.912034926329844,2.689285285021427,0.3103507465144421,0.8373509643505708,True
70M:A1-H:None,70M,A1-H,,0.9,9.133300532956095,4.910550891647678,0.33891162743744047,0.9144104895882894,True
70M:A4-OL1:0.0,70M,A4-OL1,0.0,0.0,4.805359604796009,0.0,0.2567254135810303,0.692665556792438,True
70M:A4-OL1:0.0,70M,A4-OL1,0.0,0.1,4.805359604796009,0.0,0.2567254135810303,0.692665556792438,True
70M:A4-OL1:0.0,70M,A4-OL1,0.0,0.2,4.805359604796009,0.0,0.2567254135810303,0.692665556792438,True
70M:A4-OL1:0.0,70M,A4-OL1,0.0,0.3,4.805359604796009,0.0,0.2567254135810303,0.692665556792438,True
70M:A4-OL1:0.0,70M,A4-OL1,0.0,0.4,4.805359604796009,0.0,0.2567254135810303,0.692665556792438,True
70M:A4-OL1:0.0,70M,A4-OL1,0.0,0.5,4.808226946895645,0.0028673420996359056,0.258619171233652,0.6977750653548583,True
70M:A4-OL1:0.0,70M,A4-OL1,0.0,0.6,5.230290624516956,0.4249310197209466,0.27324088533802515,0.7372256113685617,True
70M:A4-OL1:0.0,70M,A4-OL1,0.0,0.7,6.15390725107588,1.3485476462798713,0.2897143697637811,0.7816723807900715,True
70M:A4-OL1:0.0,70M,A4-OL1,0.0,0.8,7.118011199511015,2.312651594715006,0.3014971221215472,0.8134631825209779,True
70M:A4-OL1:0.0,70M,A4-OL1,0.0,0.9,7.8024533091212165,2.9970937043252075,0.31792763660845647,0.8577940156345024,True
70M:A4-OL1:0.01,70M,A4-OL1,0.01,0.0,4.822940648660152,0.0,0.26224248845553516,0.7075510630090179,True
70M:A4-OL1:0.01,70M,A4-OL1,0.01,0.1,4.822940648660152,0.0,0.26224248845553516,0.7075510630090179,True
70M:A4-OL1:0.01,70M,A4-OL1,0.01,0.2,4.822940648660152,0.0,0.26224248845553516,0.7075510630090179,True
70M:A4-OL1:0.01,70M,A4-OL1,0.01,0.3,4.822940648660152,0.0,0.26224248845553516,0.7075510630090179,True
70M:A4-OL1:0.01,70M,A4-OL1,0.01,0.4,4.822940648660152,0.0,0.26224248845553516,0.7075510630090179,True
70M:A4-OL1:0.01,70M,A4-OL1,0.01,0.5,4.8254127407215055,0.002472092061353237,0.263257729292244,0.710290263424077,True
70M:A4-OL1:0.01,70M,A4-OL1,0.01,0.6,5.223813095036343,0.4008724463761908,0.2760524443729041,0.7448114209585989,True
70M:A4-OL1:0.01,70M,A4-OL1,0.01,0.7,6.020536929192628,1.1975962805324754,0.292115543197476,0.7881509374323827,True
70M:A4-OL1:0.01,70M,A4-OL1,0.01,0.8,7.034792413372966,2.2118517647128133,0.30147154861615727,0.8133941831722068,True
70M:A4-OL1:0.01,70M,A4-OL1,0.01,0.9,7.946325338803804,3.123384690143652,0.31604236003300945,0.8527073896919267,True
70M:A4-OL1:0.05,70M,A4-OL1,0.05,0.0,4.8743574400625285,0.0,0.284897832081583,0.7686769795599611,True
70M:A4-OL1:0.05,70M,A4-OL1,0.05,0.1,4.8743574400625285,0.0,0.284897832081583,0.7686769795599611,True
70M:A4-OL1:0.05,70M,A4-OL1,0.05,0.2,4.8743574400625285,0.0,0.284897832081583,0.7686769795599611,True
70M:A4-OL1:0.05,70M,A4-OL1,0.05,0.3,4.8743574400625285,0.0,0.284897832081583,0.7686769795599611,True
70M:A4-OL1:0.05,70M,A4-OL1,0.05,0.4,4.8743574400625285,0.0,0.284897832081583,0.7686769795599611,True
70M:A4-OL1:0.05,70M,A4-OL1,0.05,0.5,4.874852950050986,0.0004955099884575986,0.28507246978504874,0.7691481659548751,True
70M:A4-OL1:0.05,70M,A4-OL1,0.05,0.6,5.535634320163163,0.6612768801006341,0.2905097049316868,0.7838182582442338,True
70M:A4-OL1:0.05,70M,A4-OL1,0.05,0.7,7.359787341405654,2.4854299013431254,0.2949081920944627,0.7956857259684095,False
70M:A4-OL1:0.05,70M,A4-OL1,0.05,0.8,7.455743080060158,2.581385639997629,0.3034264762587408,0.818668733226098,False
70M:A4-OL1:0.05,70M,A4-OL1,0.05,0.9,7.243011419589703,2.368653979527174,0.31690311630221324,0.8550297784735984,True
70M:A4-OL1:0.1,70M,A4-OL1,0.1,0.0,4.944038554408847,0.0,0.30574589970908406,0.8249267219201638,True
70M:A4-OL1:0.1,70M,A4-OL1,0.1,0.1,4.944038554408847,0.0,0.30574589970908406,0.8249267219201638,True
70M:A4-OL1:0.1,70M,A4-OL1,0.1,0.2,4.944038554408847,0.0,0.30574589970908406,0.8249267219201638,True
70M:A4-OL1:0.1,70M,A4-OL1,0.1,0.3,4.944038554408847,0.0,0.30574589970908406,0.8249267219201638,True
70M:A4-OL1:0.1,70M,A4-OL1,0.1,0.4,4.944038554408847,0.0,0.30574589970908406,0.8249267219201638,True
70M:A4-OL1:0.1,70M,A4-OL1,0.1,0.5,4.944038554408847,0.0,0.30574589970908406,0.8249267219201638,True
70M:A4-OL1:0.1,70M,A4-OL1,0.1,0.6,5.542679692161154,0.5986411377523071,0.30619105877474534,0.8261277964370041,True
70M:A4-OL1:0.1,70M,A4-OL1,0.1,0.7,6.453001812364928,1.508963257956081,0.3081179861734586,0.8313267996089555,True
70M:A4-OL1:0.1,70M,A4-OL1,0.1,0.8,7.219504934796215,2.2754663803873685,0.3103429146225005,0.837329833284048,True
70M:A4-OL1:0.1,70M,A4-OL1,0.1,0.9,7.361048849376701,2.417010294967854,0.3163646627464147,0.8535769880122586,True
70M:A4-OL1:0.5,70M,A4-OL1,0.5,0.0,5.3895688282667535,0.0,0.3559628423003792,0.9604160216167621,True
70M:A4-OL1:0.5,70M,A4-OL1,0.5,0.1,5.3895688282667535,0.0,0.3559628423003792,0.9604160216167621,True
70M:A4-OL1:0.5,70M,A4-OL1,0.5,0.2,5.3895688282667535,0.0,0.3559628423003792,0.9604160216167621,True
70M:A4-OL1:0.5,70M,A4-OL1,0.5,0.3,5.3895688282667535,0.0,0.3559628423003792,0.9604160216167621,True
70M:A4-OL1:0.5,70M,A4-OL1,0.5,0.4,5.3895688282667535,0.0,0.3559628423003792,0.9604160216167621,True
70M:A4-OL1:0.5,70M,A4-OL1,0.5,0.5,5.3895688282667535,0.0,0.3559628423003792,0.9604160216167621,True
70M:A4-OL1:0.5,70M,A4-OL1,0.5,0.6,5.3895688282667535,0.0,0.3559628423003792,0.9604160216167621,True
70M:A4-OL1:0.5,70M,A4-OL1,0.5,0.7,5.3895688282667535,0.0,0.3559628423003792,0.9604160216167621,True
70M:A4-OL1:0.5,70M,A4-OL1,0.5,0.8,5.398988159097863,0.009419330831109463,0.35721531886536473,0.9637953028696534,True
70M:A4-OL1:0.5,70M,A4-OL1,0.5,0.9,6.054151506818963,0.6645826785522093,0.3585330384966167,0.9673506150973983,True
70M:A7-OL1:0.0,70M,A7-OL1,0.0,0.0,4.941219700864081,0.0,0.23562397128038146,0.47674094616317386,True
70M:A7-OL1:0.0,70M,A7-OL1,0.0,0.1,4.941219700864081,0.0,0.23562397128038146,0.47674094616317386,True
70M:A7-OL1:0.0,70M,A7-OL1,0.0,0.2,4.941219700864081,0.0,0.23562397128038146,0.47674094616317386,True
70M:A7-OL1:0.0,70M,A7-OL1,0.0,0.3,4.941219700864081,0.0,0.23562397128038146,0.47674094616317386,True
70M:A7-OL1:0.0,70M,A7-OL1,0.0,0.4,4.94122252732339,2.826459309268614e-06,0.23575483436178962,0.4770057230825567,True
70M:A7-OL1:0.0,70M,A7-OL1,0.0,0.5,4.941654091756019,0.0004343908919386408,0.23752929857139315,0.4805960188475509,True
70M:A7-OL1:0.0,70M,A7-OL1,0.0,0.6,4.988302278095449,0.047082577231368106,0.2575433600086707,0.5210907212088043,True
70M:A7-OL1:0.0,70M,A7-OL1,0.0,0.7,5.282720288581396,0.3415005877173156,0.27740625779356304,0.5612795722499566,True
70M:A7-OL1:0.0,70M,A7-OL1,0.0,0.8,6.31918942505086,1.3779697241867792,0.2995763699750298,0.6061366392134834,True
70M:A7-OL1:0.0,70M,A7-OL1,0.0,0.9,8.188545169209588,3.2473254683455073,0.32901129843290144,0.6656927003688767,True
70M:A7-OL1:0.01,70M,A7-OL1,0.01,0.0,4.936403570090525,0.0,0.2422619272358166,0.4901716059792667,True
70M:A7-OL1:0.01,70M,A7-OL1,0.01,0.1,4.936403570090525,0.0,0.2422619272358166,0.4901716059792667,True
70M:A7-OL1:0.01,70M,A7-OL1,0.01,0.2,4.936403570090525,0.0,0.2422619272358166,0.4901716059792667,True
70M:A7-OL1:0.01,70M,A7-OL1,0.01,0.3,4.936403570090525,0.0,0.2422619272358166,0.4901716059792667,True
70M:A7-OL1:0.01,70M,A7-OL1,0.01,0.4,4.936403570090525,0.0,0.2422619272358166,0.4901716059792667,True
70M:A7-OL1:0.01,70M,A7-OL1,0.01,0.5,4.936423520717395,1.9950626869658095e-05,0.24310313599970834,0.4918736342569468,True
70M:A7-OL1:0.01,70M,A7-OL1,0.01,0.6,4.9818483047936795,0.04544473470315413,0.2622626118643305,0.5306392428750161,True
70M:A7-OL1:0.01,70M,A7-OL1,0.01,0.7,5.269459487771141,0.3330559176806158,0.28131247243169455,0.5691830654827537,True
70M:A7-OL1:0.01,70M,A7-OL1,0.01,0.8,6.258215036617933,1.321811466527408,0.3014189528033154,0.6098647602368558,True
70M:A7-OL1:0.01,70M,A7-OL1,0.01,0.9,7.924281748088859,2.9878781779983337,0.33265314456159184,0.6730612934697312,True
70M:A7-OL1:0.05,70M,A7-OL1,0.05,0.0,4.963675176956245,0.0,0.26523924063330423,0.5366618933209184,True
70M:A7-OL1:0.05,70M,A7-OL1,0.05,0.1,4.963675176956245,0.0,0.26523924063330423,0.5366618933209184,True
70M:A7-OL1:0.05,70M,A7-OL1,0.05,0.2,4.963675176956245,0.0,0.26523924063330423,0.5366618933209184,True
70M:A7-OL1:0.05,70M,A7-OL1,0.05,0.3,4.963675176956245,0.0,0.26523924063330423,0.5366618933209184,True
70M:A7-OL1:0.05,70M,A7-OL1,0.05,0.4,4.963675176956245,0.0,0.26523924063330423,0.5366618933209184,True
70M:A7-OL1:0.05,70M,A7-OL1,0.05,0.5,4.963675176956245,0.0,0.26523924063330423,0.5366618933209184,True
70M:A7-OL1:0.05,70M,A7-OL1,0.05,0.6,5.0028741613647645,0.03919898440851988,0.2799394807275974,0.5664050740902455,True
70M:A7-OL1:0.05,70M,A7-OL1,0.05,0.7,5.2809042602601135,0.3172290833038689,0.29857913420360144,0.6041189195280241,True
70M:A7-OL1:0.05,70M,A7-OL1,0.05,0.8,6.191748090044281,1.2280729130880363,0.31631216688866215,0.6399983877106497,True
70M:A7-OL1:0.05,70M,A7-OL1,0.05,0.9,7.603761510736138,2.6400863337798937,0.3460082381619199,0.7000828224106123,True
70M:A7-OL1:0.1,70M,A7-OL1,0.1,0.0,4.950053309900521,0.0,0.286939044941761,0.5805673804466706,True
70M:A7-OL1:0.1,70M,A7-OL1,0.1,0.1,4.950053309900521,0.0,0.286939044941761,0.5805673804466706,True
70M:A7-OL1:0.1,70M,A7-OL1,0.1,0.2,4.950053309900521,0.0,0.286939044941761,0.5805673804466706,True
70M:A7-OL1:0.1,70M,A7-OL1,0.1,0.3,4.950053309900521,0.0,0.286939044941761,0.5805673804466706,True
70M:A7-OL1:0.1,70M,A7-OL1,0.1,0.4,4.950053309900521,0.0,0.286939044941761,0.5805673804466706,True
70M:A7-OL1:0.1,70M,A7-OL1,0.1,0.5,4.950053309900521,0.0,0.286939044941761,0.5805673804466706,True
70M:A7-OL1:0.1,70M,A7-OL1,0.1,0.6,4.979425888089739,0.02937257818921779,0.2974179259609027,0.6017694322780281,True
70M:A7-OL1:0.1,70M,A7-OL1,0.1,0.7,5.261141520632795,0.3110882107322741,0.3155625218642486,0.6384816214992859,True
70M:A7-OL1:0.1,70M,A7-OL1,0.1,0.8,6.1586174534622735,1.2085641435617527,0.3339044844146751,0.6755931451412265,True
70M:A7-OL1:0.1,70M,A7-OL1,0.1,0.9,7.6748013820873915,2.7247480721868707,0.361880662085978,0.7321976974733624,True
70M:A7-OL1:0.5,70M,A7-OL1,0.5,0.0,5.215804503161526,0.0,0.40601944402034107,0.8215042503997552,False
70M:A7-OL1:0.5,70M,A7-OL1,0.5,0.1,5.215804503161526,0.0,0.40601944402034107,0.8215042503997552,False
70M:A7-OL1:0.5,70M,A7-OL1,0.5,0.2,5.215804503161526,0.0,0.40601944402034107,0.8215042503997552,False
70M:A7-OL1:0.5,70M,A7-OL1,0.5,0.3,5.215804503161526,0.0,0.40601944402034107,0.8215042503997552,False
70M:A7-OL1:0.5,70M,A7-OL1,0.5,0.4,5.215804503161526,0.0,0.40601944402034107,0.8215042503997552,False
70M:A7-OL1:0.5,70M,A7-OL1,0.5,0.5,5.215804503161526,0.0,0.40601944402034107,0.8215042503997552,False
70M:A7-OL1:0.5,70M,A7-OL1,0.5,0.6,5.215804503161526,0.0,0.40601944402034107,0.8215042503997552,False
70M:A7-OL1:0.5,70M,A7-OL1,0.5,0.7,5.205523174189957,-0.010281328971569081,0.41039536092710255,0.8303580981433637,True
70M:A7-OL1:0.5,70M,A7-OL1,0.5,0.8,5.639894910465331,0.42409040730380454,0.43176311945064527,0.8735917528540641,True
70M:A7-OL1:0.5,70M,A7-OL1,0.5,0.9,7.28962235761112,2.0738178544495938,0.45748215553737237,0.925629402214454,True
410M:A0:None,410M,A0,,0.0,4.547456437666741,0.0,0.00011047923803103942,0.00014774620105501878,True
410M:A0:None,410M,A0,,0.1,4.553016314492423,0.005559876825682153,0.0746317195722218,0.09980656312909511,True
410M:A0:None,410M,A0,,0.2,4.581109249732903,0.033652812066162774,0.148833003464567,0.19903749560003492,True
410M:A0:None,410M,A0,,0.3,4.672733952660533,0.12527751499379214,0.2224278721643295,0.29745745632132375,True
410M:A0:None,410M,A0,,0.4,4.931758412948022,0.3843019752812813,0.29538790085588484,0.3950284321911422,True
410M:A0:None,410M,A0,,0.5,5.585539915857936,1.0380834781911954,0.3680432914680814,0.49219200917114103,True
410M:A0:None,410M,A0,,0.6,6.721288022204969,2.1738315845382283,0.4409806322803354,0.5897326440643516,True
410M:A0:None,410M,A0,,0.7,7.758184469663179,3.210728031996439,0.5156362096285041,0.6895711126973638,True
410M:A0:None,410M,A0,,0.8,8.311326347159211,3.7638699094924704,0.6001293726586132,0.8025655908934726,True
410M:A0:None,410M,A0,,0.9,9.027046069591004,4.479589631924263,0.7004714056661876,0.9367550951588917,True
410M:A1-H:None,410M,A1-H,,0.0,4.651294058243904,0.0,0.21049725280441106,0.2815023889432688,True
410M:A1-H:None,410M,A1-H,,0.1,4.652483292232604,0.001189233988699634,0.2598430631068407,0.3474935755236583,True
410M:A1-H:None,410M,A1-H,,0.2,4.662035368250672,0.010741310006768146,0.3090479884180765,0.4132963536518759,True
410M:A1-H:None,410M,A1-H,,0.3,4.693631998180638,0.042337939936733626,0.35810313799034865,0.47889883354454743,True
410M:A1-H:None,410M,A1-H,,0.4,4.773735173707883,0.12244111546397907,0.407130662766229,0.5444643702178907,True
410M:A1-H:None,410M,A1-H,,0.5,4.975708694500331,0.3244146362564271,0.4561930036601399,0.6100764672157453,True
410M:A1-H:None,410M,A1-H,,0.6,5.444485698931316,0.7931916406874118,0.5058207444163609,0.6764446853022509,True
410M:A1-H:None,410M,A1-H,,0.7,6.466273088426985,1.814979030183081,0.5564224018155008,0.744115342532074,True
410M:A1-H:None,410M,A1-H,,0.8,8.391250150443534,3.7399560921996304,0.6177001369750396,0.8260633423592794,True
410M:A1-H:None,410M,A1-H,,0.9,9.02979951920594,4.378505460962035,0.6916289591077831,0.9249299060073404,True
410M:A4-OL1:0.0,410M,A4-OL1,0.0,0.0,5.692070044004,0.0,0.38338513251273937,0.5127089748194862,False
410M:A4-OL1:0.0,410M,A4-OL1,0.0,0.1,5.692070044004,0.0,0.38338513251273937,0.5127089748194862,False
410M:A4-OL1:0.0,410M,A4-OL1,0.0,0.2,5.691801722233112,-0.00026832177088742526,0.38346941867556583,0.5128216924719704,False
410M:A4-OL1:0.0,410M,A4-OL1,0.0,0.3,5.688362050338609,-0.003707993665390319,0.38393014313369633,0.5134378289482447,False
410M:A4-OL1:0.0,410M,A4-OL1,0.0,0.4,5.68729682363702,-0.004773220366979913,0.39548447365632805,0.5288896773758495,True
410M:A4-OL1:0.0,410M,A4-OL1,0.0,0.5,5.70755180663611,0.015481762632110652,0.42318637509190965,0.5659360108956177,True
410M:A4-OL1:0.0,410M,A4-OL1,0.0,0.6,5.915945363467967,0.22387531946396688,0.4658724246680389,0.6230209598445543,True
410M:A4-OL1:0.0,410M,A4-OL1,0.0,0.7,7.4580543436242275,1.7659842996202277,0.5267154071896317,0.7043875558550795,True
410M:A4-OL1:0.0,410M,A4-OL1,0.0,0.8,9.910478769674809,4.218408725670809,0.5877491851288509,0.7860093065773442,True
410M:A4-OL1:0.0,410M,A4-OL1,0.0,0.9,10.991998466514271,5.299928422510272,0.6077451955946434,0.8127503905604471,True
410M:A4-OL1:0.01,410M,A4-OL1,0.01,0.0,5.691342755182255,0.0,0.3914915531506064,0.5235498610777926,False
410M:A4-OL1:0.01,410M,A4-OL1,0.01,0.1,5.691342755182255,0.0,0.3914915531506064,0.5235498610777926,False
410M:A4-OL1:0.01,410M,A4-OL1,0.01,0.2,5.689872706430198,-0.0014700487520569183,0.39167450745599014,0.5237945297057524,False
410M:A4-OL1:0.01,410M,A4-OL1,0.01,0.3,5.684318826043394,-0.007023929138861185,0.3921182803845595,0.5243879965461805,False
410M:A4-OL1:0.01,410M,A4-OL1,0.01,0.4,5.683935488469502,-0.007407266712752936,0.3970976130044803,0.5310469624432475,True
410M:A4-OL1:0.01,410M,A4-OL1,0.01,0.5,5.70998623596846,0.01864348078620459,0.4241406447219079,0.5672121756766855,True
410M:A4-OL1:0.01,410M,A4-OL1,0.01,0.6,6.041311086987602,0.34996833180534725,0.46656124289716494,0.6239421309024341,True
410M:A4-OL1:0.01,410M,A4-OL1,0.01,0.7,8.063989942595803,2.3726471874135484,0.5268112141515168,0.7045156805136616,True
410M:A4-OL1:0.01,410M,A4-OL1,0.01,0.8,11.463443651707214,5.772100896524959,0.5838995950053002,0.780861169004077,True
410M:A4-OL1:0.01,410M,A4-OL1,0.01,0.9,13.166427914207503,7.475085159025248,0.6076246632978193,0.8125892001931204,True
410M:A4-OL1:0.05,410M,A4-OL1,0.05,0.0,5.678902223265383,0.0,0.4212450004773973,0.5633397699255428,False
410M:A4-OL1:0.05,410M,A4-OL1,0.05,0.1,5.678902223265383,0.0,0.4212450004773973,0.5633397699255428,False
410M:A4-OL1:0.05,410M,A4-OL1,0.05,0.2,5.677859106007412,-0.0010431172579705716,0.4213509247816298,0.5634814247181414,False
410M:A4-OL1:0.05,410M,A4-OL1,0.05,0.3,5.671609896174549,-0.00729232709083405,0.4217823678059768,0.5640584025191745,False
410M:A4-OL1:0.05,410M,A4-OL1,0.05,0.4,5.668597247473587,-0.010304975791796345,0.422865012267038,0.5655062456530139,True
410M:A4-OL1:0.05,410M,A4-OL1,0.05,0.5,5.68129175936682,0.0023895361014369954,0.44463688889786734,0.5946222326870649,True
410M:A4-OL1:0.05,410M,A4-OL1,0.05,0.6,5.981885483279031,0.30298326001364817,0.4825867968999227,0.6453734402226912,True
410M:A4-OL1:0.05,410M,A4-OL1,0.05,0.7,7.8834463724723225,2.2045441492069395,0.5389466342693697,0.7207446322386517,True
410M:A4-OL1:0.05,410M,A4-OL1,0.05,0.8,11.342522234606319,5.663620011340936,0.5973664024178517,0.7988706128688603,True
410M:A4-OL1:0.05,410M,A4-OL1,0.05,0.9,13.556087753476476,7.877185530211093,0.6328605118151219,0.8463376294480711,True
410M:A4-OL1:0.1,410M,A4-OL1,0.1,0.0,5.678881669890951,0.0,0.45688005634095047,0.6109952771688508,False
410M:A4-OL1:0.1,410M,A4-OL1,0.1,0.1,5.678881669890951,0.0,0.45688005634095047,0.6109952771688508,False
410M:A4-OL1:0.1,410M,A4-OL1,0.1,0.2,5.676909949652542,-0.0019717202384095245,0.45699496009575213,0.6111489403689367,False
410M:A4-OL1:0.1,410M,A4-OL1,0.1,0.3,5.6696319946875935,-0.009249675203357732,0.4573024535272732,0.6115601577810612,False
410M:A4-OL1:0.1,410M,A4-OL1,0.1,0.4,5.668002769086488,-0.010878900804462965,0.4577041689119792,0.6120973801864057,True
410M:A4-OL1:0.1,410M,A4-OL1,0.1,0.5,5.677163075413224,-0.0017185944777269313,0.4615890254021631,0.6172926802110796,True
410M:A4-OL1:0.1,410M,A4-OL1,0.1,0.6,6.1132021267738565,0.4343204568829053,0.4970978837249072,0.6647794208375163,True
410M:A4-OL1:0.1,410M,A4-OL1,0.1,0.7,8.425367970438398,2.7464863005474465,0.5506678658490205,0.7364196809486453,True
410M:A4-OL1:0.1,410M,A4-OL1,0.1,0.8,11.727086611753386,6.048204941862434,0.6001280360658097,0.8025638034398966,True
410M:A4-OL1:0.1,410M,A4-OL1,0.1,0.9,12.453641753224932,6.774760083333981,0.6214742392259776,0.8311105284180085,True
410M:A4-OL1:0.5,410M,A4-OL1,0.5,0.0,5.1911350358167345,0.0,0.7159142046881716,0.9574070740267515,True
410M:A4-OL1:0.5,410M,A4-OL1,0.5,0.1,5.1911350358167345,0.0,0.7159142046881716,0.9574070740267515,True
410M:A4-OL1:0.5,410M,A4-OL1,0.5,0.2,5.1911350358167345,0.0,0.7159142046881716,0.9574070740267515,True
410M:A4-OL1:0.5,410M,A4-OL1,0.5,0.3,5.1911350358167345,0.0,0.7159142046881716,0.9574070740267515,True
410M:A4-OL1:0.5,410M,A4-OL1,0.5,0.4,5.1911350358167345,0.0,0.7159142046881716,0.9574070740267515,True
410M:A4-OL1:0.5,410M,A4-OL1,0.5,0.5,5.1911350358167345,0.0,0.7159142046881716,0.9574070740267515,True
410M:A4-OL1:0.5,410M,A4-OL1,0.5,0.6,5.1911350358167345,0.0,0.7159142046881716,0.9574070740267515,True
410M:A4-OL1:0.5,410M,A4-OL1,0.5,0.7,5.1911350358167345,0.0,0.7159142046881716,0.9574070740267515,True
410M:A4-OL1:0.5,410M,A4-OL1,0.5,0.8,5.451792787518022,0.26065775170128713,0.7088359273295131,0.9479411453292551,False
410M:A4-OL1:0.5,410M,A4-OL1,0.5,0.9,7.231729305707491,2.0405942698907564,0.6780669113536348,0.9067930952371648,False
410M:A7-OL1:0.0,410M,A7-OL1,0.0,0.0,5.426287007755076,0.0,0.4112149408917853,0.47133257471400625,False
410M:A7-OL1:0.0,410M,A7-OL1,0.0,0.1,5.426287007755076,0.0,0.4112149408917853,0.47133257471400625,False
410M:A7-OL1:0.0,410M,A7-OL1,0.0,0.2,5.426287007755076,0.0,0.4112149408917853,0.47133257471400625,False
410M:A7-OL1:0.0,410M,A7-OL1,0.0,0.3,5.4262715853177586,-1.542243731744719e-05,0.41123134153680835,0.47135137305394237,False
410M:A7-OL1:0.0,410M,A7-OL1,0.0,0.4,5.425626565718792,-0.0006604420362839036,0.420283728798384,0.4817271755139739,True
410M:A7-OL1:0.0,410M,A7-OL1,0.0,0.5,5.455368933593028,0.029081925837951772,0.4455966449875236,0.5107407175197025,True
410M:A7-OL1:0.0,410M,A7-OL1,0.0,0.6,5.643993929293028,0.21770692153795235,0.48788733675945406,0.5592141037154292,True
410M:A7-OL1:0.0,410M,A7-OL1,0.0,0.7,6.004904260296794,0.5786172525417177,0.5338062924379764,0.6118461884378368,True
410M:A7-OL1:0.0,410M,A7-OL1,0.0,0.8,6.897410127538196,1.4711231197831198,0.585351211893448,0.6709267256082186,True
410M:A7-OL1:0.0,410M,A7-OL1,0.0,0.9,9.481256579506327,4.0549695717512515,0.6275085195300696,0.7192472275537165,True
410M:A7-OL1:0.01,410M,A7-OL1,0.01,0.0,5.433154736750224,0.0,0.41478069349241187,0.47541962308438335,False
410M:A7-OL1:0.01,410M,A7-OL1,0.01,0.1,5.433154736750224,0.0,0.41478069349241187,0.47541962308438335,False
410M:A7-OL1:0.01,410M,A7-OL1,0.01,0.2,5.433154736750224,0.0,0.41478069349241187,0.47541962308438335,False
410M:A7-OL1:0.01,410M,A7-OL1,0.01,0.3,5.433087881500199,-6.685525002581016e-05,0.4148032971305247,0.47544553126497263,False
410M:A7-OL1:0.01,410M,A7-OL1,0.01,0.4,5.431268085389448,-0.0018866513607767033,0.42188921793149287,0.483567379386777,True
410M:A7-OL1:0.01,410M,A7-OL1,0.01,0.5,5.4694602835107835,0.03630554676055908,0.44536951103780503,0.5104803776860047,True
410M:A7-OL1:0.01,410M,A7-OL1,0.01,0.6,5.70703922009327,0.2738844833430454,0.48870326729160385,0.5601493193417678,True
410M:A7-OL1:0.01,410M,A7-OL1,0.01,0.7,6.143952809847319,0.7107980730970942,0.5385084369331264,0.6172357636968728,True
410M:A7-OL1:0.01,410M,A7-OL1,0.01,0.8,7.095780945388523,1.662626208638299,0.5935906003464698,0.6803706727693059,True
410M:A7-OL1:0.01,410M,A7-OL1,0.01,0.9,9.078998418954702,3.645843682204478,0.6367904760148452,0.7298861611461219,True
410M:A7-OL1:0.05,410M,A7-OL1,0.05,0.0,5.46784974343678,0.0,0.4405306485939831,0.5049340969760009,False
410M:A7-OL1:0.05,410M,A7-OL1,0.05,0.1,5.46784974343678,0.0,0.4405306485939831,0.5049340969760009,False
410M:A7-OL1:0.05,410M,A7-OL1,0.05,0.2,5.46784974343678,0.0,0.4405306485939831,0.5049340969760009,False
410M:A7-OL1:0.05,410M,A7-OL1,0.05,0.3,5.4673063917272895,-0.0005433517094903806,0.44061992180911785,0.5050364215030504,False
410M:A7-OL1:0.05,410M,A7-OL1,0.05,0.4,5.465145329751912,-0.002704413684868179,0.44585558504209877,0.5110375133568256,True
410M:A7-OL1:0.05,410M,A7-OL1,0.05,0.5,5.510520913191801,0.042671169755021054,0.46481049464511565,0.532763538990248,True
410M:A7-OL1:0.05,410M,A7-OL1,0.05,0.6,5.826042136497046,0.35819239306026596,0.5071916779301504,0.5813406461202596,True
410M:A7-OL1:0.05,410M,A7-OL1,0.05,0.7,6.203479001507956,0.7356292580711763,0.5563320862805189,0.637665144301302,True
410M:A7-OL1:0.05,410M,A7-OL1,0.05,0.8,7.009151075013291,1.541301331576511,0.6084045418123605,0.6973503407688163,True
410M:A7-OL1:0.05,410M,A7-OL1,0.05,0.9,10.844117096895296,5.376267353458516,0.6363281620075653,0.7293562590688651,True
410M:A7-OL1:0.1,410M,A7-OL1,0.1,0.0,5.490760608537663,0.0,0.48997583978402787,0.5616079357725416,False
410M:A7-OL1:0.1,410M,A7-OL1,0.1,0.1,5.490760608537663,0.0,0.48997583978402787,0.5616079357725416,False
410M:A7-OL1:0.1,410M,A7-OL1,0.1,0.2,5.490760608537663,0.0,0.48997583978402787,0.5616079357725416,False
410M:A7-OL1:0.1,410M,A7-OL1,0.1,0.3,5.490717398344413,-4.321019325015385e-05,0.48998127524116153,0.5616141658671973,False
410M:A7-OL1:0.1,410M,A7-OL1,0.1,0.4,5.486953128724409,-0.003807479813254133,0.49024115524915285,0.561912039074376,True
410M:A7-OL1:0.1,410M,A7-OL1,0.1,0.5,5.487682559786464,-0.003078048751198992,0.49764303088951356,0.5703960331036741,True
410M:A7-OL1:0.1,410M,A7-OL1,0.1,0.6,5.812057894362501,0.32129728582483796,0.5315319793225968,0.6092393817540791,True
410M:A7-OL1:0.1,410M,A7-OL1,0.1,0.7,6.5848916113023925,1.0941310027647297,0.5870241479737602,0.672844236845421,True
410M:A7-OL1:0.1,410M,A7-OL1,0.1,0.8,7.174748465859678,1.6839878573220153,0.6430118002906794,0.737017012916003,True
410M:A7-OL1:0.1,410M,A7-OL1,0.1,0.9,10.153754917122203,4.6629943085845404,0.6610711998066701,0.7577166092225018,True
410M:A7-OL1:0.5,410M,A7-OL1,0.5,0.0,5.120694173510963,0.0,0.8061642127273922,0.924021518291779,True
410M:A7-OL1:0.5,410M,A7-OL1,0.5,0.1,5.120694173510963,0.0,0.8061642127273922,0.924021518291779,True
410M:A7-OL1:0.5,410M,A7-OL1,0.5,0.2,5.120694173510963,0.0,0.8061642127273922,0.924021518291779,True
410M:A7-OL1:0.5,410M,A7-OL1,0.5,0.3,5.120694173510963,0.0,0.8061642127273922,0.924021518291779,True
410M:A7-OL1:0.5,410M,A7-OL1,0.5,0.4,5.120694173510963,0.0,0.8061642127273922,0.924021518291779,True
410M:A7-OL1:0.5,410M,A7-OL1,0.5,0.5,5.120694173510963,0.0,0.8061642127273922,0.924021518291779,True
410M:A7-OL1:0.5,410M,A7-OL1,0.5,0.6,5.120694173510963,0.0,0.8061642127273922,0.924021518291779,True
410M:A7-OL1:0.5,410M,A7-OL1,0.5,0.7,5.121993969883439,0.0012997963724759032,0.806312084608168,0.9241910083257323,True
410M:A7-OL1:0.5,410M,A7-OL1,0.5,0.8,5.549168260845207,0.4284740873342434,0.8017184579593937,0.9189258156969181,False
410M:A7-OL1:0.5,410M,A7-OL1,0.5,0.9,6.830413269573415,1.709719096062452,0.7846553405201497,0.8993681530841613,False
