hardware_attempt,gpu,process_id,role,process_repeat,component,execution_mode,condition_id,model_size,family,kappa,partition,implementation,selected_linear_sites,attention_qk_pv_execution,process_stage,process_error,quality_scope,reference_correctness_pass,candidate_correctness_pass,mode_correctness_pass,failed_candidate_validation_blocks,max_abs_logit_error,max_relative_l2,qualified_complete_timing,canonical_validation_loss,measured_R_model_fraction,measured_R_model_percent,block_zero_product_count,model_product_count,run025_reference_validation_loss,run025_candidate_validation_loss,run025_candidate_validation_loss_delta,timing_available,paired_geomean_speedup,reference_median_host_ms,candidate_median_host_ms,speedup_input_cluster_ci95_low,speedup_input_cluster_ci95_high,paired_timing_samples,timing_input_clusters,input_manifest_sha256,development_input_sha256,manifest_sha256,timing_sha256,timing_samples_sha256,quality_sha256,source
h100nvl-002,NVIDIA H100 NVL,transfer-p0-14m-a0-h100nvl-001,p0,1,full,cuda_graph,14m/a0,14M,A0,,development,p0,a;h;m;z,unchanged dense SDPA,failed_or_incomplete,Fixed complete-validation logit/loss gate failed; candidate is unqualified,complete-validation,False,False,False,4,0.375,0.002241522539407015,False,5.2085730123096665,1.1415112639303073e-08,1.1415112639303072e-06,72635,6363055915008,5.209931990777518,5.210010041140041,9.636780785982069e-05,True,0.2964465429715789,1.074332743883133,3.6239847540855408,0.2962657633943611,0.29665278782741794,80,16,2a618fb4bd8d8dd00647e0d13197e6c3e4c0a8c54a1c4e6ba2f6cfabf009ffb4,4bd751109b82f203ed904946874d12f1d9bb576874689a7990654a39c2644378,ab484a4469fd7a91129f91d4e43123095cf29dc5af60051a5dc5696617eb19bd,04693aa37518a14b03873cd8a29b5712023ed3d03d03a253ddb57b7ee8c2b9ed,43e485936d888123abf8b45b7b3ee4a9373aa558e3a5f0d9848c651435659b2e,fd5916da1398036d9ead4591132d7623cc6515c4431e70ff737cef03c5cda7b2,runs/025-2026-09-05-pythia-agentic-sparse-kernel-search/retrieved/h100nvl-002/evidence-verified/runs/025-2026-09-05-pythia-agentic-sparse-kernel-search/artifacts/transfer-p0-14m-a0-h100nvl-001
h100nvl-002,NVIDIA H100 NVL,transfer-p0-14m-a1h-h100nvl-001,p0,1,full,cuda_graph,14m/a1h,14M,A1-H,,development,p0,h,unchanged dense SDPA,failed_or_incomplete,Fixed development logit/loss gate failed; candidate is unqualified,development-16,True,False,False,1,0.5,0.0024897807743400335,False,5.26963426093378,0.027141299328466276,2.7141299328466277,172701605233,6363055915008,5.10998873577854,5.109666996719666,-5.627936366536801e-05,False,,,,,,,,2a618fb4bd8d8dd00647e0d13197e6c3e4c0a8c54a1c4e6ba2f6cfabf009ffb4,4bd751109b82f203ed904946874d12f1d9bb576874689a7990654a39c2644378,2aa05523a8b6e1ce315c92027fe7e91834728a53c874cae0c78c76f277d017fe,,,606d8dd3ecce7a902a8f9d35d56c21b839e9b18aaf024ce3ae73bbb730b5cdaf,runs/025-2026-09-05-pythia-agentic-sparse-kernel-search/retrieved/h100nvl-002/evidence-verified/runs/025-2026-09-05-pythia-agentic-sparse-kernel-search/artifacts/transfer-p0-14m-a1h-h100nvl-001
h100nvl-002,NVIDIA H100 NVL,transfer-p0-14m-a4-0-h100nvl-001,p0,1,full,cuda_graph,14m/a4-0,14M,A4-OL1,0.0,development,p0,a;h;m;z,unchanged dense SDPA,failed_or_incomplete,Fixed development logit/loss gate failed; candidate is unqualified,development-16,False,False,False,2,0.40625,0.0014095930382609367,False,5.458276166718387,0.0781004229286857,7.81004229286857,496957358081,6363055915008,5.343147698995481,5.343333010913455,4.538129350883935e-05,False,,,,,,,,2a618fb4bd8d8dd00647e0d13197e6c3e4c0a8c54a1c4e6ba2f6cfabf009ffb4,4bd751109b82f203ed904946874d12f1d9bb576874689a7990654a39c2644378,ec602fe98f2dfb096db5e3b54e95dc0222eb33b0dcde25e72890a635a3dd43f2,,,46e45dbb49a6c241eeb1ffedc6db5a16dc0a87ab2c9c6e10dbf5b3f6d15e2cb9,runs/025-2026-09-05-pythia-agentic-sparse-kernel-search/retrieved/h100nvl-002/evidence-verified/runs/025-2026-09-05-pythia-agentic-sparse-kernel-search/artifacts/transfer-p0-14m-a4-0-h100nvl-001
h100nvl-002,NVIDIA H100 NVL,transfer-p0-14m-a4-0p5-h100nvl-001,p0,1,full,cuda_graph,14m/a4-0p5,14M,A4-OL1,0.5,development,p0,a;h;m;z,unchanged dense SDPA,complete,,complete-validation,True,True,True,0,0.0,0.0,True,6.037982463131289,0.12713448684742273,12.713448684742273,808963848536,6363055915008,6.0403026402030555,6.0403026402030555,2.822900135868167e-09,True,0.8842261931132371,1.2113414704799652,1.3706162571907043,0.8833806552272717,0.8850953406387535,80,16,2a618fb4bd8d8dd00647e0d13197e6c3e4c0a8c54a1c4e6ba2f6cfabf009ffb4,4bd751109b82f203ed904946874d12f1d9bb576874689a7990654a39c2644378,f447aacfc25f867c2d544cf4023b640454dcdd7bb144e1a9eab6147ebc4128a9,e652c17f34f97d59226622f21a0c892a412edfe5b543acace29151060f9a4e88,c0f8fa57766f12ab83f6a65a061ae6b8eeab9a3868eb9d48eb8e2183498c476a,8e38a7ca83fa6d10a81a65495d847929397a96c64f8a72f1a40b4b8e55c871cf,runs/025-2026-09-05-pythia-agentic-sparse-kernel-search/retrieved/h100nvl-002/evidence-verified/runs/025-2026-09-05-pythia-agentic-sparse-kernel-search/artifacts/transfer-p0-14m-a4-0p5-h100nvl-001
h100nvl-002,NVIDIA H100 NVL,transfer-p0-14m-a7-0-h100nvl-001,p0,1,full,cuda_graph,14m/a7-0,14M,A7-OL1,0.0,development,p0,a;h;m;z,unchanged dense SDPA,failed_or_incomplete,Fixed development logit/loss gate failed; candidate is unqualified,development-16,False,False,False,2,0.625,0.0021650809794664383,False,5.480180751642532,0.0705422917861371,7.054229178613711,448864547008,6363055915008,5.3834782215112815,5.383686611695469,0.00015406382625560155,False,,,,,,,,2a618fb4bd8d8dd00647e0d13197e6c3e4c0a8c54a1c4e6ba2f6cfabf009ffb4,4bd751109b82f203ed904946874d12f1d9bb576874689a7990654a39c2644378,0fa11f1b48521e7954f941e4a249582fdb8f3f7931c74cb25c545936219f7f4b,,,618a35d8f5d9ef056019d22e35283d70dc4738fe52bdff71484954aa89592fed,runs/025-2026-09-05-pythia-agentic-sparse-kernel-search/retrieved/h100nvl-002/evidence-verified/runs/025-2026-09-05-pythia-agentic-sparse-kernel-search/artifacts/transfer-p0-14m-a7-0-h100nvl-001
h100nvl-002,NVIDIA H100 NVL,transfer-p0-14m-a7-0p5-h100nvl-001,p0,1,full,cuda_graph,14m/a7-0p5,14M,A7-OL1,0.5,development,p0,a;h;m;z,unchanged dense SDPA,failed_or_incomplete,Fixed development logit/loss gate failed; candidate is unqualified,development-16,False,False,False,1,1.625,0.0006205083336681128,False,5.829406580981418,0.27482684296304843,27.482684296304843,1748738568719,6363055915008,5.6999932434946725,5.6999932434946725,-1.8277748305095542e-05,False,,,,,,,,2a618fb4bd8d8dd00647e0d13197e6c3e4c0a8c54a1c4e6ba2f6cfabf009ffb4,4bd751109b82f203ed904946874d12f1d9bb576874689a7990654a39c2644378,33cb223ba18fa5b31c162f1b1406b9fdd2704cc7431abdbc6863c28377e8698b,,,0dac7113628dab3a427a7a90f40206062358202dbdae2a3fa07e9a84fdc43796,runs/025-2026-09-05-pythia-agentic-sparse-kernel-search/retrieved/h100nvl-002/evidence-verified/runs/025-2026-09-05-pythia-agentic-sparse-kernel-search/artifacts/transfer-p0-14m-a7-0p5-h100nvl-001
h100nvl-002,NVIDIA H100 NVL,transfer-p0-410m-a0-h100nvl-001,p0,1,full,cuda_graph,410m/a0,410M,A0,,development,p0,a;h;m;z,unchanged dense SDPA,failed_or_incomplete,Fixed development logit/loss gate failed; candidate is unqualified,development-16,True,False,False,10,1.25,0.0029002975206822157,False,4.547456437666741,0.00011047923803103942,0.011047923803103942,30885552627,279559790395392,4.134805013100345,4.135356685040226,0.0005516719398812597,False,,,,,,,,2a618fb4bd8d8dd00647e0d13197e6c3e4c0a8c54a1c4e6ba2f6cfabf009ffb4,4bd751109b82f203ed904946874d12f1d9bb576874689a7990654a39c2644378,8eeb37fda1de5fb46341d148f85431244e35599b8fa9a193b536767d35a16ac2,,,5b1de148ee5ebed30c8e881be5d673852214b0ca444ad8dd33690821e9c76bee,runs/025-2026-09-05-pythia-agentic-sparse-kernel-search/retrieved/h100nvl-002/evidence-verified/runs/025-2026-09-05-pythia-agentic-sparse-kernel-search/artifacts/transfer-p0-410m-a0-h100nvl-001
h100nvl-002,NVIDIA H100 NVL,transfer-p0-410m-a1h-h100nvl-001,p0,1,full,cuda_graph,410m/a1h,410M,A1-H,,development,p0,h,unchanged dense SDPA,failed_or_incomplete,Fixed development logit/loss gate failed; candidate is unqualified,development-16,True,False,False,5,2.5,0.002693456830456853,False,4.651294058243904,0.21049725280441106,21.049725280441105,58846567872807,279559790395392,4.260682613370939,4.260588556018526,-9.405735241330149e-05,False,,,,,,,,2a618fb4bd8d8dd00647e0d13197e6c3e4c0a8c54a1c4e6ba2f6cfabf009ffb4,4bd751109b82f203ed904946874d12f1d9bb576874689a7990654a39c2644378,1d2df4c7c62d8384dd8bcf8ff632ff67aad3213b0787d22c428885f3d011e36b,,,8a2b33deceacc941995c219ad026f48258d091216c9bd15f7bd8f5b3a4d6de8c,runs/025-2026-09-05-pythia-agentic-sparse-kernel-search/retrieved/h100nvl-002/evidence-verified/runs/025-2026-09-05-pythia-agentic-sparse-kernel-search/artifacts/transfer-p0-410m-a1h-h100nvl-001
h100nvl-002,NVIDIA H100 NVL,transfer-p0-410m-a4-0-h100nvl-001,p0,1,full,cuda_graph,410m/a4-0,410M,A4-OL1,0.0,development,p0,a;h;m;z,unchanged dense SDPA,failed_or_incomplete,Fixed development logit/loss gate failed; candidate is unqualified,development-16,True,False,False,1,0.875,0.0009296355419792235,False,5.6920750987600295,0.3833867333385676,38.33867333385676,107179514812504,279559790395392,5.572026672512366,5.5718173580048544,-0.00020931450751149328,False,,,,,,,,2a618fb4bd8d8dd00647e0d13197e6c3e4c0a8c54a1c4e6ba2f6cfabf009ffb4,4bd751109b82f203ed904946874d12f1d9bb576874689a7990654a39c2644378,e7a75add7f40f9fe5758817b9f8ff818e94beb9adb1bf227c9ac43d672a9472b,,,efa6205a85eb0484ad7e80d6b7f6fad29dc1b42e9dc5c03700e22912a6adffef,runs/025-2026-09-05-pythia-agentic-sparse-kernel-search/retrieved/h100nvl-002/evidence-verified/runs/025-2026-09-05-pythia-agentic-sparse-kernel-search/artifacts/transfer-p0-410m-a4-0-h100nvl-001
h100nvl-002,NVIDIA H100 NVL,transfer-p0-410m-a4-0p5-h100nvl-001,p0,1,full,cuda_graph,410m/a4-0p5,410M,A4-OL1,0.5,development,p0,a;h;m;z,unchanged dense SDPA,failed_or_incomplete,Fixed development logit/loss gate failed; candidate is unqualified,development-16,True,False,False,14,6.75,0.01154700294137001,False,5.1909658185829075,0.715914446480748,71.5914446480748,200140892599191,279559790395392,5.031483048745115,5.031542190529395,5.914178427968153e-05,False,,,,,,,,2a618fb4bd8d8dd00647e0d13197e6c3e4c0a8c54a1c4e6ba2f6cfabf009ffb4,4bd751109b82f203ed904946874d12f1d9bb576874689a7990654a39c2644378,3015406e241450c4816de61b2e57ff71f513b83c216c477e49802e36d13ee578,,,9fb3302b57542f13236df8259badf2497e316267056ac55aaf662c6966581cc2,runs/025-2026-09-05-pythia-agentic-sparse-kernel-search/retrieved/h100nvl-002/evidence-verified/runs/025-2026-09-05-pythia-agentic-sparse-kernel-search/artifacts/transfer-p0-410m-a4-0p5-h100nvl-001
h100nvl-002,NVIDIA H100 NVL,transfer-p0-410m-a7-0-h100nvl-001,p0,1,full,cuda_graph,410m/a7-0,410M,A7-OL1,0.0,development,p0,a;h;m;z,unchanged dense SDPA,failed_or_incomplete,Fixed development logit/loss gate failed; candidate is unqualified,development-16,True,False,False,3,1.0,0.0015296272467821836,False,5.4262960662503215,0.4112146787868456,41.121467878684555,114959089409159,279559790395392,5.292863257873565,5.292829743698858,-3.351417470653928e-05,False,,,,,,,,2a618fb4bd8d8dd00647e0d13197e6c3e4c0a8c54a1c4e6ba2f6cfabf009ffb4,4bd751109b82f203ed904946874d12f1d9bb576874689a7990654a39c2644378,2696389e159c9c0902ad45d46d266017e5555d59bea64f36e7ed6b6b87ebd299,,,a71716e2d6d07751e3bdf62c05e0239aa44cfb96c80400bafd3a6f6355b830d7,runs/025-2026-09-05-pythia-agentic-sparse-kernel-search/retrieved/h100nvl-002/evidence-verified/runs/025-2026-09-05-pythia-agentic-sparse-kernel-search/artifacts/transfer-p0-410m-a7-0-h100nvl-001
h100nvl-002,NVIDIA H100 NVL,transfer-p0-410m-a7-0p5-h100nvl-001,p0,1,full,cuda_graph,410m/a7-0p5,410M,A7-OL1,0.5,development,p0,a;h;m;z,unchanged dense SDPA,failed_or_incomplete,Fixed development logit/loss gate failed; candidate is unqualified,development-16,True,False,False,16,7.25,0.013624715618789196,False,5.120691668705122,0.806155139186339,80.6155139186339,225368561737101,279559790395392,4.951803426365184,4.951974918158624,0.00017149179343967091,False,,,,,,,,2a618fb4bd8d8dd00647e0d13197e6c3e4c0a8c54a1c4e6ba2f6cfabf009ffb4,4bd751109b82f203ed904946874d12f1d9bb576874689a7990654a39c2644378,cc403ac1d06074bc22c45ec69bc0e741fa44b0e4a3bc5304dfe6f70e41645318,,,77d8d3d68f03fad6cdf7e919a1f2f740cfee6f47af86a8bac1fe15c583f81360,runs/025-2026-09-05-pythia-agentic-sparse-kernel-search/retrieved/h100nvl-002/evidence-verified/runs/025-2026-09-05-pythia-agentic-sparse-kernel-search/artifacts/transfer-p0-410m-a7-0p5-h100nvl-001
h100nvl-002,NVIDIA H100 NVL,transfer-p0-70m-a0-h100nvl-001,p0,1,full,cuda_graph,70m/a0,70M,A0,,development,p0,a;h;m;z,unchanged dense SDPA,failed_or_incomplete,Fixed development logit/loss gate failed; candidate is unqualified,development-16,True,False,False,1,0.5,0.0014993558870628476,False,4.09976596627715,4.5409213981255505e-06,0.00045409213981255505,160072890,35251191545856,3.6495879918234957,3.6496198437070637,3.185188356802371e-05,False,,,,,,,,2a618fb4bd8d8dd00647e0d13197e6c3e4c0a8c54a1c4e6ba2f6cfabf009ffb4,4bd751109b82f203ed904946874d12f1d9bb576874689a7990654a39c2644378,2ed0b58509d699e74155fc0f6a010041d9c4a7a2dfeeb7e31d5f151a6ee38dac,,,c091c4c3e17792d0d6497a9f2523eed527fb6a1d0c0366f8a2aafa69caea6807,runs/025-2026-09-05-pythia-agentic-sparse-kernel-search/retrieved/h100nvl-002/evidence-verified/runs/025-2026-09-05-pythia-agentic-sparse-kernel-search/artifacts/transfer-p0-70m-a0-h100nvl-001
h100nvl-002,NVIDIA H100 NVL,transfer-p0-70m-a1h-h100nvl-001,p0,1,full,cuda_graph,70m/a1h,70M,A1-H,,development,p0,h,unchanged dense SDPA,failed_or_incomplete,Fixed complete-validation logit/loss gate failed; candidate is unqualified,complete-validation,True,False,False,17,1.25,0.0017148208571597934,False,4.222749641308417,0.1006575817198192,10.06575817198192,3548299693748,35251191545856,4.231262897406735,4.231205400226361,-5.74971803741775e-05,True,0.4457181198769089,1.4497265219688416,3.269873559474945,0.4412512991231643,0.45038705204005364,80,16,2a618fb4bd8d8dd00647e0d13197e6c3e4c0a8c54a1c4e6ba2f6cfabf009ffb4,4bd751109b82f203ed904946874d12f1d9bb576874689a7990654a39c2644378,8f59c572cf2064a6144326b062e05be76b648c2f9fb242052356e73111cfe008,52f2fb86a98d495427cc41f12a97079d01e917df7c9af91e0374d846efaed44e,ccebfd7f7af0cd0cafc1c49afb021ba52246cefbc27dbae51e3086002b530b2d,5d49a0159c7a409b8ba686a661ff988bb709ddc44cdddbe4098007fd209a0d7c,runs/025-2026-09-05-pythia-agentic-sparse-kernel-search/retrieved/h100nvl-002/evidence-verified/runs/025-2026-09-05-pythia-agentic-sparse-kernel-search/artifacts/transfer-p0-70m-a1h-h100nvl-001
h100nvl-002,NVIDIA H100 NVL,transfer-p0-70m-a4-0-h100nvl-001,p0,1,full,cuda_graph,70m/a4-0,70M,A4-OL1,0.0,development,p0,a;h;m;z,unchanged dense SDPA,failed_or_incomplete,Fixed development logit/loss gate failed; candidate is unqualified,development-16,True,False,False,2,1.0,0.0021188263781368732,False,4.805361172503973,0.25672509475572236,25.672509475572237,9049865489862,35251191545856,4.591894063124962,4.592078063100154,0.00018399997519225053,False,,,,,,,,2a618fb4bd8d8dd00647e0d13197e6c3e4c0a8c54a1c4e6ba2f6cfabf009ffb4,4bd751109b82f203ed904946874d12f1d9bb576874689a7990654a39c2644378,352b0aedea933cc927d4bb533f694a00a220b8a19c56dbdccc21ea5e0916938f,,,35b54202ceacf76519eb41ca6b36b62635c3ca684360da2cd1899f115d023c91,runs/025-2026-09-05-pythia-agentic-sparse-kernel-search/retrieved/h100nvl-002/evidence-verified/runs/025-2026-09-05-pythia-agentic-sparse-kernel-search/artifacts/transfer-p0-70m-a4-0-h100nvl-001
h100nvl-002,NVIDIA H100 NVL,transfer-p0-70m-a4-0p5-h100nvl-001,p0,1,full,cuda_graph,70m/a4-0p5,70M,A4-OL1,0.5,development,p0,a;h;m;z,unchanged dense SDPA,failed_or_incomplete,Fixed complete-validation logit/loss gate failed; candidate is unqualified,complete-validation,True,False,False,1,1.5,9.555811993777752e-05,False,5.389480136202637,0.3559621916980309,35.59621916980309,12548091402630,35251191545856,5.398787630287563,5.398783032489162,-4.59779840067398e-06,True,0.5769741212188376,1.6382746398448944,2.82871350646019,0.5668192426193397,0.5872639040057224,80,16,2a618fb4bd8d8dd00647e0d13197e6c3e4c0a8c54a1c4e6ba2f6cfabf009ffb4,4bd751109b82f203ed904946874d12f1d9bb576874689a7990654a39c2644378,4ac5c2d826e50602d02ea6e4f17fb0b4fb069521bf98148b3c7eb419ea8b2d5b,c3f10f2c37eaa4f5d4e295e5da668565bf79a050515a1c41a4ec2680d10440ec,94c80a678860edde34d99c07c4268c35213235aeaa5d81d7c7c26adff5ef40fe,0ec95692a7c68ee59b13d9a444d1179578d631226058dc35d333667fdd252356,runs/025-2026-09-05-pythia-agentic-sparse-kernel-search/retrieved/h100nvl-002/evidence-verified/runs/025-2026-09-05-pythia-agentic-sparse-kernel-search/artifacts/transfer-p0-70m-a4-0p5-h100nvl-001
h100nvl-002,NVIDIA H100 NVL,transfer-p0-70m-a7-0-h100nvl-001,p0,1,full,cuda_graph,70m/a7-0,70M,A7-OL1,0.0,development,p0,a;h;m;z,unchanged dense SDPA,failed_or_incomplete,Fixed development logit/loss gate failed; candidate is unqualified,development-16,True,False,False,1,1.0,0.0017830812139436603,False,4.941205969223609,0.23562417494680196,23.562417494680197,8306032923884,35251191545856,4.740147443882244,4.7403884984600175,0.0002410545777733475,False,,,,,,,,2a618fb4bd8d8dd00647e0d13197e6c3e4c0a8c54a1c4e6ba2f6cfabf009ffb4,4bd751109b82f203ed904946874d12f1d9bb576874689a7990654a39c2644378,ccd3f1f9eda26baa3bafbe6aaf21a79fbcfea3cf78ff156f02e33d48a47eb1a3,,,47859f7bdcf9b89889a6457a2e5f98a9c7ed0a2d459ce694144bcd7e85d204c4,runs/025-2026-09-05-pythia-agentic-sparse-kernel-search/retrieved/h100nvl-002/evidence-verified/runs/025-2026-09-05-pythia-agentic-sparse-kernel-search/artifacts/transfer-p0-70m-a7-0-h100nvl-001
h100nvl-002,NVIDIA H100 NVL,transfer-p0-70m-a7-0p5-h100nvl-001,p0,1,full,cuda_graph,70m/a7-0p5,70M,A7-OL1,0.5,development,p0,a;h;m;z,unchanged dense SDPA,failed_or_incomplete,Fixed development logit/loss gate failed; candidate is unqualified,development-16,True,False,False,4,2.0,0.0006770502659492195,False,5.215924663303872,0.4060187215635989,40.60187215635989,14312643725042,35251191545856,5.036839412955698,5.036711677435729,-0.00012773551996847488,False,,,,,,,,2a618fb4bd8d8dd00647e0d13197e6c3e4c0a8c54a1c4e6ba2f6cfabf009ffb4,4bd751109b82f203ed904946874d12f1d9bb576874689a7990654a39c2644378,b060aab2a7fe9b8ec46179d95339cb4b60abcf342d227a3d6318ee2d6cb74aec,,,166939875ac5b59f9501f9075597b95bc60a1c0ec09edff257d259c77250d441,runs/025-2026-09-05-pythia-agentic-sparse-kernel-search/retrieved/h100nvl-002/evidence-verified/runs/025-2026-09-05-pythia-agentic-sparse-kernel-search/artifacts/transfer-p0-70m-a7-0p5-h100nvl-001
h100nvl-002,NVIDIA H100 NVL,transfer-winner-r1-14m-a0-k013-h100nvl-001,winner,1,full,cuda_graph,14m/a0,14M,A0,,development,k013,a;h;m;z,dense SDPA except selected attention projection linears,failed_or_incomplete,Fixed complete-validation gate failed,complete-validation,False,False,False,2,0.5,0.001744127250276506,False,5.2085730123096665,1.1415112639303073e-08,1.1415112639303072e-06,72635,6363055915008,5.209931990777518,5.209928919109439,1.5245777257533177e-05,True,0.46324762102386485,1.0699033737182617,2.3090727627277374,0.4629207767340943,0.46357018655824833,80,16,2a618fb4bd8d8dd00647e0d13197e6c3e4c0a8c54a1c4e6ba2f6cfabf009ffb4,4bd751109b82f203ed904946874d12f1d9bb576874689a7990654a39c2644378,e1e6d3c2ee3c78363b647508548b3b05ed85538104d05578f53ccbad8d492e02,9f856fda9faa220b3d3e24ce63b78a2bec1a40bac82784ff082d5c7ea4cec714,7839841c458930481acf67d44778284da82ab07f35c2dd9d7beab186656878b5,fb92e1189d658d06d51e0b6f9b4603dc16c76cbb84dc98deb23b78760f0ba3c1,runs/025-2026-09-05-pythia-agentic-sparse-kernel-search/retrieved/h100nvl-002/evidence-verified/runs/025-2026-09-05-pythia-agentic-sparse-kernel-search/artifacts/transfer-winner-r1-14m-a0-k013-h100nvl-001
h100nvl-002,NVIDIA H100 NVL,transfer-winner-r1-14m-a1h-k013-h100nvl-001,winner,1,full,cuda_graph,14m/a1h,14M,A1-H,,development,k013,h,dense SDPA except selected attention projection linears,failed_or_incomplete,Fixed complete-validation gate failed,complete-validation,False,False,False,5,0.4375,0.002142780926078558,False,5.26963426093378,0.027141299328466276,2.7141299328466277,172701605233,6363055915008,5.271250814604257,5.271235993673452,-5.2390201384255874e-05,True,0.9118436616057863,1.0674446821212769,1.1705942451953888,0.9108158852305064,0.9128787465646563,80,16,2a618fb4bd8d8dd00647e0d13197e6c3e4c0a8c54a1c4e6ba2f6cfabf009ffb4,4bd751109b82f203ed904946874d12f1d9bb576874689a7990654a39c2644378,c260e1107df66bfececd199e622f6bd44854b1041f1043e90837371af5b4e2f3,2ff40657fb36f2262ff43ff7e5e5eaf980894cc2cb5300191b982c067406647c,10b61a66659764dd82f6780d1a5ca598a3467bd5a382746671bfa15ec66d93d6,03de28f3dd25476b9a20d0aaa6eba6c4deb7c6e43e745b698d332052db7cddfa,runs/025-2026-09-05-pythia-agentic-sparse-kernel-search/retrieved/h100nvl-002/evidence-verified/runs/025-2026-09-05-pythia-agentic-sparse-kernel-search/artifacts/transfer-winner-r1-14m-a1h-k013-h100nvl-001
h100nvl-002,NVIDIA H100 NVL,transfer-winner-r1-14m-a4-0-k013-h100nvl-001,winner,1,full,cuda_graph,14m/a4-0,14M,A4-OL1,0.0,development,k013,a;h;m;z,dense SDPA except selected attention projection linears,failed_or_incomplete,Fixed pre-timing calibration gate failed,development-16,False,False,False,1,0.40625,0.0010069343261420727,False,5.458276166718387,0.0781004229286857,7.81004229286857,496957358081,6363055915008,5.343147698995481,5.34316457535036,-0.00012305426958647558,False,,,,,,,,2a618fb4bd8d8dd00647e0d13197e6c3e4c0a8c54a1c4e6ba2f6cfabf009ffb4,4bd751109b82f203ed904946874d12f1d9bb576874689a7990654a39c2644378,a7b2b49c1f97f31d433e29ca7e14a41fe189b8d8355fba34eae5894bc679d79d,,,9950738a6a4b99c1859e834283ddd6b95f13ed090d8273d5c3b2cb7fac31226c,runs/025-2026-09-05-pythia-agentic-sparse-kernel-search/retrieved/h100nvl-002/evidence-verified/runs/025-2026-09-05-pythia-agentic-sparse-kernel-search/artifacts/transfer-winner-r1-14m-a4-0-k013-h100nvl-001
h100nvl-002,NVIDIA H100 NVL,transfer-winner-r1-14m-a4-0p5-k013-h100nvl-001,winner,1,full,cuda_graph,14m/a4-0p5,14M,A4-OL1,0.5,development,k013,a;h;m;z,dense SDPA except selected attention projection linears,complete,,complete-validation,True,True,True,0,0.0,0.0,True,6.037982463131289,0.12713448684742273,12.713448684742273,808963848536,6363055915008,6.0403026402030555,6.0403026402030555,2.822900135868167e-09,True,0.9733265874847354,1.2078694999217987,1.2412890791893005,0.9726446126555622,0.9740988251027902,80,16,2a618fb4bd8d8dd00647e0d13197e6c3e4c0a8c54a1c4e6ba2f6cfabf009ffb4,4bd751109b82f203ed904946874d12f1d9bb576874689a7990654a39c2644378,e7a444e85775820df070a68ad1381633b8c4ba937b154350f2f415999c73534c,074fa18e131aa2405535d41b46226669bfffddfd271c337f2a7c80f6b791ec80,f1d6f5dd09e29d4627610ddc506b6fda58d1b8c1347b52d8d11b123a36dcab50,8e38a7ca83fa6d10a81a65495d847929397a96c64f8a72f1a40b4b8e55c871cf,runs/025-2026-09-05-pythia-agentic-sparse-kernel-search/retrieved/h100nvl-002/evidence-verified/runs/025-2026-09-05-pythia-agentic-sparse-kernel-search/artifacts/transfer-winner-r1-14m-a4-0p5-k013-h100nvl-001
h100nvl-002,NVIDIA H100 NVL,transfer-winner-r1-14m-a7-0-k013-h100nvl-001,winner,1,full,cuda_graph,14m/a7-0,14M,A7-OL1,0.0,development,k013,a;h;m;z,dense SDPA except selected attention projection linears,failed_or_incomplete,Fixed pre-timing calibration gate failed,development-16,False,False,False,1,0.375,0.0021443828009068966,False,5.480180751642532,0.0705422917861371,7.054229178613711,448864547008,6363055915008,5.3834782215112815,5.383469425531265,-6.312233794858457e-05,False,,,,,,,,2a618fb4bd8d8dd00647e0d13197e6c3e4c0a8c54a1c4e6ba2f6cfabf009ffb4,4bd751109b82f203ed904946874d12f1d9bb576874689a7990654a39c2644378,8cb421931837cd655b81a9ce7ef565b6a7c22fcfb5cf69badd77ace9ac936f3c,,,a757727319aac79c2d8108030a559b9a79f0068a9ec4e600afc9559a8c711563,runs/025-2026-09-05-pythia-agentic-sparse-kernel-search/retrieved/h100nvl-002/evidence-verified/runs/025-2026-09-05-pythia-agentic-sparse-kernel-search/artifacts/transfer-winner-r1-14m-a7-0-k013-h100nvl-001
h100nvl-002,NVIDIA H100 NVL,transfer-winner-r1-14m-a7-0p5-k013-h100nvl-001,winner,1,full,cuda_graph,14m/a7-0p5,14M,A7-OL1,0.5,development,k013,a;h;m;z,dense SDPA except selected attention projection linears,failed_or_incomplete,Fixed pre-timing calibration gate failed,development-16,False,False,False,1,1.625,0.0006205083336681128,False,5.829406580981418,0.27482684296304843,27.482684296304843,1748738568719,6363055915008,5.6999932434946725,5.6999932434946725,-1.8277748305095542e-05,False,,,,,,,,2a618fb4bd8d8dd00647e0d13197e6c3e4c0a8c54a1c4e6ba2f6cfabf009ffb4,4bd751109b82f203ed904946874d12f1d9bb576874689a7990654a39c2644378,c062584df86ebba63599368bda3758beaefc4393a3dd97cb6110eecc1bcb61e6,,,e98fb542e37d314b7dd701bfd59ccdb38503544baf0856fba3aa70e3b2e67bfc,runs/025-2026-09-05-pythia-agentic-sparse-kernel-search/retrieved/h100nvl-002/evidence-verified/runs/025-2026-09-05-pythia-agentic-sparse-kernel-search/artifacts/transfer-winner-r1-14m-a7-0p5-k013-h100nvl-001
h100nvl-002,NVIDIA H100 NVL,transfer-winner-r1-410m-a0-k010-h100nvl-001,winner,1,full,cuda_graph,410m/a0,410M,A0,,development,k010,z,dense SDPA except selected attention projection linears,complete,,complete-validation,True,True,True,0,0.0,0.0,True,4.547456437666741,0.00011047923803103942,0.011047923803103942,30885552627,279559790395392,4.549645911018601,4.549645911018601,0.0,True,0.8781796623713369,9.230691939592361,10.531056672334671,0.8762464605964735,0.8802131852496886,80,16,2a618fb4bd8d8dd00647e0d13197e6c3e4c0a8c54a1c4e6ba2f6cfabf009ffb4,4bd751109b82f203ed904946874d12f1d9bb576874689a7990654a39c2644378,d3db30dd60cc0316507e57a89b94c2f942db1abe6420dd2ee5a70ccb60760d23,c0a6f21335e7317ba0bd31f6d393359fcb76b0eefd755976e04cb5928f0f0bf0,1b55ba6348c83cdf64cb73ce62e5fba9ac649d70c199695998763c183d762e27,8314a78abcd77f91a7d1b85fc00eb4d959cd9197f124e639a4ea09dc67e81f6c,runs/025-2026-09-05-pythia-agentic-sparse-kernel-search/retrieved/h100nvl-002/evidence-verified/runs/025-2026-09-05-pythia-agentic-sparse-kernel-search/artifacts/transfer-winner-r1-410m-a0-k010-h100nvl-001
h100nvl-002,NVIDIA H100 NVL,transfer-winner-r1-410m-a1h-k010-h100nvl-001,winner,1,full,cuda_graph,410m/a1h,410M,A1-H,,development,k010,z,dense SDPA except selected attention projection linears,complete,,complete-validation,True,True,True,0,0.0,0.0,True,4.651294058243904,0.21049725280441106,21.049725280441105,58846567872807,279559790395392,4.654960938233954,4.654960938233954,0.0,True,0.8768958000806191,8.89895111322403,10.125037282705307,0.8744357289207542,0.8794507050071403,80,16,2a618fb4bd8d8dd00647e0d13197e6c3e4c0a8c54a1c4e6ba2f6cfabf009ffb4,4bd751109b82f203ed904946874d12f1d9bb576874689a7990654a39c2644378,cbdbbaeaffd48ff8737de3dbb4a6710770f2eac42892f190c8036bdab9f58d45,59850ab71fc5ee7b483732636c0cda623d79fd5327faee7757eaea6371317a9f,9dc7a50210ce36694c837ed29b7439b1d1494ac266d6442a32fccee7b3cf0c31,ebae7ab269a30343c2c8bea82bef98147f6ee880965e3874b313754a041a40c8,runs/025-2026-09-05-pythia-agentic-sparse-kernel-search/retrieved/h100nvl-002/evidence-verified/runs/025-2026-09-05-pythia-agentic-sparse-kernel-search/artifacts/transfer-winner-r1-410m-a1h-k010-h100nvl-001
h100nvl-002,NVIDIA H100 NVL,transfer-winner-r1-410m-a4-0-k010-h100nvl-001,winner,1,full,cuda_graph,410m/a4-0,410M,A4-OL1,0.0,development,k010,z,dense SDPA except selected attention projection linears,complete,,complete-validation,True,True,True,0,0.0,0.0,True,5.6920750987600295,0.3833867333385676,38.33867333385676,107179514812504,279559790395392,5.698446354449333,5.698446354449333,0.0,True,0.8911836908638833,9.285040199756622,10.416071861982346,0.8880685424159916,0.8943146849212629,80,16,2a618fb4bd8d8dd00647e0d13197e6c3e4c0a8c54a1c4e6ba2f6cfabf009ffb4,4bd751109b82f203ed904946874d12f1d9bb576874689a7990654a39c2644378,163021690e194caf74221ceb882cad88cb06e3cc699342c45fc294533405d7e6,005e7948a0b0b60857f86c41510809c3fea5a5e9d92cdc2c2f357d1ccf0eac9d,d2b1cff710fc65689705162a5f6eb22f262c862b8497c9ec8adb6a679c158e5e,dccb9b529cdc3213e6c8c99bbaef1420a3b0ab5e96b0e793ae403e1de4a6c617,runs/025-2026-09-05-pythia-agentic-sparse-kernel-search/retrieved/h100nvl-002/evidence-verified/runs/025-2026-09-05-pythia-agentic-sparse-kernel-search/artifacts/transfer-winner-r1-410m-a4-0-k010-h100nvl-001
h100nvl-002,NVIDIA H100 NVL,transfer-winner-r1-410m-a4-0p5-k010-h100nvl-001,winner,1,full,cuda_graph,410m/a4-0p5,410M,A4-OL1,0.5,development,k010,z,dense SDPA except selected attention projection linears,complete,,complete-validation,True,True,True,0,0.0,0.0,True,5.1909658185829075,0.715914446480748,71.5914446480748,200140892599191,279559790395392,5.194906924427511,5.194906924427511,0.0,True,0.9869732966843973,8.94954428076744,9.071849286556244,0.9854199193042386,0.9885945051330819,80,16,2a618fb4bd8d8dd00647e0d13197e6c3e4c0a8c54a1c4e6ba2f6cfabf009ffb4,4bd751109b82f203ed904946874d12f1d9bb576874689a7990654a39c2644378,1aee037428c2bef13b2ea44745bde14d910d10312c766a83c6b6765199b32254,a2085f3c240ec51e5faf1aafcbd4dbe60e1647def25064634f07966da46faf98,23c8163976a9985035a93b69db767eb5e1a12434320ba0e2fe5b5ca9ea3fe747,965afaec10200b5146216a0f6181dff35697490070a96b8810643f51beb81346,runs/025-2026-09-05-pythia-agentic-sparse-kernel-search/retrieved/h100nvl-002/evidence-verified/runs/025-2026-09-05-pythia-agentic-sparse-kernel-search/artifacts/transfer-winner-r1-410m-a4-0p5-k010-h100nvl-001
h100nvl-002,NVIDIA H100 NVL,transfer-winner-r1-410m-a7-0-k010-h100nvl-001,winner,1,full,cuda_graph,410m/a7-0,410M,A7-OL1,0.0,development,k010,z,dense SDPA except selected attention projection linears,complete,,complete-validation,True,True,True,0,0.0,0.0,True,5.4262960662503215,0.4112146787868456,41.121467878684555,114959089409159,279559790395392,5.430703657907065,5.430703657907065,0.0,True,0.888009701601141,9.237926453351974,10.398276150226593,0.8847984854024088,0.8912972602332911,80,16,2a618fb4bd8d8dd00647e0d13197e6c3e4c0a8c54a1c4e6ba2f6cfabf009ffb4,4bd751109b82f203ed904946874d12f1d9bb576874689a7990654a39c2644378,f807577bad674e909825561416f72a122da230ae96fdef92d03211bc1da5a04a,7e19c1e687481711d9524168d03cd2c6bbfd86c68c0893addc723efb5208849a,78f7032b22e4f3235b4b615697a46fa108c4bd78e53c678af59ad6c9f1aba6d7,c45b79b85fbbad234f9ede171e95ebd90ca2d451f8f452bd400050e8dde1b286,runs/025-2026-09-05-pythia-agentic-sparse-kernel-search/retrieved/h100nvl-002/evidence-verified/runs/025-2026-09-05-pythia-agentic-sparse-kernel-search/artifacts/transfer-winner-r1-410m-a7-0-k010-h100nvl-001
h100nvl-002,NVIDIA H100 NVL,transfer-winner-r1-410m-a7-0p5-k010-h100nvl-001,winner,1,full,cuda_graph,410m/a7-0p5,410M,A7-OL1,0.5,development,k010,z,dense SDPA except selected attention projection linears,complete,,complete-validation,True,True,True,0,0.0,0.0,True,5.120691668705122,0.806155139186339,80.6155139186339,225368561737101,279559790395392,5.124397833788957,5.124397833788957,0.0,True,0.9874288592980084,10.025713592767715,10.147936642169952,0.9857017283421481,0.9889207551095012,80,16,2a618fb4bd8d8dd00647e0d13197e6c3e4c0a8c54a1c4e6ba2f6cfabf009ffb4,4bd751109b82f203ed904946874d12f1d9bb576874689a7990654a39c2644378,752e5df05b2af1b1bd1e7010b3c5fa318297e5d2e286330730ce73545bdcd390,5f625b4f4e77fe226ee491d5539f2b15b0639551cdd1c1690967e6dd927c1625,e2d76b47a8526b2dff7cf863e62971922c64bc41a0f56d873d561d7579829c9a,68813076057957f0f6f18eef370d8cf293a082958b48941baf3de7434189a7b0,runs/025-2026-09-05-pythia-agentic-sparse-kernel-search/retrieved/h100nvl-002/evidence-verified/runs/025-2026-09-05-pythia-agentic-sparse-kernel-search/artifacts/transfer-winner-r1-410m-a7-0p5-k010-h100nvl-001
h100nvl-002,NVIDIA H100 NVL,transfer-winner-r1-70m-a0-k016-h100nvl-001,winner,1,full,cuda_graph,70m/a0,70M,A0,,development,k016,a;h;m;z,dense SDPA except selected attention projection linears,complete,,complete-validation,True,True,True,0,0.0,0.0,True,4.09976596627715,4.5409213981255505e-06,0.00045409213981255505,160072890,35251191545856,4.107609264043092,4.107609264043092,0.0,True,1.0003343016349433,1.4745146036148071,1.4740526676177979,0.9998606662341916,1.0007961106486194,80,16,2a618fb4bd8d8dd00647e0d13197e6c3e4c0a8c54a1c4e6ba2f6cfabf009ffb4,4bd751109b82f203ed904946874d12f1d9bb576874689a7990654a39c2644378,86891fd930233079fc81d98c8d731325148a0add2c970c8d3b1c46f46d42bc05,c55fa48a90da67ccd23c76c0851def8ab9b6cb43a3373715d35f65bfafff25a3,fa64224ed19f8c9ef3f510391ac7c50a37a1b9932e34d814a1dc6f56a9da928a,baafa426186a71aff7adeaacb0e79677154b95172e8067e3625b4cce0c8f537f,runs/025-2026-09-05-pythia-agentic-sparse-kernel-search/retrieved/h100nvl-002/evidence-verified/runs/025-2026-09-05-pythia-agentic-sparse-kernel-search/artifacts/transfer-winner-r1-70m-a0-k016-h100nvl-001
h100nvl-002,NVIDIA H100 NVL,transfer-winner-r1-70m-a1h-k016-h100nvl-001,winner,1,full,cuda_graph,70m/a1h,70M,A1-H,,development,k016,h,dense SDPA except selected attention projection linears,complete,,complete-validation,True,True,True,0,0.0,0.0,True,4.222749641308417,0.1006575817198192,10.06575817198192,3548299693748,35251191545856,4.231262897406735,4.231251489362048,-1.1408044686689323e-05,True,0.7908842031622562,1.458980143070221,1.8460527062416077,0.7866325847177039,0.7950035180918726,80,16,2a618fb4bd8d8dd00647e0d13197e6c3e4c0a8c54a1c4e6ba2f6cfabf009ffb4,4bd751109b82f203ed904946874d12f1d9bb576874689a7990654a39c2644378,9e78041f4f44d8400b6be2d8012d8aab7416421b0e3ff4f28d205a5ffa7b91e5,be15c735c597aca7826b4de396443a29137bc73856853268b2a42e768ba93901,273e1f9bcde1ad907988bb690e9b7ef0a8cdd87480e8a5f831e6618114eab5e6,a5940ce15c1033cb018b5edecefa57250241d60979a1408c5d832daad2f310b7,runs/025-2026-09-05-pythia-agentic-sparse-kernel-search/retrieved/h100nvl-002/evidence-verified/runs/025-2026-09-05-pythia-agentic-sparse-kernel-search/artifacts/transfer-winner-r1-70m-a1h-k016-h100nvl-001
h100nvl-002,NVIDIA H100 NVL,transfer-winner-r1-70m-a4-0-k016-h100nvl-001,winner,1,full,cuda_graph,70m/a4-0,70M,A4-OL1,0.0,development,k016,a;h;m;z,dense SDPA except selected attention projection linears,complete,,complete-validation,True,True,True,0,0.0,0.0,True,4.805361172503973,0.25672509475572236,25.672509475572237,9049865489862,35251191545856,4.81462826618565,4.814657037888332,2.8771702681673617e-05,True,0.5477815695875559,1.6352050006389618,2.9906779527664185,0.5465486095081136,0.5490493234797232,80,16,2a618fb4bd8d8dd00647e0d13197e6c3e4c0a8c54a1c4e6ba2f6cfabf009ffb4,4bd751109b82f203ed904946874d12f1d9bb576874689a7990654a39c2644378,300ca48ddeac08bdf206b7b7c7cfb73de93e1c04e440e495d8f9d2764e66ea66,111478d33cc440c2bdf967a9de11c8c9df9e68fff698c5eef7ac54b8e8b7157e,ace628633bf77db7453028a07d47aba3c901fef74546c8a0ebc241f6c047644b,c9a3fe4e2ab40c762bac76694bb45c5c5633d56457b345bbe151eea5028df079,runs/025-2026-09-05-pythia-agentic-sparse-kernel-search/retrieved/h100nvl-002/evidence-verified/runs/025-2026-09-05-pythia-agentic-sparse-kernel-search/artifacts/transfer-winner-r1-70m-a4-0-k016-h100nvl-001
h100nvl-002,NVIDIA H100 NVL,transfer-winner-r1-70m-a4-0p5-k016-h100nvl-001,winner,1,full,cuda_graph,70m/a4-0p5,70M,A4-OL1,0.5,development,k016,a;h;m;z,dense SDPA except selected attention projection linears,complete,,complete-validation,True,True,True,0,0.0,0.0,True,5.389480136202637,0.3559621916980309,35.59621916980309,12548091402630,35251191545856,5.398787630287563,5.398786877984708,-7.523028546785326e-07,True,0.8353683669383751,1.6366243362426758,1.9639953970909119,0.8320172884325471,0.838671179112604,80,16,2a618fb4bd8d8dd00647e0d13197e6c3e4c0a8c54a1c4e6ba2f6cfabf009ffb4,4bd751109b82f203ed904946874d12f1d9bb576874689a7990654a39c2644378,31a4586cc632e7c48ee28ea5243e54271c990695ea8f65257602faaa8a53d77c,3e71108bd5c7a8d6d50d3c028fc443e7199ff03f1c790b74403a4e50fa8885cb,3786c75fcad45a3088cab5ee514aee476218b7042e554021514f77e0af41d6b0,bececd31897406f9e2c1c1ca5773aa7ebfa76d3028699b7f12f1c85f7ce0ffb6,runs/025-2026-09-05-pythia-agentic-sparse-kernel-search/retrieved/h100nvl-002/evidence-verified/runs/025-2026-09-05-pythia-agentic-sparse-kernel-search/artifacts/transfer-winner-r1-70m-a4-0p5-k016-h100nvl-001
h100nvl-002,NVIDIA H100 NVL,transfer-winner-r1-70m-a7-0-k016-h100nvl-001,winner,1,full,cuda_graph,70m/a7-0,70M,A7-OL1,0.0,development,k016,a;h;m;z,dense SDPA except selected attention projection linears,complete,,complete-validation,True,True,True,0,0.0,0.0,True,4.941205969223609,0.23562417494680196,23.562417494680197,8306032923884,35251191545856,4.950194745802822,4.950247437701646,5.2691898823731265e-05,True,0.7882458296381922,1.6370154917240143,2.0802058279514313,0.7849210004804468,0.7915576115183297,80,16,2a618fb4bd8d8dd00647e0d13197e6c3e4c0a8c54a1c4e6ba2f6cfabf009ffb4,4bd751109b82f203ed904946874d12f1d9bb576874689a7990654a39c2644378,90def904999018c60f2fcaa4b32359c33fe4be58a29f5298cb9256d71b62dd47,5d618046a99891135ca50c298abeacbafce51ca73970bf82db7b06672326c895,3754ec3f1b1fa6a95441266bfd3efd478a8d75bc8f8f08574d9939c940b21a86,2931e0f58bcf4eacbecf55551da0d046bbfc2a9ace8900af21cb63b6f4797f03,runs/025-2026-09-05-pythia-agentic-sparse-kernel-search/retrieved/h100nvl-002/evidence-verified/runs/025-2026-09-05-pythia-agentic-sparse-kernel-search/artifacts/transfer-winner-r1-70m-a7-0-k016-h100nvl-001
h100nvl-002,NVIDIA H100 NVL,transfer-winner-r1-70m-a7-0p5-k016-h100nvl-001,winner,1,full,cuda_graph,70m/a7-0p5,70M,A7-OL1,0.5,development,k016,a;h;m;z,dense SDPA except selected attention projection linears,complete,,complete-validation,True,True,True,0,0.0,0.0,True,5.215924663303872,0.4060187215635989,40.60187215635989,14312643725042,35251191545856,5.226513370600996,5.226513370600996,0.0,True,0.9602215520976372,1.8563531339168549,1.9333623349666595,0.959177192402574,0.9612095047905957,80,16,2a618fb4bd8d8dd00647e0d13197e6c3e4c0a8c54a1c4e6ba2f6cfabf009ffb4,4bd751109b82f203ed904946874d12f1d9bb576874689a7990654a39c2644378,48ab9623739491859c7d48dda0b94316de63f32356bdeea2a38c17ce8a6a747c,c89304f9c452a7a9284c39ad1a54f123877faa9dcc194f712e78b5c627fd7f0e,d04390fee56c5b8cd804639c9f345d09d4e3badb03aaf2abced11982058f624f,ed2f0a0a0afbe4fe73771f16ef50a28ec58b85e7cd1d97eaacffdb33cc1c33df,runs/025-2026-09-05-pythia-agentic-sparse-kernel-search/retrieved/h100nvl-002/evidence-verified/runs/025-2026-09-05-pythia-agentic-sparse-kernel-search/artifacts/transfer-winner-r1-70m-a7-0p5-k016-h100nvl-001
