model_size,condition_id,family,kappa,partition,implementation,quality_scope,correctness_pass,failed_validation_blocks,max_abs_logit_error,max_relative_l2,canonical_validation_loss,run025_native_validation_loss,run025_candidate_validation_loss,run025_validation_loss_delta,R_model_fraction,R_model_percent,block_zero_product_count,model_product_count,candidate_median_host_ms,native_median_host_ms,paired_geomean_speedup,speedup_input_cluster_ci95_low,speedup_input_cluster_ci95_high,paired_timing_samples,timing_input_clusters,timing_passes,timing_data,attention_qk_pv_execution,selected_linear_sites,source,manifest_sha256,timing_sha256,timing_samples_sha256,quality_sha256
14M,14m/a0,A0,,development,k013,complete-validation,True,0,0.0,0.0,5.2085730123096665,5.209966218440203,5.209961768491192,-4.449949011053889e-06,1.1415112639303073e-08,1.1415112639303072e-06,72635,6363055915008,4.11970866844058,3.903217613697052,0.9790565977256588,0.9604894398989889,1.002340987728404,80,16,5,first 16 fixed seed-2500 training-cache blocks,dense SDPA except selected attention projection linears,a;h;m;z,runs/025-2026-09-05-pythia-agentic-sparse-kernel-search/retrieved/rtxpro4500-002/artifacts/k013final-14m-a0-development-rtxpro4500-002,b3035fc970a9cb58c47b0041df2a720dad9700b79ffb55154d2c0b997ff5fdb0,e5d0509b55d9200dbacdedda01065ffa480a2f7a0e49565077be7b8a71a68edb,c591ae59d199ddbd575192a7d188f0c95143a41f939f812381ed9e037dc4d9d8,866721894117108023fe66d223e47431123568cbe11c4af6ffb7f2519b12ad89
14M,14m/a1h,A1-H,,development,k013,complete-validation,True,0,0.0,0.0,5.26963426093378,5.271187088342137,5.271209181063382,2.2092721245314806e-05,0.027141299328466276,2.7141299328466277,172701605233,6363055915008,5.703100934624672,5.66537119448185,0.9919986943263703,0.9876682479489085,0.9960094287817964,80,16,5,first 16 fixed seed-2500 training-cache blocks,dense SDPA except selected attention projection linears,h,runs/025-2026-09-05-pythia-agentic-sparse-kernel-search/retrieved/rtxpro4500-002/artifacts/k013final-14m-a1h-development-rtxpro4500-002,1741a007333b0473154fb031b34a8d719a6a4b65ab230663bf13dc24e256c972,1ad22c6e5319ad079905c7f6b1c4c3c6b94c36022e4e69ea568e7e2faeba9d14,9d57c94be7db5c9bd8264e9be9edf48fbff03164e55e96974e9d19de59045a2b,4424d4e1432394bb0e85e5929744b1f27926a6ddb2b81120682aecbbbd93d2e8
14M,14m/a4-0,A4-OL1,0.0,development,k013,complete-validation,True,0,0.0,0.0,5.458276166718387,5.4598567823695845,5.459856267190332,-5.151792521473908e-07,0.0781004229286857,7.81004229286857,496957358081,6363055915008,4.975844640284777,5.246455315500498,1.0583089773154921,1.0499660302916458,1.0700831849648498,80,16,5,first 16 fixed seed-2500 training-cache blocks,dense SDPA except selected attention projection linears,a;h;m;z,runs/025-2026-09-05-pythia-agentic-sparse-kernel-search/retrieved/rtxpro4500-002/artifacts/k013final-14m-a4-0-development-rtxpro4500-002,0c161203d0030c118830060558ee636a099918b339c753902160ba12982f76b9,1dc808eb1d3a20903eae377e64f358fe5af63414ea9036577631875d59b2a0c0,e23403460b9db76f9b015b7baeb26dff6906fbfba6f4d33cd4a5c1733d03ad9c,fcc28cf62570af3d829d5ba4fcb7db7f4cee6630becb7ebde1e8581bcc25b410
14M,14m/a4-0p01,A4-OL1,0.01,untuned,k013,complete-validation,True,0,0.0,0.0,5.458309076241488,5.460173012803726,5.46017183988877,-1.1729149562711427e-06,0.08586708994090508,8.586708994090507,546377094553,6363055915008,3.277102019637823,3.4511922858655453,1.0537517118244109,1.0239588115372995,1.083796652222188,80,16,5,first 16 fixed seed-2500 training-cache blocks,dense SDPA except selected attention projection linears,a;h;m;z,runs/025-2026-09-05-pythia-agentic-sparse-kernel-search/retrieved/rtxpro4500-002/artifacts/k013final-14m-a4-0p01-heldout-rtxpro4500-002,10b8127a9ec2cee1bc3c505c72472fd267028b6ad9794acbaa39228ce2de5dd4,e82d89bc12fea351ac9f185e01ae4b2b7187977dacd38c602a191175974abf5a,b0931c16bbd51455ab4ab32d1332fdad03905673971900c165033918afd93134,118069af4316ec3abeb9e5709c9f1a5f6faa84b3e69b563a2006954a86047565
14M,14m/a4-0p05,A4-OL1,0.05,untuned,k013,complete-validation,True,0,0.0,0.0,5.489760381230236,5.4921313496957955,5.492131123863794,-2.2583200109949075e-07,0.1045644512413755,10.45644512413755,665349449971,6363055915008,3.2216361723840237,3.3778520300984383,1.0301450619889883,1.0182373726388971,1.041361544885629,80,16,5,first 16 fixed seed-2500 training-cache blocks,dense SDPA except selected attention projection linears,a;h;m;z,runs/025-2026-09-05-pythia-agentic-sparse-kernel-search/retrieved/rtxpro4500-002/artifacts/k013final-14m-a4-0p05-heldout-rtxpro4500-002,6641c68cbb150ad331708fb5914c8b5332e096bd296f2afbc495254e451b82dc,8ee5d0e6d35972e5de1d3bb422ca597fc6ca4b5212bcd85d64eda4bcf589fb46,9be191e1c0fb49c2f20cd99eb042308615c037ae8fbe22b0c44cf36b719dad19,63fb537fe9519c863cc824c1c574ce048b975a2103e8a6cf824a2cd3b28a601a
14M,14m/a4-0p1,A4-OL1,0.1,untuned,k013,complete-validation,True,0,0.0,0.0,5.548253721739414,5.5503922727267385,5.550391571236085,-7.01490653121084e-07,0.11394280537892908,11.394280537892907,725024441739,6363055915008,3.293781541287899,3.461197018623352,1.0356359686677408,0.9914798086427536,1.073125972230055,80,16,5,first 16 fixed seed-2500 training-cache blocks,dense SDPA except selected attention projection linears,a;h;m;z,runs/025-2026-09-05-pythia-agentic-sparse-kernel-search/retrieved/rtxpro4500-002/artifacts/k013final-14m-a4-0p1-heldout-rtxpro4500-002,1129d209e07d4c998f02637c98d280494dd4f4677a0fcff9ed7e3454bdc2eac9,55c3514200f50bf953ae6ee4d4cf0628dac59624b3a3e147f58bbe88fdeb5be3,b7b9bdfaeeeaf75a1a5de0227f936c430ade5faddc993688928dd57298f84312,718f2e770c9dbc7c2ecbff5aa682ef31add0900aae5db9d59055f7485d7bd65c
14M,14m/a4-0p5,A4-OL1,0.5,development,k013,complete-validation,True,0,0.0,0.0,6.037982463131289,6.040296513804297,6.040296513804297,0.0,0.12713448684742273,12.713448684742273,808963848536,6363055915008,4.937620367854834,5.196705926209688,1.0486294840540957,1.0375156418577767,1.0568426098664463,80,16,5,first 16 fixed seed-2500 training-cache blocks,dense SDPA except selected attention projection linears,a;h;m;z,runs/025-2026-09-05-pythia-agentic-sparse-kernel-search/retrieved/rtxpro4500-002/artifacts/k013final-14m-a4-0p5-development-rtxpro4500-002,1a32a4f7cc7a5fbcb65e6087159535469155f4795b7cb07f5b02819bf6fe46a8,b8753fc9509c73d478dc535c22903fcf041ba3d21ce616bc6473f291bfc8f733,6be5c1b051c6e09be94679f97eb14c6816c9e31a8cc05743a74f4c6478ab42c9,1c34d8049c9144af5dac96cc0a3ef3281856b9710bcf0ae9f74c772b8f15d9e7
14M,14m/a7-0,A7-OL1,0.0,development,k013,complete-validation,True,0,0.0,0.0,5.480180751642532,5.482406401979291,5.482370421295696,-3.598068359522699e-05,0.0705422917861371,7.054229178613711,448864547008,6363055915008,3.2145767472684383,3.388481680303812,1.0518625704116624,1.0290477587955804,1.0740612199488992,80,16,5,first 16 fixed seed-2500 training-cache blocks,dense SDPA except selected attention projection linears,a;h;m;z,runs/025-2026-09-05-pythia-agentic-sparse-kernel-search/retrieved/rtxpro4500-002/artifacts/k013final-14m-a7-0-development-rtxpro4500-002,2f07e2728c559f68e8dd42749d4f9b35e32c3ae7a2d5af48b53c9a3105f46dad,6687ceaebd7118bc1b050baa09a8ea8100e276cd4abfca42b81567ed6517be76,f95eb2fac9cc2dd11cffbdddfaf8c6a0a159c1e28ba65ffa9ffcb9cea6c27455,fd6ab91aeb26bdb4d653193e2f7c2fd7ac68ced1698cc922f5b466c8cb8be992
14M,14m/a7-0p01,A7-OL1,0.01,untuned,k013,complete-validation,True,0,0.0,0.0,5.475800738532162,5.477752072183631,5.477783827691629,3.175550799738858e-05,0.07723392871636932,7.723392871636932,491443806958,6363055915008,3.804932814091444,3.986797761172056,1.039089001259597,1.0181628109225385,1.058244628799369,80,16,5,first 16 fixed seed-2500 training-cache blocks,dense SDPA except selected attention projection linears,a;h;m;z,runs/025-2026-09-05-pythia-agentic-sparse-kernel-search/retrieved/rtxpro4500-002/artifacts/k013final-14m-a7-0p01-heldout-rtxpro4500-002,a13dbc03b84e9eb4b5c71f0f5bd877b3ef22bc7236bb86a9e7a44bffa608bd25,08bfa1c314c0d2ef083041ce884f535ae0ad5dc81504195d2374e990704450aa,ebe88ff0b78793cc81624ffb87438223b5e8aa42d5b97b7b2980b444eee4631f,86b630b5d31a511c8796d4d1b245bf611df326029cade3a24e58f730c4a36068
14M,14m/a7-0p05,A7-OL1,0.05,untuned,k013,complete-validation,True,0,0.0,0.0,5.462799572380336,5.465164439204716,5.465121822588909,-4.2616615806956304e-05,0.09863031588136074,9.863031588136074,627590214868,6363055915008,3.794892691075802,3.9866925217211246,1.0666836961155395,1.0504585653836225,1.086809107436497,80,16,5,first 16 fixed seed-2500 training-cache blocks,dense SDPA except selected attention projection linears,a;h;m;z,runs/025-2026-09-05-pythia-agentic-sparse-kernel-search/retrieved/rtxpro4500-002/artifacts/k013final-14m-a7-0p05-heldout-rtxpro4500-002,95bda1f3bca7b02d8e281a283acd2290fad66bbb59c16c1c17aa5a62e8baa292,9de408d7dc66a8f2d6dc88bc3d42cce76b935b100f902b3ec2c4883c9435508d,135de29cbed478d5cc00fdf5d2313f33c2e1e16ec3df76dc1e27a1e856c8533b,decb192c008061863d3887dacaeed1cd44cf502229f25f0812e31b2500597fe4
14M,14m/a7-0p1,A7-OL1,0.1,untuned,k013,complete-validation,False,2,0.5625,0.0003281436220277101,5.429487593075227,5.431519913560995,5.431504619088712,-1.5294472282434413e-05,0.11796760377518327,11.796760377518327,750634458981,6363055915008,3.810563124716282,3.976683132350445,1.0533855943955694,1.0332500245850196,1.075027231961018,80,16,5,first 16 fixed seed-2500 training-cache blocks,dense SDPA except selected attention projection linears,a;h;m;z,runs/025-2026-09-05-pythia-agentic-sparse-kernel-search/retrieved/rtxpro4500-002/artifacts/k013final-14m-a7-0p1-heldout-rtxpro4500-002,5c026b4fd3793a1d6bd0bdb9062b52173a801f4b70d4f574bfa3499409a07abd,8c78ae56b9da7926a5cf4d9ecda821cdfb570dc2892846bfe0bc7bebbc3f8988,181e507ea0c80ada9dc5d06f8c3b59047adce678a6d70fdfbb6e7c7fb87f01e2,9d5aaefe5eba8d091eba9d9e49ff40627e9dd19cd81697cdd3358c5a5178463c
14M,14m/a7-0p5,A7-OL1,0.5,development,k013,complete-validation,True,0,0.0,0.0,5.829406580981418,5.831297464664293,5.831297460429942,-4.2343506478914605e-09,0.27482684296304843,27.482684296304843,1748738568719,6363055915008,3.7908325903117657,3.9618979208171368,1.0436289876369393,1.039071932599545,1.0480544272089987,80,16,5,first 16 fixed seed-2500 training-cache blocks,dense SDPA except selected attention projection linears,a;h;m;z,runs/025-2026-09-05-pythia-agentic-sparse-kernel-search/retrieved/rtxpro4500-002/artifacts/k013final-14m-a7-0p5-development-rtxpro4500-002,dfb2beebeaa807db68e9a2ca8bd2df6a6925ffbfbecd561eb1ab9d1e9b3202ab,b08208d3c53d8c95b05fe574ff87c242a328a076b7bb1e1ec81a3e04da474bdf,c4f7c16f82aa913132ceafe8683168cc4aae9fc5bee9b1a62e189a693b0b640d,400b31c4b7a2b130f1086803f5ec3e9bacb2da41411b3488a1df6ec07c81e183
70M,70m/a0,A0,,development,k016,complete-validation,True,0,0.0,0.0,4.09976596627715,4.107689843018305,4.107689843018305,0.0,4.5409213981255505e-06,0.00045409213981255505,160072890,35251191545856,6.093747913837433,6.09508715569973,1.0051502835093293,0.9859430477398347,1.0287472719556805,80,16,5,first 16 fixed seed-2500 training-cache blocks,dense SDPA except selected attention projection linears,a;h;m;z,runs/025-2026-09-05-pythia-agentic-sparse-kernel-search/retrieved/rtxpro4500-002/artifacts/k016final-70m-a0-development-rtxpro4500-002,e05c9e8cfbcad742f8c6e5674e3598164999a377a4a2b84d99871284d352986d,3abb2cd3ba5123b0c0b21fcf82ff67449cb674c4c0c19ccb8fd3ca419f49bf6f,5d545b17472d485dd5557c8eda8de1ad45f3267e60eb907619edb58788ddf10f,41fc830050c8e53498cac9f508bc1d5bdc1a37c2558fa26aa98b1ebd324bc442
70M,70m/a1h,A1-H,,development,k016,complete-validation,True,0,0.0,0.0,4.222749641308417,4.2312623229465816,4.231266270419391,3.947472809073815e-06,0.1006575817198192,10.06575817198192,3548299693748,35251191545856,4.419543780386448,4.251793492585421,0.9596025775109119,0.948368952360203,0.97325617824644,80,16,5,first 16 fixed seed-2500 training-cache blocks,dense SDPA except selected attention projection linears,h,runs/025-2026-09-05-pythia-agentic-sparse-kernel-search/retrieved/rtxpro4500-002/artifacts/k016final-70m-a1h-development-rtxpro4500-002,dfcb3bfc1dd07fcae366b0046c3012bb6081cddbb42311988de01e1367bd011c,c1d75327a113899a618a2d364a89e880a2b5bad5f10114912f462baadad8f734,cfa49684fcaf911b9cd3afb2249d10520570d056e0e03ee0226356569ed565ff,7c296324e3e573453d87e0a9194ba7fd177ff54ba70aae2cd79b03727e9f58a0
70M,70m/a4-0,A4-OL1,0.0,development,k016,complete-validation,True,0,0.0,0.0,4.805361172503973,4.814718091569863,4.81461943580154,-9.86557683226863e-05,0.25672509475572236,25.672509475572237,9049865489862,35251191545856,4.980349913239479,3.818437922745943,0.7661377016159152,0.7636622910444322,0.7686182940846379,80,16,5,first 16 fixed seed-2500 training-cache blocks,dense SDPA except selected attention projection linears,a;h;m;z,runs/025-2026-09-05-pythia-agentic-sparse-kernel-search/retrieved/rtxpro4500-002/artifacts/k016final-70m-a4-0-development-rtxpro4500-002,5d959377adf2ebb4bac1153943ac55f3c99e5a088ff6ff84efce922b3b8b1d4e,048a09eec72c2651c35d60bd6178a8f8a6097a93b9ecaf56030677dee3b78b9c,c51a7f5ae97562a651904d2f7d09713c3f38d2e518877105e8f7c34d2d54dcc2,b12c317b67e6161e5aad3a73f2818fb7303dcd72a98d66a70b06e44f7246532b
70M,70m/a4-0p01,A4-OL1,0.01,untuned,k016,complete-validation,False,1,0.625,0.0006086452631279826,4.822850325756525,4.833090198131222,4.833095436375063,5.238243841354517e-06,0.2622424792437898,26.22424792437898,9244359867283,35251191545856,7.923861034214497,8.158006705343723,0.9698701685760078,0.9484995173007826,0.9877184507993767,80,16,5,first 16 fixed seed-2500 training-cache blocks,dense SDPA except selected attention projection linears,a;h;m;z,runs/025-2026-09-05-pythia-agentic-sparse-kernel-search/retrieved/rtxpro4500-002/artifacts/k016final-70m-a4-0p01-retrospective-rtxpro4500-002,2f0d41fa2c8777ffc61ae100047b750087cfe2f9a45a2450ef1542baddeb622b,e81198e552e5a4bbe89fe14c46e9aac19e637fb137d54bd809ad40f50c9f3328,db6b383e070d90cdc6bc533fdb043e2596a06a15a5f14224047853e2c466b874,275c9a75f1609324a83bbc68cec8ae73fbf2582d26d39209230ce77d12860b31
70M,70m/a4-0p05,A4-OL1,0.05,untuned,k016,complete-validation,False,2,1.0,0.00039765224209986627,4.874176727949515,4.885247307368352,4.885204330127069,-4.2977241283104206e-05,0.28489957631865137,28.48995763186514,10043049536142,35251191545856,5.697626620531082,5.630301311612129,0.9423220526706667,0.9340250416015979,0.9502891743067082,80,16,5,first 16 fixed seed-2500 training-cache blocks,dense SDPA except selected attention projection linears,a;h;m;z,runs/025-2026-09-05-pythia-agentic-sparse-kernel-search/retrieved/rtxpro4500-002/artifacts/k016final-70m-a4-0p05-retrospective-rtxpro4500-002,8540c36a1a074355543cea53b46a108aafd2806322b7573974403a418a6bf711,1f6348e7ca18a44271f7b1c4c42cafa42aa482c6c0f31f839ff038e47c6fd178,2b771f8d248de9db4f9838858f8655680450e493b0a1f59d3904e7e7268eda9c,b9c5b19c9b6cece449c9a7fb632397af91d296c8ebff868efd3ce3537d298a51
70M,70m/a4-0p1,A4-OL1,0.1,untuned,k016,complete-validation,False,1,1.5,0.00043764064321294427,4.943887012597372,4.953654694957537,4.953651418982069,-3.275975467786907e-06,0.30574257817401346,30.574257817401346,10777790186936,35251191545856,4.271413665264845,3.7327827885746956,0.9067308674953163,0.8993788661840486,0.914001780344347,80,16,5,first 16 fixed seed-2500 training-cache blocks,dense SDPA except selected attention projection linears,a;h;m;z,runs/025-2026-09-05-pythia-agentic-sparse-kernel-search/retrieved/rtxpro4500-002/artifacts/k016final-70m-a4-0p1-retrospective-rtxpro4500-002,4c11e428f815f5a803d146b51f7084ac70f970f6f9ff8a6d99cf8d7483b1872a,f28aa7282441dcb68e5e4f539991f7e21cdb7afb2fa5e7895d8fed76d9849caa,d2934a1ef7a059f843ce11b6fe5c329280dce1595795958ff68b66d6c62c552d,466cec4c271c73f99415c1eff3cb7ffe9ff7deb1c504fd4c54f5aad2f9b3196e
70M,70m/a4-0p5,A4-OL1,0.5,development,k016,complete-validation,True,0,0.0,0.0,5.389480136202637,5.398816271078256,5.398816892821984,6.217437285016558e-07,0.3559621916980309,35.59621916980309,12548091402630,35251191545856,5.344116594642401,5.61183225363493,1.051361503493851,1.043265778326178,1.062298992152199,80,16,5,first 16 fixed seed-2500 training-cache blocks,dense SDPA except selected attention projection linears,a;h;m;z,runs/025-2026-09-05-pythia-agentic-sparse-kernel-search/retrieved/rtxpro4500-002/artifacts/k016final-70m-a4-0p5-development-rtxpro4500-002,c8661434c96cdd8f5c489a7c9547569ed233510af9b3609c3bbbc3b4e77021c2,b6fd2d111848b6ee92444ab1f7bf4ffa2e6127a4c19926150240a0dbbf7de682,5b7a2187690ccaa8c31f1dccbcd3dc3f1f7478867176eef8a6c3d9915cfca387,0cea10eef5796b89cd5b88216f87f507ad2283f0010d16995dcc9cc8acc7300e
70M,70m/a7-0,A7-OL1,0.0,development,k016,complete-validation,True,0,0.0,0.0,4.941205969223609,4.9502589823041205,4.950320347563241,6.136525912037172e-05,0.23562417494680196,23.562417494680197,8306032923884,35251191545856,5.644021090120077,5.6119621731340885,0.9993082172279794,0.9878353774164248,1.0169264535310756,80,16,5,first 16 fixed seed-2500 training-cache blocks,dense SDPA except selected attention projection linears,a;h;m;z,runs/025-2026-09-05-pythia-agentic-sparse-kernel-search/retrieved/rtxpro4500-002/artifacts/k016final-70m-a7-0-development-rtxpro4500-002,217c11b08d1f77348fc6a9376dcbba9d0cac11b45fbf90cdb236fcd10ba85682,01d1dae34599ed6e9b8dae9fb7bf8f4fd7b620bb0b21f37dcca9121bf70c7fe8,efb500b092a6ae006bee86b009b9b2d6d57d1b6f48dbb831395d3f91034f2451,436fb208562bba0252260569364f727a6f776e9cfce3d9f4d15111c9f94965bc
70M,70m/a7-0p01,A7-OL1,0.01,untuned,k016,complete-validation,True,0,0.0,0.0,4.936396388965245,4.945450396195711,4.945354185058801,-9.621113690982952e-05,0.24226276136279815,24.226276136279814,8540051005228,35251191545856,4.438159056007862,4.354654345661402,0.9911397019231709,0.9726979947985501,1.0120023006701653,80,16,5,first 16 fixed seed-2500 training-cache blocks,dense SDPA except selected attention projection linears,a;h;m;z,runs/025-2026-09-05-pythia-agentic-sparse-kernel-search/retrieved/rtxpro4500-002/artifacts/k016final-70m-a7-0p01-retrospective-rtxpro4500-002,6d94c3c6daeed0c4d7d6a4f6d315d057c0b9f61a3020dca9461ab4485027627a,008e227dfe4315a150904932fe62757e1f74e2dc1447d07376e708b3b414b224,4a05b7328b2ad0e922e941a342783028459af092f69bd50bcee3e5aabe391fd2,e757d6b3eda76dfa38c2296333e38f086826e3d218001040cecf6f06600967da
70M,70m/a7-0p05,A7-OL1,0.05,untuned,k016,complete-validation,True,0,0.0,0.0,4.963655849532969,4.972258383061728,4.9722685518533085,1.0168791580333902e-05,0.265239409240229,26.5239409240229,9350005220637,35251191545856,4.35648811981082,4.286147654056549,0.9903584187858921,0.9799591698433529,1.00729600893333,80,16,5,first 16 fixed seed-2500 training-cache blocks,dense SDPA except selected attention projection linears,a;h;m;z,runs/025-2026-09-05-pythia-agentic-sparse-kernel-search/retrieved/rtxpro4500-002/artifacts/k016final-70m-a7-0p05-retrospective-rtxpro4500-002,972072e4bd41e042194b9816334798c764376f7569de0ee86703ca769f7d0b80,00747822a200eef98394449c08e85cf7922b0c645f6175b9e470ab8e1d5d270b,3b11d2f6960e658d8e003f9b861f3819e42c9f222c96c7b9b104c0f263f7128e,999bd6ac1de5c3d90bb9fe21b91adfadd1dea7c08a0be76d64293b6bbb8d3a72
70M,70m/a7-0p1,A7-OL1,0.1,untuned,k016,complete-validation,True,0,0.0,0.0,4.950079453062024,4.959265524902788,4.959283087928096,1.7563025307865132e-05,0.2869378509087325,28.69378509087325,10114901144140,35251191545856,4.285434260964394,4.244303796440363,0.989646112435226,0.9848513360487822,0.9940477239667744,80,16,5,first 16 fixed seed-2500 training-cache blocks,dense SDPA except selected attention projection linears,a;h;m;z,runs/025-2026-09-05-pythia-agentic-sparse-kernel-search/retrieved/rtxpro4500-002/artifacts/k016final-70m-a7-0p1-retrospective-rtxpro4500-002,2d4c1ef04ba008a84d823ab27e746526b338ab94950e8e4de632655d9a0c80ad,e78f0584196938dcaa8749961fca4a7838d8d9bb3209fe309db8536643b1414c,2310fa0ca8868cf9afa0cf35b0c0e485ce8f0108ec748bd64a6b84e8916731de,55ebfb63ee8fe2b966874466dd806d188aef4d6dec5ec897708a97e6673275c9
70M,70m/a7-0p5,A7-OL1,0.5,development,k016,complete-validation,True,0,0.0,0.0,5.215924663303872,5.2265333158010545,5.226533320035404,4.234349759713041e-09,0.4060187215635989,40.60187215635989,14312643725042,35251191545856,4.2154742404818535,4.257138818502426,0.9921826557074922,0.9644762342452783,1.0125139807665022,80,16,5,first 16 fixed seed-2500 training-cache blocks,dense SDPA except selected attention projection linears,a;h;m;z,runs/025-2026-09-05-pythia-agentic-sparse-kernel-search/retrieved/rtxpro4500-002/artifacts/k016final-70m-a7-0p5-development-rtxpro4500-002,26cd291eb906c220942418afcbec0cf9bbeba683e252733e51115d34eec9e0e0,03a69fe25a15bf104176233f598474953ac6e9ec85fcbf47771a5fc7e0b6e1a8,6fd04098321a04d1001b0ee83f62ee06706405b038d941a9875bb038eac19557,7fb40d605b1c5071a0ac71d9049ac9f1cb57440c03b38e79e556b3abcd20ef5b
410M,410m/a0,A0,,development,k010,complete-validation,True,0,0.0,0.0,4.547456437666741,4.54969743317823,4.54969743317823,0.0,0.00011047923803103942,0.011047923803103942,30885552627,279559790395392,17.061653081327677,16.094446647912264,0.9449601481272587,0.9423546033817194,0.9495770190912429,80,16,5,first 16 fixed seed-2500 training-cache blocks,dense SDPA except selected attention projection linears,z,runs/025-2026-09-05-pythia-agentic-sparse-kernel-search/retrieved/rtxpro4500-002/artifacts/final-410m-a0-k010-rtxpro4500-002,b29e72845cea7b379f84ce24dd78450fdf4018ac651a01356ba5474be2385cfb,241a4268a0bc8b675add1203e25a9588c43adff2c8753cd47876e7a8f0f25b4f,a70e22d8b49499c23f222d7e67166236a33842d218e2944e1d2e723560e72126,28405672d253f6282a0119d1744b586c871f618bc19e510b1b2f58eaf29152d5
410M,410m/a1h,A1-H,,development,k010,complete-validation,True,0,0.0,0.0,4.651294058243904,4.654892204147206,4.654892204147206,0.0,0.21049725280441106,21.049725280441105,58846567872807,279559790395392,16.802108380943537,15.832641627639532,0.9435743710037875,0.942196572644256,0.9458855051852688,80,16,5,first 16 fixed seed-2500 training-cache blocks,dense SDPA except selected attention projection linears,z,runs/025-2026-09-05-pythia-agentic-sparse-kernel-search/retrieved/rtxpro4500-002/artifacts/final-410m-a1h-k010-rtxpro4500-002,e89d4fe2e7915c74fa78c2403c18582f93acb1d873140ce07b16239965628dcc,9a4fa4329da5a8242369907b0388a5781f5cfac45bf41c3bef4695d17fc1f9e0,69677954f902de1e8a4f35d8eb07967bd36485a0ccc2f148a9aabbd20dd97a7f,9d1260cf12aca739870a7898a1db515334cb3e721b0648a379eea955ce33e649
410M,410m/a4-0,A4-OL1,0.0,development,k010,complete-validation,True,0,0.0,0.0,5.6920750987600295,5.698532815642452,5.698532815642452,0.0,0.3833867333385676,38.33867333385676,107179514812504,279559790395392,18.06790567934513,17.072873190045357,0.9450707088394585,0.9439587618463322,0.9460816028531368,80,16,5,first 16 fixed seed-2500 training-cache blocks,dense SDPA except selected attention projection linears,z,runs/025-2026-09-05-pythia-agentic-sparse-kernel-search/retrieved/rtxpro4500-002/artifacts/final-410m-a4-0-k010-rtxpro4500-002,b6856ae0e27d263658d57b437def43c00dc97794de09f03efea86fc6e8579434,735655c39d51e37095912727d9978ff9eb846f8ea4cc8b115681c942274d1503,5cf13ecc73081bbb6c3ffa0ebc76fb7a41a72902db31023d4b10505128b6665f,0bdca965b8309623724bf7ca24a15c47d67c71cb9c240047897ceb70b8d4615c
410M,410m/a4-0p01,A4-OL1,0.01,untuned,k010,complete-validation,True,0,0.0,0.0,5.691361835722387,5.7009139042821,5.7009139042821,0.0,0.39149185001875003,39.149185001875004,109445379532746,279559790395392,17.951406072825193,17.01060403138399,0.9457880507313874,0.9426894193151851,0.9479669400007074,80,16,5,first 16 fixed seed-2500 training-cache blocks,unchanged dense SDPA,z,runs/025-2026-09-05-pythia-agentic-sparse-kernel-search/retrieved/rtxpro4500-002/artifacts/k010final-410m-a4-0p01-rtxpro4500-002,b914d1e03deec605e31a831f33faddf42f37d269fc8664ff147f6a780abeea83,9040b4ee86af5a3b93bb68a8dccbbc33154dfdc54e6f773e45a0dede815b82ba,95d28993aa404a107f89fc27b79beb893e8812f7b8ab55ea3269b7102f430b08,14f529be949663e36f103e1c66d337558c6d6d17d6e707ee28f89938aaa98dab
410M,410m/a4-0p05,A4-OL1,0.05,untuned,k010,complete-validation,True,0,0.0,0.0,5.678924922407026,5.688944287392088,5.688944287392088,0.0,0.42124510405287563,42.124510405287566,117763192994107,279559790395392,18.02866579964757,17.082763835787773,0.9466728866163446,0.9445886245019339,0.9484912263500035,80,16,5,first 16 fixed seed-2500 training-cache blocks,unchanged dense SDPA,z,runs/025-2026-09-05-pythia-agentic-sparse-kernel-search/retrieved/rtxpro4500-002/artifacts/k010final-410m-a4-0p05-rtxpro4500-002,f05072244d1ebe26345ed6453edb5a62a05c9fc8669e4fca02f032ffcb1d306c,fca454e0e859cc8cce6a6071d43c5f026d30927ab1a0a3391f56a4880649d12a,d91961abdb64e999d4abd78056da25b718985a9bd2bd0129b34c94389aa6b60e,6da038d4b37651c4799b0b9d40892734d0433b2eefc3ece1b260862b98d220bf
410M,410m/a4-0p1,A4-OL1,0.1,untuned,k010,complete-validation,True,0,0.0,0.0,5.67888657016867,5.684639314056525,5.684639314056525,0.0,0.4568803837042414,45.68803837042414,127725384304124,279559790395392,17.99618126824498,17.03396439552307,0.944235851541683,0.9384287379765542,0.9477458418399655,80,16,5,first 16 fixed seed-2500 training-cache blocks,unchanged dense SDPA,z,runs/025-2026-09-05-pythia-agentic-sparse-kernel-search/retrieved/rtxpro4500-002/artifacts/k010final-410m-a4-0p1-rtxpro4500-002,23c4821e51571e46e3b47b7bd147cf79bbc15b5d59af4efd4b1ce97fcfd62fd4,e1878e9255d81ef7afd9a2ddd79935217c767a3d87a21062b4d8b92a5cb880cd,4ff33f54f20f29cd5c45d504f1391fbbd822d1789ea751d5c21403e489b853a0,56a462206b0426d93a7e811685f5eea386d464ed75267d414e3c0e3c030b4b68
410M,410m/a4-0p5,A4-OL1,0.5,development,k010,complete-validation,True,0,0.0,0.0,5.1909658185829075,5.195162163989647,5.195162163989647,0.0,0.715914446480748,71.5914446480748,200140892599191,279559790395392,16.524016857147217,16.841593198478222,1.0175644783850841,1.0143064188171498,1.0196682670532236,80,16,5,first 16 fixed seed-2500 training-cache blocks,dense SDPA except selected attention projection linears,z,runs/025-2026-09-05-pythia-agentic-sparse-kernel-search/retrieved/rtxpro4500-002/artifacts/final-410m-a4-0p5-k010-rtxpro4500-002,56f383e5656ca46acd8b8697c55ae2fd480ccc62849e0dc8266015f31fc1de51,29fb0d48106f934a324cc648a272631561db39e026dda572d4a0bbd6e4b2508b,5a8578caeab6ab659ce8c677372abcb8df0446617a5fed0522b4876f4c3f02ec,c10dbd641ee28deaf10a6914608f1d8888835c00456ad742b2c824132b77e636
410M,410m/a7-0,A7-OL1,0.0,development,k010,complete-validation,True,0,0.0,0.0,5.4262960662503215,5.430655344679027,5.430655344679027,0.0,0.4112146787868456,41.121467878684555,114959089409159,279559790395392,18.064850475639105,17.09573809057474,0.9436303604993074,0.9387058812257377,0.9467328461130438,80,16,5,first 16 fixed seed-2500 training-cache blocks,dense SDPA except selected attention projection linears,z,runs/025-2026-09-05-pythia-agentic-sparse-kernel-search/retrieved/rtxpro4500-002/artifacts/final-410m-a7-0-k010-rtxpro4500-002,33f38ee32ba1e309e0bd5154a6eb0e466e49b6cf4ddc3020e1ec4a25efce1100,15f1884384cc26348dce83f443cf9331a2d71382d21f3fc61e1b4dab0f6dc10a,d453b0bbae01069c5ce1d771ce15b683b48de55871988e16e44f86c5e084c4f0,7fa6ac415af035cac7e8efa8ca535c60cac55c2c00c1ce05c91e2067c1c6669b
410M,410m/a7-0p01,A7-OL1,0.01,untuned,k010,complete-validation,True,0,0.0,0.0,5.43313791342741,5.437535094998715,5.437535094998715,0.0,0.4147805603667183,41.47805603667183,115955966516203,279559790395392,19.606209360063076,18.651653081178665,0.9494617868564018,0.9455352272851271,0.95184106595135,80,16,5,first 16 fixed seed-2500 training-cache blocks,unchanged dense SDPA,z,runs/025-2026-09-05-pythia-agentic-sparse-kernel-search/retrieved/rtxpro4500-002/artifacts/k010final-410m-a7-0p01-rtxpro4500-002,371ad00e1ef899ef83ccfc19871d564324b0adca114b9781dd6b0c93266d706b,a92614dbfaa662145e0882c62a63628dbd851a67f89c7b5cb7ac20b0d6a9bc88,045e7a6ed211d7de218f0139c44682a2fef8d133a65deaead7d205a402f8c410,5dd25d9fc9716e597538c53502ca1a64eae6379d9ccb019c5c3d21a5b40766f7
410M,410m/a7-0p05,A7-OL1,0.05,untuned,k010,complete-validation,True,0,0.0,0.0,5.467853006526563,5.472566237598661,5.472566237598661,0.0,0.44053172790987316,44.05317279098732,123154957517004,279559790395392,19.545994233340025,18.597052432596684,0.9525596919110529,0.9511934208718147,0.9540502614369171,80,16,5,first 16 fixed seed-2500 training-cache blocks,unchanged dense SDPA,z,runs/025-2026-09-05-pythia-agentic-sparse-kernel-search/retrieved/rtxpro4500-002/artifacts/k010final-410m-a7-0p05-rtxpro4500-002,9c30b12e0071739d2a7ecd27b32e75e3ac0a2bbe730f064b1cd01fa8d4fe623e,746e0e6f688534ee478400998d2168065d113b991557f012939b83298487fa00,defec405c531ae1b252467a06eb8d4da168000ab6f0d3e5ce0fb99bf8bbd0b66,a7b36ee4427ddafc136340e3b37c3e608b22fbf36da8686607f3e8a05a2b522d
410M,410m/a7-0p1,A7-OL1,0.1,untuned,k010,complete-validation,True,0,0.0,0.0,5.490748997270709,5.495259978251475,5.495259978251475,0.0,0.4899755173364832,48.99755173364832,136977452925461,279559790395392,19.55413445830345,18.61951733008027,0.9545393887327651,0.9495912009867812,0.9604425551253161,80,16,5,first 16 fixed seed-2500 training-cache blocks,unchanged dense SDPA,z,runs/025-2026-09-05-pythia-agentic-sparse-kernel-search/retrieved/rtxpro4500-002/artifacts/k010final-410m-a7-0p1-rtxpro4500-002,9154bb31fa8757ab9032c4098fc87426ecb9f0ee522e7b429565ac92f8518d7c,afe7aa83232ad18149ab61d8a38af3a52fa1293a2d93d050ae830e567beaa050,e37c77b0f012ae2a28fafc0b4d4d98341802331013a494b7c1b5a04541517849,3e22f5cc8575e98ffaef36ec834e07a5d069f76163dcad8dda7013d7ac252340
410M,410m/a7-0p5,A7-OL1,0.5,development,k010,complete-validation,True,0,0.0,0.0,5.120691668705122,5.1244951522083975,5.1244951522083975,0.0,0.806155139186339,80.6155139186339,225368561737101,279559790395392,17.9170249029994,18.220636062324047,1.0117765680524813,1.004639732107918,1.017024693812272,80,16,5,first 16 fixed seed-2500 training-cache blocks,dense SDPA except selected attention projection linears,z,runs/025-2026-09-05-pythia-agentic-sparse-kernel-search/retrieved/rtxpro4500-002/artifacts/final-410m-a7-0p5-k010-rtxpro4500-002,1055c6ec44f708880f36e15d2f742ef60a68303a27e9c98d800d662f35402f46,d3ee46498a26c387acd7f6ad764ec93e41673a2a2f6b68c93c345196e72f39de,e63b5320108d230483680f740c3fe5ff77c850c9332e20bf40dd9d7d4239943c,b9f4bd0ed665886008b9a16123ab3fc5dc6415ef359b535578b7f0b4eb363a93
