comparison_group,model_size,condition_id,family,kappa,R_model_fraction,R_model_percent,baseline_implementation,optimized_implementation,baseline_speedup,optimized_speedup,speedup_delta,speedup_ratio_optimized_over_baseline,speedup_ratio_input_cluster_ci95_low,speedup_ratio_input_cluster_ci95_high,baseline_correctness_pass,optimized_correctness_pass,both_correct,evidence_scope,mechanism,baseline_source,optimized_source
14M exploratory P0-to-K001,14M,14m/a0,A0,,1.1415112639303073e-08,1.1415112639303072e-06,p0,k001,0.9757424945970292,1.0299482612970314,0.05420576670000221,1.0555533524471419,1.0094028929820011,1.107111695495642,True,True,True,16 development blocks; three passes; development gates only,replace minimal Sakana-derived P0 packing with fused signed-exact warp compaction,runs/025-2026-09-05-pythia-agentic-sparse-kernel-search/retrieved/rtxpro4500-002/artifacts/p0-14m-a0-all-rtxpro4500-001,runs/025-2026-09-05-pythia-agentic-sparse-kernel-search/retrieved/rtxpro4500-002/artifacts/k001-14m-a0-all-rtxpro4500-001
14M exploratory P0-to-K001,14M,14m/a1h,A1-H,,0.027141299328466276,2.7141299328466277,p0,k001,0.9681003323487264,1.0053703306054318,0.037269998256705406,1.0384980740232617,0.9990763174148035,1.0862332033735278,True,True,True,16 development blocks; three passes; development gates only,replace minimal Sakana-derived P0 packing with fused signed-exact warp compaction,runs/025-2026-09-05-pythia-agentic-sparse-kernel-search/retrieved/rtxpro4500-002/artifacts/p0-14m-a1h-h-rtxpro4500-001,runs/025-2026-09-05-pythia-agentic-sparse-kernel-search/retrieved/rtxpro4500-002/artifacts/k001-14m-a1h-h-rtxpro4500-001
14M exploratory P0-to-K001,14M,14m/a4-0p5,A4-OL1,0.5,0.12713448684742273,12.713448684742273,p0,k001,1.0905625576676552,1.1653114461980396,0.07474888853038442,1.0685415870963395,1.0421916935609936,1.0986461858830152,True,True,True,16 development blocks; three passes; development gates only,replace minimal Sakana-derived P0 packing with fused signed-exact warp compaction,runs/025-2026-09-05-pythia-agentic-sparse-kernel-search/retrieved/rtxpro4500-002/artifacts/p0-14m-a4-0p5-active-rtxpro4500-001,runs/025-2026-09-05-pythia-agentic-sparse-kernel-search/retrieved/rtxpro4500-002/artifacts/k001-14m-a4-0p5-active-rtxpro4500-001
14M exploratory P0-to-K001,14M,14m/a7-0p5,A7-OL1,0.5,0.27482684296304843,27.482684296304843,p0,k001,1.0948581636897556,1.1513699387564664,0.05651177506671079,1.051615612817154,1.0103826806788592,1.0939989123216785,True,True,True,16 development blocks; three passes; development gates only,replace minimal Sakana-derived P0 packing with fused signed-exact warp compaction,runs/025-2026-09-05-pythia-agentic-sparse-kernel-search/retrieved/rtxpro4500-002/artifacts/p0-14m-a7-0p5-active-rtxpro4500-001,runs/025-2026-09-05-pythia-agentic-sparse-kernel-search/retrieved/rtxpro4500-002/artifacts/k001-14m-a7-0p5-active-rtxpro4500-001
14M final-policy repair K012-to-K013,14M,14m/a0,A0,,1.1415112639303073e-08,1.1415112639303072e-06,k012,k013,1.0364490268522693,0.9790565977256588,-0.05739242912661047,0.9446259028281273,0.9123992471251372,0.976833989653248,False,True,False,same 16 timing blocks and complete 338-block validation,replace the faster but partially invalid predecessor with frozen suffix-three policy,runs/025-2026-09-05-pythia-agentic-sparse-kernel-search/retrieved/rtxpro4500-002/artifacts/final-14m-a0-k012-rtxpro4500-002,runs/025-2026-09-05-pythia-agentic-sparse-kernel-search/retrieved/rtxpro4500-002/artifacts/k013final-14m-a0-development-rtxpro4500-002
14M final-policy repair K012-to-K013,14M,14m/a1h,A1-H,,0.027141299328466276,2.7141299328466277,k012,k013,0.9906907097911958,0.9919986943263703,0.0013079845351745556,1.001320275361672,0.9947101470942409,1.007190061720453,True,True,True,same 16 timing blocks and complete 338-block validation,replace the faster but partially invalid predecessor with frozen suffix-three policy,runs/025-2026-09-05-pythia-agentic-sparse-kernel-search/retrieved/rtxpro4500-002/artifacts/final-14m-a1h-k012-rtxpro4500-002,runs/025-2026-09-05-pythia-agentic-sparse-kernel-search/retrieved/rtxpro4500-002/artifacts/k013final-14m-a1h-development-rtxpro4500-002
14M final-policy repair K012-to-K013,14M,14m/a4-0,A4-OL1,0.0,0.0781004229286857,7.81004229286857,k012,k013,1.109605417959614,1.0583089773154921,-0.051296440644121866,0.9537705567998688,0.938794285609362,0.9662723624077894,False,True,False,same 16 timing blocks and complete 338-block validation,replace the faster but partially invalid predecessor with frozen suffix-three policy,runs/025-2026-09-05-pythia-agentic-sparse-kernel-search/retrieved/rtxpro4500-002/artifacts/final-14m-a4-0-k012-rtxpro4500-002,runs/025-2026-09-05-pythia-agentic-sparse-kernel-search/retrieved/rtxpro4500-002/artifacts/k013final-14m-a4-0-development-rtxpro4500-002
14M final-policy repair K012-to-K013,14M,14m/a4-0p5,A4-OL1,0.5,0.12713448684742273,12.713448684742273,k012,k013,1.108287513790313,1.0486294840540957,-0.059658029736217255,0.9461709809107309,0.9362420057208617,0.9531823569966207,True,True,True,same 16 timing blocks and complete 338-block validation,replace the faster but partially invalid predecessor with frozen suffix-three policy,runs/025-2026-09-05-pythia-agentic-sparse-kernel-search/retrieved/rtxpro4500-002/artifacts/final-14m-a4-0p5-k012-rtxpro4500-002,runs/025-2026-09-05-pythia-agentic-sparse-kernel-search/retrieved/rtxpro4500-002/artifacts/k013final-14m-a4-0p5-development-rtxpro4500-002
14M final-policy repair K012-to-K013,14M,14m/a7-0,A7-OL1,0.0,0.0705422917861371,7.054229178613711,k012,k013,1.105717570652246,1.0518625704116624,-0.05385500024058354,0.9512940721301776,0.9303312093714098,0.9720219484809143,False,True,False,same 16 timing blocks and complete 338-block validation,replace the faster but partially invalid predecessor with frozen suffix-three policy,runs/025-2026-09-05-pythia-agentic-sparse-kernel-search/retrieved/rtxpro4500-002/artifacts/final-14m-a7-0-k012-rtxpro4500-002,runs/025-2026-09-05-pythia-agentic-sparse-kernel-search/retrieved/rtxpro4500-002/artifacts/k013final-14m-a7-0-development-rtxpro4500-002
14M final-policy repair K012-to-K013,14M,14m/a7-0p5,A7-OL1,0.5,0.27482684296304843,27.482684296304843,k012,k013,1.0955212086557113,1.0436289876369393,-0.051892221018772,0.9526323903099533,0.9425869903951765,0.9606520719610626,True,True,True,same 16 timing blocks and complete 338-block validation,replace the faster but partially invalid predecessor with frozen suffix-three policy,runs/025-2026-09-05-pythia-agentic-sparse-kernel-search/retrieved/rtxpro4500-002/artifacts/final-14m-a7-0p5-k012-rtxpro4500-002,runs/025-2026-09-05-pythia-agentic-sparse-kernel-search/retrieved/rtxpro4500-002/artifacts/k013final-14m-a7-0p5-development-rtxpro4500-002
70M complete-validation K009-to-K016,70M,70m/a0,A0,,4.5409213981255505e-06,0.00045409213981255505,k009,k016,0.32139733827282074,1.0051502835093293,0.6837529452365085,3.127438107953773,3.066280822480437,3.205228524574317,True,True,True,same 16 timing blocks; both implementations evaluated over complete validation,topology-specific native fallback plus layer/site-specific sparse dispatch,runs/025-2026-09-05-pythia-agentic-sparse-kernel-search/retrieved/rtxpro4500-002/artifacts/final-70m-a0-k009-rtxpro4500-002,runs/025-2026-09-05-pythia-agentic-sparse-kernel-search/retrieved/rtxpro4500-002/artifacts/k016final-70m-a0-development-rtxpro4500-002
70M complete-validation K009-to-K016,70M,70m/a1h,A1-H,,0.1006575817198192,10.06575817198192,k009,k016,0.9517940011652679,0.9596025775109119,0.007808576345644025,1.0082040613158774,0.9966040479940533,1.0223677061432623,True,True,True,same 16 timing blocks; both implementations evaluated over complete validation,topology-specific native fallback plus layer/site-specific sparse dispatch,runs/025-2026-09-05-pythia-agentic-sparse-kernel-search/retrieved/rtxpro4500-002/artifacts/final-70m-a1h-k009-rtxpro4500-002,runs/025-2026-09-05-pythia-agentic-sparse-kernel-search/retrieved/rtxpro4500-002/artifacts/k016final-70m-a1h-development-rtxpro4500-002
70M complete-validation K009-to-K016,70M,70m/a4-0,A4-OL1,0.0,0.25672509475572236,25.672509475572237,k009,k016,0.8162796054801794,0.7661377016159152,-0.0501419038642642,0.9385726367195367,0.9278275875957723,0.9564210212434032,True,True,True,same 16 timing blocks; both implementations evaluated over complete validation,topology-specific native fallback plus layer/site-specific sparse dispatch,runs/025-2026-09-05-pythia-agentic-sparse-kernel-search/retrieved/rtxpro4500-002/artifacts/final-70m-a4-0-k009-rtxpro4500-002,runs/025-2026-09-05-pythia-agentic-sparse-kernel-search/retrieved/rtxpro4500-002/artifacts/k016final-70m-a4-0-development-rtxpro4500-002
70M complete-validation K009-to-K016,70M,70m/a4-0p01,A4-OL1,0.01,0.2622424792437898,26.22424792437898,k009,k016,0.8240887322446456,0.9698701685760078,0.1457814363313622,1.1769001693959387,1.149396540752362,1.1991925671460513,True,False,False,same 16 timing blocks; both implementations evaluated over complete validation,topology-specific native fallback plus layer/site-specific sparse dispatch,runs/025-2026-09-05-pythia-agentic-sparse-kernel-search/retrieved/rtxpro4500-002/artifacts/final-70m-a4-0p01-k009-rtxpro4500-002,runs/025-2026-09-05-pythia-agentic-sparse-kernel-search/retrieved/rtxpro4500-002/artifacts/k016final-70m-a4-0p01-retrospective-rtxpro4500-002
70M complete-validation K009-to-K016,70M,70m/a4-0p05,A4-OL1,0.05,0.28489957631865137,28.48995763186514,k009,k016,0.97927263481734,0.9423220526706667,-0.03695058214667324,0.9622673187905781,0.9424058209852905,0.9760874960831969,True,False,False,same 16 timing blocks; both implementations evaluated over complete validation,topology-specific native fallback plus layer/site-specific sparse dispatch,runs/025-2026-09-05-pythia-agentic-sparse-kernel-search/retrieved/rtxpro4500-002/artifacts/final-70m-a4-0p05-k009-rtxpro4500-002,runs/025-2026-09-05-pythia-agentic-sparse-kernel-search/retrieved/rtxpro4500-002/artifacts/k016final-70m-a4-0p05-retrospective-rtxpro4500-002
70M complete-validation K009-to-K016,70M,70m/a4-0p1,A4-OL1,0.1,0.30574257817401346,30.574257817401346,k009,k016,0.9565521425313706,0.9067308674953163,-0.04982127503605427,0.947915777069706,0.9285905454348866,0.9651909619440888,True,False,False,same 16 timing blocks; both implementations evaluated over complete validation,topology-specific native fallback plus layer/site-specific sparse dispatch,runs/025-2026-09-05-pythia-agentic-sparse-kernel-search/retrieved/rtxpro4500-002/artifacts/final-70m-a4-0p1-k009-rtxpro4500-002,runs/025-2026-09-05-pythia-agentic-sparse-kernel-search/retrieved/rtxpro4500-002/artifacts/k016final-70m-a4-0p1-retrospective-rtxpro4500-002
70M complete-validation K009-to-K016,70M,70m/a4-0p5,A4-OL1,0.5,0.3559621916980309,35.59621916980309,k009,k016,1.0017213085951295,1.051361503493851,0.04964019489872151,1.0495548956309413,1.0350570611706684,1.070599348472864,True,True,True,same 16 timing blocks; both implementations evaluated over complete validation,topology-specific native fallback plus layer/site-specific sparse dispatch,runs/025-2026-09-05-pythia-agentic-sparse-kernel-search/retrieved/rtxpro4500-002/artifacts/final-70m-a4-0p5-k009-rtxpro4500-002,runs/025-2026-09-05-pythia-agentic-sparse-kernel-search/retrieved/rtxpro4500-002/artifacts/k016final-70m-a4-0p5-development-rtxpro4500-002
70M complete-validation K009-to-K016,70M,70m/a7-0,A7-OL1,0.0,0.23562417494680196,23.562417494680197,k009,k016,0.8542562473279455,0.9993082172279794,0.14505196990003388,1.1697991327002248,1.1484779618200474,1.198032807150448,True,True,True,same 16 timing blocks; both implementations evaluated over complete validation,topology-specific native fallback plus layer/site-specific sparse dispatch,runs/025-2026-09-05-pythia-agentic-sparse-kernel-search/retrieved/rtxpro4500-002/artifacts/final-70m-a7-0-k009-rtxpro4500-002,runs/025-2026-09-05-pythia-agentic-sparse-kernel-search/retrieved/rtxpro4500-002/artifacts/k016final-70m-a7-0-development-rtxpro4500-002
70M complete-validation K009-to-K016,70M,70m/a7-0p01,A7-OL1,0.01,0.24226276136279815,24.226276136279814,k009,k016,0.868021138898782,0.9911397019231709,0.12311856302438895,1.1418382082037584,1.1190546086954836,1.1703067629434967,True,True,True,same 16 timing blocks; both implementations evaluated over complete validation,topology-specific native fallback plus layer/site-specific sparse dispatch,runs/025-2026-09-05-pythia-agentic-sparse-kernel-search/retrieved/rtxpro4500-002/artifacts/final-70m-a7-0p01-k009-rtxpro4500-002,runs/025-2026-09-05-pythia-agentic-sparse-kernel-search/retrieved/rtxpro4500-002/artifacts/k016final-70m-a7-0p01-retrospective-rtxpro4500-002
70M complete-validation K009-to-K016,70M,70m/a7-0p05,A7-OL1,0.05,0.265239409240229,26.5239409240229,k009,k016,0.8362195404792108,0.9903584187858921,0.15413887830668138,1.1843282425789157,1.17217637549253,1.2051118557888918,False,True,False,same 16 timing blocks; both implementations evaluated over complete validation,topology-specific native fallback plus layer/site-specific sparse dispatch,runs/025-2026-09-05-pythia-agentic-sparse-kernel-search/retrieved/rtxpro4500-002/artifacts/final-70m-a7-0p05-k009-rtxpro4500-002,runs/025-2026-09-05-pythia-agentic-sparse-kernel-search/retrieved/rtxpro4500-002/artifacts/k016final-70m-a7-0p05-retrospective-rtxpro4500-002
70M complete-validation K009-to-K016,70M,70m/a7-0p1,A7-OL1,0.1,0.2869378509087325,28.69378509087325,k009,k016,0.8519646348253483,0.989646112435226,0.1376814776098777,1.1616046863706992,1.1531604016226273,1.1691799241843182,True,True,True,same 16 timing blocks; both implementations evaluated over complete validation,topology-specific native fallback plus layer/site-specific sparse dispatch,runs/025-2026-09-05-pythia-agentic-sparse-kernel-search/retrieved/rtxpro4500-002/artifacts/final-70m-a7-0p1-k009-rtxpro4500-002,runs/025-2026-09-05-pythia-agentic-sparse-kernel-search/retrieved/rtxpro4500-002/artifacts/k016final-70m-a7-0p1-retrospective-rtxpro4500-002
70M complete-validation K009-to-K016,70M,70m/a7-0p5,A7-OL1,0.5,0.4060187215635989,40.60187215635989,k009,k016,0.9693325756033793,0.9921826557074922,0.022850080104112935,1.0235730034038002,0.9988995520849318,1.0428057176585077,True,True,True,same 16 timing blocks; both implementations evaluated over complete validation,topology-specific native fallback plus layer/site-specific sparse dispatch,runs/025-2026-09-05-pythia-agentic-sparse-kernel-search/retrieved/rtxpro4500-002/artifacts/final-70m-a7-0p5-k009-rtxpro4500-002,runs/025-2026-09-05-pythia-agentic-sparse-kernel-search/retrieved/rtxpro4500-002/artifacts/k016final-70m-a7-0p5-development-rtxpro4500-002
410M development K004-to-K010,410M,410m/a0,A0,,0.00011047923803103942,0.011047923803103942,k004,k010,0.4711701126199577,0.9430873597781461,0.47191724715818834,2.0015857001923916,1.9985732184130385,2.004380272195252,True,True,True,16 development blocks; five passes; development gates only,native fallback for A0,runs/025-2026-09-05-pythia-agentic-sparse-kernel-search/retrieved/rtxpro4500-002/artifacts/k004-410m-a0-all-rtxpro4500-002,runs/025-2026-09-05-pythia-agentic-sparse-kernel-search/retrieved/rtxpro4500-002/artifacts/k010-410m-a0-rtxpro4500-002
410M development K004-to-K010,410M,410m/a4-0p5,A4-OL1,0.5,0.715914446480748,71.5914446480748,k004,k010,1.0158240346857883,1.0205080638239985,0.0046840291382101995,1.0046110635093006,0.9862936651253563,1.0202280604111722,True,True,True,16 development blocks; five passes; development gates only,restrict flagged-z sparse projection to layers 2 through 20,runs/025-2026-09-05-pythia-agentic-sparse-kernel-search/retrieved/rtxpro4500-002/artifacts/k004flagz-410m-a4-0p5-rtxpro4500-002,runs/025-2026-09-05-pythia-agentic-sparse-kernel-search/retrieved/rtxpro4500-002/artifacts/k010-410m-a4-0p5-rtxpro4500-002
410M development K004-to-K010,410M,410m/a7-0p5,A7-OL1,0.5,0.806155139186339,80.6155139186339,k004,k010,1.003350281357519,1.0160417805774404,0.01269149921992141,1.0126491211052933,1.0078436499537344,1.0194410580574382,True,True,True,16 development blocks; five passes; development gates only,restrict flagged-z sparse projection to layers 2 through 20,runs/025-2026-09-05-pythia-agentic-sparse-kernel-search/retrieved/rtxpro4500-002/artifacts/k004flagz-410m-a7-0p5-rtxpro4500-002,runs/025-2026-09-05-pythia-agentic-sparse-kernel-search/retrieved/rtxpro4500-002/artifacts/k010-410m-a7-0p5-rtxpro4500-002
