condition,recipe,family,pressure,kappa,pressure_weight,checkpoint_evidence_id,validation_loss,model_products,s_model_percent,qkv_products,qkv_zero_products,qkv_scalar_zero_fraction,qkv_model_contribution_pp,qkv_bf16_zero_products_lower_bound,qkv_bf16_scalar_zero_fraction_lower_bound,qk_products,qk_zero_products,qk_scalar_zero_fraction,qk_model_contribution_pp,qk_bf16_zero_products_lower_bound,qk_bf16_scalar_zero_fraction_lower_bound,pv_products,pv_zero_products,pv_scalar_zero_fraction,pv_model_contribution_pp,pv_bf16_zero_products_lower_bound,pv_bf16_scalar_zero_fraction_lower_bound,attn_out_products,attn_out_zero_products,attn_out_scalar_zero_fraction,attn_out_model_contribution_pp,attn_out_bf16_zero_products_lower_bound,attn_out_bf16_scalar_zero_fraction_lower_bound,ffn_up_products,ffn_up_zero_products,ffn_up_scalar_zero_fraction,ffn_up_model_contribution_pp,ffn_up_bf16_zero_products_lower_bound,ffn_up_bf16_scalar_zero_fraction_lower_bound,ffn_down_products,ffn_down_zero_products,ffn_down_scalar_zero_fraction,ffn_down_model_contribution_pp,ffn_down_bf16_zero_products_lower_bound,ffn_down_bf16_scalar_zero_fraction_lower_bound,projection_products,projection_zero_products,projection_scalar_zero_fraction,projection_model_contribution_pp,attention_products,attention_zero_products,attention_scalar_zero_fraction,attention_model_contribution_pp,qkv_mma_issued,qkv_mma_bypassed,qkv_mma_potential,qkv_mma_bypass_fraction,qkv_simt_products,qkv_rows,qkv_zero_rows,qkv_rows_le2,qkv_zero_row_fraction,qkv_row_le2_fraction,qkv_zero_16x16_fragments,qkv_total_16x16_fragments,attn_out_mma_issued,attn_out_mma_bypassed,attn_out_mma_potential,attn_out_mma_bypass_fraction,attn_out_simt_products,attn_out_rows,attn_out_zero_rows,attn_out_rows_le2,attn_out_zero_row_fraction,attn_out_row_le2_fraction,attn_out_simt_opportunity_products,attn_out_simt_safety_gap_products,ffn_up_mma_issued,ffn_up_mma_bypassed,ffn_up_mma_potential,ffn_up_mma_bypass_fraction,ffn_up_simt_products,ffn_up_rows,ffn_up_zero_rows,ffn_up_rows_le2,ffn_up_zero_row_fraction,ffn_up_row_le2_fraction,ffn_up_zero_16x16_fragments,ffn_up_total_16x16_fragments,ffn_down_mma_issued,ffn_down_mma_bypassed,ffn_down_mma_potential,ffn_down_mma_bypass_fraction,ffn_down_simt_products,ffn_down_rows,ffn_down_zero_rows,ffn_down_rows_le2,ffn_down_zero_row_fraction,ffn_down_row_le2_fraction,ffn_down_simt_opportunity_products,ffn_down_simt_safety_gap_products,projection_mma_potential,projection_mma_bypassed,projection_mma_bypass_fraction,projection_simt_products,projection_arithmetic_avoidance_proxy_fraction,projection_pure_zero_only_bypass_fraction,projection_timing_subset_bypass_fraction,projection_mma_counter_method,qk_mma_issued,qk_mma_skipped,qk_mma_potential,qk_mma_skip_fraction,pv_mma_issued,pv_mma_skipped,pv_mma_potential,pv_mma_skip_fraction,attention_mma_potential,attention_mma_skipped,attention_mma_skip_fraction,attention_unmasked_only_mma_skip_fraction,attention_timing_subset_mma_skip_fraction,diagnostic_source,all_skips_off_native_gm_ms,all_skips_off_candidate_gm_ms,all_skips_off_paired_speedup,projection_on_native_gm_ms,projection_on_candidate_gm_ms,projection_on_paired_speedup,full_native_gm_ms,full_candidate_gm_ms,full_paired_speedup,native_baseline_gm_ms,fusion_only_speedup_common_native,projection_sparse_gain,attention_sparse_gain,full_speedup,projection_sparse_gain_native_normalized,attention_sparse_gain_native_normalized
c01,A0,baseline/local,none,,0.0,14M:A0:None,5.2085730123096665,6363055915008,1.1415112639303074e-06,204145164288,0,0.0,0.0,0,0.0,544652918784,19185,3.5224267305558024e-08,3.015060728092923e-07,157464871,0.0002891104877424661,544652918784,20042,3.6797746434088816e-08,3.149744441617845e-07,6732,1.2360165102998e-08,68048388096,7296,1.0721782255454882e-07,1.1466188726695838e-07,384,5.6430432923446744e-09,272193552384,0,0.0,0.0,0,0.0,272193552384,26112,9.593173596985947e-08,4.103688596922721e-07,1792,6.583550507735453e-09,816580657152,33408,4.091206386949889e-08,5.250307469592305e-07,1089305837568,39227,3.601100686982342e-08,6.164805169710768e-07,99680256,0,99680256,0.0,0,4153344,0,0,0.0,0.0,0,2076672,66453504,0,66453504,0.0,0,4153344,0,0,0.0,0.0,0,0,132907008,0,132907008,0.0,0,4153344,0,0,0.0,0.0,0,2076672,265814016,0,265814016,0.0,0,4153344,0,0,0.0,0.0,0,0,564854784,0,0.0,0,0.0,,,qkv/up: BF16 operand reconstruction; down/out: instrumented; includes SIMT substitution,299040768,0,299040768,0.0,267890688,31150080,299040768,0.10416666666666667,598081536,31150080,0.052083333333333336,,,runs/029-2026-09-07-pythia14m-matched-kernel-retrospective/artifacts/attempts/scientific-final-k050-c01-r1-a01/diagnostics.json,0.6556269128324651,0.6214739796330282,1.0549547275005846,0.6556294858664741,0.6437339013811224,1.0184790399570847,0.65544239800561,0.651573035007824,1.0059384946734935,0.65544239800561,1.0546578287841426,0.9654206160335259,0.9879689103054925,1.0059384946734935,0.9654244048652981,0.9876869873688127
c02,A1-H,baseline/local,none,,0.0,14M:A1-H:None,5.26963426093378,6363055915008,2.7141299328466277,204145164288,0,0.0,0.0,0,0.0,544652918784,6795,1.2475835097277392e-08,1.0678831194887366e-07,157965471,0.0002900296051890734,544652918784,14694,2.6978649141927004e-08,2.309267778920897e-07,8331,1.5295979719708308e-08,68048388096,4736,6.959753393891765e-08,7.44296461206572e-08,384,5.6430432923446744e-09,272193552384,0,0.0,0.0,0,0.0,272193552384,172701579008,0.6344807858062684,2.7141295207018916,172684640256,0.6344185552653476,816580657152,172701583744,0.2114936010685506,2.7141295951315376,1089305837568,21489,1.9727242119602197e-08,3.3771508984096333e-07,99680256,0,99680256,0.0,0,4153344,0,0,0.0,0.0,0,2076672,66453504,0,66453504,0.0,0,4153344,0,0,0.0,0.0,0,0,132907008,0,132907008,0.0,0,4153344,0,0,0.0,0.0,0,2076672,265813776,240,265814016,9.028869267751479e-07,0,4153344,0,0,0.0,0.0,0,0,564854784,240,4.248879655412461e-07,0,3.009623089250493e-07,,,qkv/up: BF16 operand reconstruction; down/out: instrumented; includes SIMT substitution,299040768,0,299040768,0.0,267890688,31150080,299040768,0.10416666666666667,598081536,31150080,0.052083333333333336,,,runs/029-2026-09-07-pythia14m-matched-kernel-retrospective/artifacts/attempts/scientific-final-k050-c02-r1-a01/diagnostics.json,0.6541164614968739,0.6223023892593381,1.0511231722497494,0.6542570855636449,0.6241954983859143,1.0481605318453369,0.6541662626021485,0.6328194194692462,1.0337329141239155,0.6541662626021485,1.051203199429677,0.9969671214683997,0.9863722243376081,1.0337329141239155,0.99718145267593,0.9862352976637836
c03,A1-H-L1,baseline/local,l1_naive,,0.05,14M:A1-H-L1:0.05,5.206143599290114,6363055915008,3.141594861527296,204145164288,0,0.0,0.0,0,0.0,544652918784,11402,2.093443293291491e-08,1.79190630293018e-07,158505201,0.0002910205665543499,544652918784,15188,2.7885648779609865e-08,2.3869034317579e-07,6632,1.2176561937475153e-08,68048388096,7936,1.1662289470845661e-07,1.247199475535337e-07,512,7.524057723126233e-09,272193552384,0,0.0,0.0,0,0.0,272193552384,199901403136,0.7344090313130817,3.141594318926375,199891980288,0.7343744131234976,816580657152,199901411072,0.24480302015626845,3.141594443646323,1089305837568,26590,2.4410040856262388e-08,4.1788097346880803e-07,99680256,0,99680256,0.0,0,4153344,0,0,0.0,0.0,0,2076672,66453504,0,66453504,0.0,0,4153344,0,0,0.0,0.0,0,0,132907008,0,132907008,0.0,0,4153344,0,0,0.0,0.0,0,2076672,265812320,1696,265814016,6.380400949211046e-06,0,4153344,0,0,0.0,0.0,0,0,564854784,1696,3.002541623158139e-06,0,2.126800316403682e-06,,,qkv/up: BF16 operand reconstruction; down/out: instrumented; includes SIMT substitution,299040768,0,299040768,0.0,267890688,31150080,299040768,0.10416666666666667,598081536,31150080,0.052083333333333336,,,runs/029-2026-09-07-pythia14m-matched-kernel-retrospective/artifacts/attempts/scientific-final-k050-c03-r1-a01/diagnostics.json,0.6540976171315278,0.6219040829099306,1.051766076323155,0.6539012433416956,0.6237506627834841,1.0483375527388856,0.65434712478441,0.6330179885832224,1.0336943603276187,0.65434712478441,1.0521672758967529,0.9970395544506306,0.985360090918617,1.0336943603276187,0.9967402223161113,0.9860319871466875
c04,A1-H-L1,baseline/local,l1_naive,,0.1,14M:A1-H-L1:0.1,5.165482571844518,6363055915008,3.336306479694562,204145164288,0,0.0,0.0,0,0.0,544652918784,20461,3.7567043697629536e-08,3.215593305056518e-07,155988619,0.0002864000423393717,544652918784,23202,4.259960646461075e-08,3.6463611682675006e-07,7712,1.415947612512189e-08,68048388096,7168,1.0533680812376725e-07,1.1265027520964333e-07,512,7.524057723126233e-09,272193552384,0,0.0,0.0,0,0.0,272193552384,212290995968,0.7799266151187453,3.3363056808488394,212290425216,0.7799245182579085,816580657152,212291003136,0.2599755471509824,3.3363057934991147,1089305837568,43663,4.0083325081120144e-08,6.861954473324019e-07,99680256,0,99680256,0.0,0,4153344,0,0,0.0,0.0,0,2076672,66453504,0,66453504,0.0,0,4153344,0,0,0.0,0.0,0,0,132907008,0,132907008,0.0,0,4153344,0,0,0.0,0.0,0,2076672,265805456,8560,265814016,3.220296705498028e-05,0,4153344,0,0,0.0,0.0,0,0,564854784,8560,1.5154337437637778e-05,0,1.0734322351660092e-05,,,qkv/up: BF16 operand reconstruction; down/out: instrumented; includes SIMT substitution,299040768,0,299040768,0.0,267890688,31150080,299040768,0.10416666666666667,598081536,31150080,0.052083333333333336,,,runs/029-2026-09-07-pythia14m-matched-kernel-retrospective/artifacts/attempts/scientific-final-k050-c04-r1-a01/diagnostics.json,0.6539975941380332,0.6223796399564852,1.0508017167524288,0.6543887413720106,0.6240846166381077,1.0485577178574739,0.6542153843058034,0.6325058135739894,1.0343231165088327,0.6542153843058034,1.0511516481348009,0.9972680360384348,0.9866859770216221,1.0343231165088327,0.9978644887430426,0.986424589599391
c05,A1-H-L1,baseline/local,l1_naive,,0.5,14M:A1-H-L1:0.5,5.112687533423745,6363055915008,3.7875781055382567,204145164288,0,0.0,0.0,0,0.0,544652918784,12552,2.304586933642764e-08,1.97263707370458e-07,147422545,0.00027067245931434227,544652918784,36768,6.750721189944005e-08,5.778355634637508e-07,9606,1.7636920080124594e-08,68048388096,6784,9.969376483142259e-08,1.0661543903769814e-07,384,5.6430432923446744e-09,272193552384,0,0.0,0.0,0,0.0,272193552384,241005656576,0.8854201521864069,3.787577223823547,240977272448,0.8853158729786469,816580657152,241005663360,0.29514005903661605,3.787577330438986,1089305837568,49320,4.527654061793384e-08,7.750992708342088e-07,99680256,0,99680256,0.0,0,4153344,0,0,0.0,0.0,0,2076672,66453504,0,66453504,0.0,0,4153344,0,0,0.0,0.0,0,0,132907008,0,132907008,0.0,0,4153344,0,0,0.0,0.0,0,2076672,264522880,1291136,265814016,0.004857290896203156,311808,4153344,115,1496,2.7688532421104536e-05,0.000360191691321499,311808,0,564854784,1291136,0.002285783951154426,311808,0.0016187151194716034,,,qkv/up: BF16 operand reconstruction; down/out: instrumented; includes SIMT substitution,299040768,0,299040768,0.0,267890688,31150080,299040768,0.10416666666666667,598081536,31150080,0.052083333333333336,,,runs/029-2026-09-07-pythia14m-matched-kernel-retrospective/artifacts/attempts/scientific-final-k050-c05-r1-a01/diagnostics.json,0.6543457680698697,0.6220880410232754,1.051853957831328,0.6544852797184054,0.6044832190479894,1.0827186910981006,0.6544703464649956,0.6122575853995819,1.068946080982997,0.6544703464649956,1.052054216294617,1.0291237563269533,0.9873021314280351,1.068946080982997,1.029343173581253,0.9872796043622971
c06,A1-H-L1,baseline/local,l1_naive,,1.0,14M:A1-H-L1:1.0,5.1022753408674655,6363055915008,3.9493342588312625,204145164288,0,0.0,0.0,0,0.0,544652918784,9170,1.6836410278444986e-08,1.4411314504358666e-07,145509919,0.0002671608174337293,544652918784,25926,4.760095669345308e-08,4.0744573592148614e-07,1817,3.3360695175501135e-09,68048388096,7808,1.1474188027767505e-07,1.2270833549621862e-07,512,7.524057723126233e-09,272193552384,0,0.0,0.0,0,0.0,272193552384,251298304256,0.9232338608134193,3.949333584564046,251292019072,0.9232107699505205,816580657152,251298312064,0.30774462983296313,3.9493337072723813,1089305837568,35096,3.221868348594903e-08,5.515588809650728e-07,99680256,0,99680256,0.0,0,4153344,0,0,0.0,0.0,0,2076672,66453504,0,66453504,0.0,0,4153344,0,0,0.0,0.0,0,0,132907008,0,132907008,0.0,0,4153344,0,0,0.0,0.0,0,2076672,258006960,7807056,265814016,0.029370369995839498,6197120,4153344,4547,33954,0.0010947804949457593,0.0081750993897929,6197120,0,564854784,7807056,0.01382135058627741,6197120,0.009782534222474309,,,qkv/up: BF16 operand reconstruction; down/out: instrumented; includes SIMT substitution,299040768,0,299040768,0.0,267890688,31150080,299040768,0.10416666666666667,598081536,31150080,0.052083333333333336,,,runs/029-2026-09-07-pythia14m-matched-kernel-retrospective/artifacts/attempts/scientific-final-k050-c06-r1-a01/diagnostics.json,0.6543075911211468,0.6229640690629443,1.0503135310923295,0.654129243839073,0.5842812925222395,1.1195450756523664,0.6545456309288766,0.5928247465408343,1.1041132050377234,0.6545456309288766,1.050695639498819,1.066205742055711,0.9855885671634892,1.1041132050377234,1.065915122018885,0.9862159452528959
c07,A1-H-OL1,baseline/local,orthogonal_l1,,0.05,14M:A1-H-OL1:0.05,5.198063326305186,6363055915008,3.14522677294041,204145164288,0,0.0,0.0,0,0.0,544652918784,11399,2.0928924837949224e-08,1.791434831354247e-07,157705497,0.00028955228469553705,544652918784,23009,4.2245252355151657e-08,3.616029830215797e-07,6512,1.1956238138847738e-08,68048388096,5888,8.652666381595168e-08,9.253415463649273e-08,384,5.6430432923446744e-09,272193552384,0,0.0,0.0,0,0.0,272193552384,200132497920,0.7352580403435159,3.145226139659789,200107763072,0.7351671680661113,816580657152,200132503808,0.24508602065839397,3.1452262321939437,1089305837568,34408,3.158708859655044e-08,5.407464661570044e-07,99680256,0,99680256,0.0,0,4153344,0,0,0.0,0.0,0,2076672,66453504,0,66453504,0.0,0,4153344,0,0,0.0,0.0,0,0,132907008,0,132907008,0.0,0,4153344,0,0,0.0,0.0,0,2076672,265811648,2368,265814016,8.90848434418146e-06,0,4153344,0,0,0.0,0.0,0,0,564854784,2368,4.192227926673628e-06,0,2.96949478139382e-06,,,qkv/up: BF16 operand reconstruction; down/out: instrumented; includes SIMT substitution,299040768,0,299040768,0.0,267890688,31150080,299040768,0.10416666666666667,598081536,31150080,0.052083333333333336,,,runs/029-2026-09-07-pythia14m-matched-kernel-retrospective/artifacts/attempts/scientific-final-k050-c07-r1-a01/diagnostics.json,0.6538305253860917,0.6223384226431771,1.050602857861744,0.6545466856698299,0.6255736095494894,1.0463144155668678,0.6541329170774898,0.6325645381753421,1.0340967246826112,0.6541329170774898,1.0510887537672446,0.994828447273148,0.9889482760984067,1.0340967246826112,0.9959181128598829,0.988323117121886
c08,A1-H-OL1,baseline/local,orthogonal_l1,,0.1,14M:A1-H-OL1:0.1,5.159397419387772,6363055915008,3.3385785669578376,204145164288,0,0.0,0.0,0,0.0,544652918784,4507,8.274994670114674e-09,7.083074642436697e-08,156450559,0.000287248178802188,544652918784,28507,5.233975439559774e-08,4.480080071709406e-07,7374,1.3538897425654671e-08,68048388096,7168,1.0533680812376725e-07,1.1265027520964333e-07,128,1.8810144307815583e-09,272193552384,0,0.0,0.0,0,0.0,272193552384,212435580800,0.7804577990161361,3.3385779354688085,212398383232,0.7803211404962183,816580657152,212435587968,0.26015260845011273,3.338578048119084,1089305837568,33014,3.0307374532856206e-08,5.188387535953075e-07,99680256,0,99680256,0.0,0,4153344,0,0,0.0,0.0,0,2076672,66453504,0,66453504,0.0,0,4153344,0,0,0.0,0.0,0,0,132907008,0,132907008,0.0,0,4153344,0,0,0.0,0.0,0,2076672,265808528,5488,265814016,2.0646014392258383e-05,0,4153344,0,0,0.0,0.0,0,0,564854784,5488,9.715771478709827e-06,0,6.882004797419461e-06,,,qkv/up: BF16 operand reconstruction; down/out: instrumented; includes SIMT substitution,299040768,0,299040768,0.0,267890688,31150080,299040768,0.10416666666666667,598081536,31150080,0.052083333333333336,,,runs/029-2026-09-07-pythia14m-matched-kernel-retrospective/artifacts/attempts/scientific-final-k050-c08-r1-a01/diagnostics.json,0.6541502138027118,0.6222376488674697,1.0512867792447562,0.6544136772918653,0.6246747666345022,1.0476070304833738,0.6544649846610291,0.633081680010707,1.0337765336219498,0.6544649846610291,1.0517926484394124,0.9960985813783344,0.9867206497334394,1.0337765336219498,0.9964997669199017,0.9867980106480934
c09,A1-H-OL1,baseline/local,orthogonal_l1,,0.5,14M:A1-H-OL1:0.5,5.1102359397171515,6363055915008,3.767997558790878,204145164288,0,0.0,0.0,384,1.8810144307815583e-09,544652918784,9443,1.7337646920322356e-08,1.4840353638457895e-07,157754525,0.0002896423016555296,544652918784,75859,1.392795253339758e-07,1.1921787426239304e-06,11743,2.1560519727347816e-08,68048388096,7424,1.0909883698533038e-07,1.1667349932427343e-07,768,1.1286086584689349e-08,272193552384,0,0.0,0.0,0,0.0,272193552384,239759698816,0.8808426824076876,3.7679961015350996,239751769600,0.8808135516074518,816580657152,239759706240,0.29361423656079894,3.767996218208599,1089305837568,85302,7.830858612714909e-08,1.3405822790085092e-06,99680256,0,99680256,0.0,0,4153344,0,0,0.0,0.0,0,2076672,66453504,0,66453504,0.0,0,4153344,0,0,0.0,0.0,0,0,132907008,0,132907008,0.0,0,4153344,0,0,0.0,0.0,0,2076672,265045008,769008,265814016,0.002893030290772929,25856,4153344,0,110,0.0,2.648468318540434e-05,25856,0,564854784,769008,0.0013614260191872607,25856,0.0009643117665147249,,,qkv/up: BF16 operand reconstruction; down/out: instrumented; includes SIMT substitution,299040768,0,299040768,0.0,267890688,31150080,299040768,0.10416666666666667,598081536,31150080,0.052083333333333336,,,runs/029-2026-09-07-pythia14m-matched-kernel-retrospective/artifacts/attempts/scientific-final-k050-c09-r1-a01/diagnostics.json,0.6544015096091637,0.6228997288468445,1.0505727957542017,0.6542366564014377,0.60831051556615,1.075497857853969,0.6543794498987368,0.6163289855672094,1.061737262440301,0.6543794498987368,1.0505373812092833,1.023983167983076,0.9869899514888466,1.061737262440301,1.0237252118087388,0.9872053716209853
c10,A1-H-OL1,baseline/local,orthogonal_l1,,1.0,14M:A1-H-OL1:1.0,5.121185236428616,6363055915008,3.9383631481051498,204145164288,0,0.0,0.0,0,0.0,544652918784,6963,1.2784288415355772e-08,1.0942855277409967e-07,155711101,0.00028589051050647603,544652918784,38383,7.047240302263402e-08,6.032164499681556e-07,7308,1.3417719336409592e-08,68048388096,7680,1.1286086584689349e-07,1.2069672343890355e-07,256,3.7620288615631166e-09,272193552384,0,0.0,0.0,0,0.0,272193552384,250600196224,0.9206691122149104,3.9383623147634235,250586028928,0.9206170636051035,816580657152,250600203904,0.30688971347670896,3.9383624354601467,1089305837568,45346,4.162834571899489e-08,7.126450027422553e-07,99680256,0,99680256,0.0,0,4153344,0,0,0.0,0.0,0,2076672,66453504,0,66453504,0.0,0,4153344,0,0,0.0,0.0,0,0,132907008,0,132907008,0.0,0,4153344,0,0,0.0,0.0,0,2076672,261966992,3847024,265814016,0.014472615319125985,1339520,4153344,618,6956,0.00014879576553254438,0.0016747950567061144,1339520,0,564854784,3847024,0.006810642503118111,1339520,0.004822564705040485,,,qkv/up: BF16 operand reconstruction; down/out: instrumented; includes SIMT substitution,299040768,0,299040768,0.0,267890688,31150080,299040768,0.10416666666666667,598081536,31150080,0.052083333333333336,,,runs/029-2026-09-07-pythia14m-matched-kernel-retrospective/artifacts/attempts/scientific-final-k050-c10-r1-a01/diagnostics.json,0.6541365717073663,0.6218097206978523,1.0519883333011162,0.6544246494293983,0.5916684183528385,1.106066555404915,0.6542550847533348,0.5995983327994361,1.0911556102878313,0.6542550847533348,1.052178927050335,1.0509428953955748,0.9867746222549119,1.0911556102878313,1.0514057241814674,0.9865189440506814
c11,A4,4-site,none,0.0,0.0,14M:A4:0.0,5.470515694138566,6363055915008,7.212018636951158,204145164288,99132193920,0.4855965815587392,1.557933723105989,99132477312,0.4855979697473891,544652918784,3284,6.029527955770266e-09,5.161042184548949e-08,165884956,0.0003045700303421804,544652918784,29074,5.3380784344112274e-08,4.569188199560784e-07,9502,1.7445972787980835e-08,68048388096,37103408384,0.5452503640741051,0.583106747443274,37095983232,0.5451412483079899,272193552384,135495357440,0.4977904739229402,2.129406990129045,135492946432,0.4977816162259856,272193552384,187173786368,0.6876495961371728,2.9415706677436084,187175497856,0.6876558838981613,816580657152,458904746112,0.5619833657492312,7.212018128421916,1089305837568,32358,2.970515614994127e-08,5.085292418015679e-07,99680256,0,99680256,0.0,0,4153344,0,0,0.0,0.0,0,2076672,66449200,4304,66453504,6.476708888067062e-05,0,4153344,0,0,0.0,0.0,0,0,132907008,0,132907008,0.0,0,4153344,0,0,0.0,0.0,0,2076672,265813936,80,265814016,3.009623089250493e-07,0,4153344,0,0,0.0,0.0,0,0,564854784,4384,7.761286837220096e-06,0,5.4975781763642345e-06,,,qkv/up: BF16 operand reconstruction; down/out: instrumented; includes SIMT substitution,299040768,0,299040768,0.0,267890688,31150080,299040768,0.10416666666666667,598081536,31150080,0.052083333333333336,,,runs/029-2026-09-07-pythia14m-matched-kernel-retrospective/artifacts/attempts/scientific-final-k050-c11-r1-a01/diagnostics.json,0.740841275135931,0.6232661152898312,1.1886435937423374,0.7400874890984336,0.6249462917819798,1.1842417481798935,0.739930398145636,0.6339123181467637,1.167244076134717,0.739930398145636,1.1871821361595336,0.9973114865801385,0.985856046478169,1.167244076134717,0.9962967490123888,0.9856467886972394
c12,A4,4-site,none,0.01,0.0,14M:A4:0.01,5.4664884410666295,6363055915008,7.4137042243075575,204145164288,100225514112,0.49095218327388723,1.5751160362367174,100223955840,0.4909445501173271,544652918784,3073,5.64212527651706e-09,4.82944050947592e-08,163422623,0.00030004910900846674,544652918784,19597,3.5980712347512145e-08,3.079809491187751e-07,7673,1.408787089056798e-08,68048388096,40586432768,0.5964348885199492,0.6378449806212173,40584799360,0.596410884894798,272193552384,137177347584,0.5039698640270346,2.155840674925572,137169527296,0.5039411334126188,272193552384,193748828032,0.7118053544437627,3.0449021762486965,193752859648,0.7118201660216442,816580657152,471738122496,0.5776993593520666,7.413703868032203,1089305837568,22670,2.0811418812014605e-08,3.5627535421353435e-07,99680256,0,99680256,0.0,0,4153344,0,0,0.0,0.0,0,2076672,66372944,80560,66453504,0.0012122761803500985,0,4153344,0,0,0.0,0.0,0,0,132907008,0,132907008,0.0,0,4153344,0,0,0.0,0.0,0,2076672,265812224,1792,265814016,6.741555719921104e-06,0,4153344,0,0,0.0,0.0,0,0,564854784,82352,0.00014579322390938625,0,0.00010327020026914859,,,qkv/up: BF16 operand reconstruction; down/out: instrumented; includes SIMT substitution,299040768,0,299040768,0.0,267890688,31150080,299040768,0.10416666666666667,598081536,31150080,0.052083333333333336,,,runs/029-2026-09-07-pythia14m-matched-kernel-retrospective/artifacts/attempts/scientific-final-k050-c12-r1-a01/diagnostics.json,0.740012423148826,0.6234386997519206,1.1869850611508277,0.7401125317312002,0.6253541243647665,1.1835094755039877,0.740304924964951,0.6339121150063516,1.1678352683913185,0.740304924964951,1.1874542360933544,0.9969370560803583,0.986499720641087,1.1678352683913185,0.9970719213235335,0.986756162551217
c13,A4,4-site,none,0.05,0.0,14M:A4:0.05,5.43411524902434,6363055915008,8.205892926203266,204145164288,104431358592,0.511554407650197,1.641213907073905,104422327296,0.5115101680717995,544652918784,10909,2.002926932688728e-08,1.714427807285155e-07,154471476,0.00028361451976586345,544652918784,19191,3.523528349548939e-08,3.016003671244789e-07,5241,9.622641905052364e-09,68048388096,52833326080,0.776408193614591,0.8303137169577045,52823280512,0.7762605697210488,272193552384,143478375424,0.5271189349172618,2.254865859116368,143471142400,0.5270923618263982,272193552384,221402465024,0.8134008432045962,3.4794989700121413,221393315712,0.8133672299469716,816580657152,522145525120,0.6394292107543845,8.205892453160118,1089305837568,30100,2.7632276411188337e-08,4.730431478529944e-07,99680256,0,99680256,0.0,0,4153344,0,0,0.0,0.0,0,2076672,65459936,993568,66453504,0.01495132596770217,0,4153344,0,0,0.0,0.0,0,0,132907008,0,132907008,0.0,0,4153344,0,0,0.0,0.0,0,2076672,265801328,12688,265814016,4.773262219551282e-05,0,4153344,0,0,0.0,0.0,0,0,564854784,1006256,0.001781441936056967,0,0.0012618547047070184,,,qkv/up: BF16 operand reconstruction; down/out: instrumented; includes SIMT substitution,299040768,0,299040768,0.0,267890688,31150080,299040768,0.10416666666666667,598081536,31150080,0.052083333333333336,,,runs/029-2026-09-07-pythia14m-matched-kernel-retrospective/artifacts/attempts/scientific-final-k050-c13-r1-a01/diagnostics.json,0.7400959026582962,0.623128779652771,1.1877093898161843,0.7398720930783489,0.6214809905079619,1.190498348909467,0.7401192065896978,0.6295806886345232,1.1755748229745069,0.7401192065896978,1.1877467880750394,1.0026513910642099,0.9871347735520153,1.1755748229745069,1.002348183080134,0.9874644715394771
c14,A4,4-site,none,0.1,0.0,14M:A4:0.1,5.419673250271724,6363055915008,8.953004995419466,204145164288,108694724736,0.5324384004641802,1.7082157722303049,108669949440,0.5323170392941206,544652918784,9846,1.8077567677379427e-08,1.5473697122128182e-07,154457058,0.0002835880478614584,544652918784,14934,2.7419296739181834e-08,2.3469855049955543e-07,5559,1.0206499971415015e-08,68048388096,60722293632,0.8923399264995868,0.9542945157652862,60719444480,0.892298056999372,272193552384,150249537024,0.5519952096882657,2.3612795334647174,150224502784,0.5519032374876726,272193552384,250018133760,0.9185306983586599,3.929214784523635,250011325056,0.9185056841585058,816580657152,569684689152,0.6976465633399858,8.953004605983944,1089305837568,24780,2.274843220828063e-08,3.8943552172083724e-07,99680256,0,99680256,0.0,0,4153344,0,0,0.0,0.0,0,2076672,53792624,12660880,66453504,0.19052238389114892,768,4153344,0,3,0.0,7.223095414201183e-07,768,0,132907008,0,132907008,0.0,0,4153344,0,0,0.0,0.0,0,2076672,263179648,2634368,265814016,0.009910568447978304,0,4153344,0,0,0.0,0.0,0,0,564854784,15295248,0.02707819502153672,768,0.01918038719974796,,,qkv/up: BF16 operand reconstruction; down/out: instrumented; includes SIMT substitution,299040768,0,299040768,0.0,267890688,31150080,299040768,0.10416666666666667,598081536,31150080,0.052083333333333336,,,runs/029-2026-09-07-pythia14m-matched-kernel-retrospective/artifacts/attempts/scientific-final-k050-c14-r1-a01/diagnostics.json,0.7400953638492969,0.6229423852672121,1.188063906635333,0.7399890057629879,0.584457506772841,1.2661125867797205,0.7399917692720522,0.5925477467447122,1.2488306188612737,0.7399917692720522,1.187897607825532,1.0658471797323135,0.9863466868006558,1.2488306188612737,1.0656940083008044,0.9863503703391794
c15,A4,4-site,none,0.5,0.0,14M:A4:0.5,5.659678203819771,6363055915008,10.215537061773293,204145164288,129497405184,0.6343398122392463,2.0351448567120944,129408164352,0.6339026682475615,544652918784,5188,9.525332227325256e-09,8.153315119805099e-08,166497939,0.0003056954865342973,544652918784,4567,8.385156569428381e-09,7.17736895762334e-08,2741,5.032562766981211e-09,68048388096,67967076096,0.998805085582846,1.0681514826184668,67967248256,0.9988076155472554,272193552384,180699076096,0.6638624409481854,2.839815939221914,180621040128,0.6635757480147322,272193552384,271856768128,0.9987627030359453,4.272424629913978,271855100416,0.9987565761016906,816580657152,650020325504,0.7960270915197589,10.215536908466452,1089305837568,9755,8.955244398376818e-09,1.533068407742844e-07,99680256,0,99680256,0.0,0,4153344,0,0,0.0,0.0,0,2076672,438224,66015280,66453504,0.9934055546566815,74215168,4153344,3602802,4137887,0.8674460868158284,0.9962784204727564,74215168,0,132907008,0,132907008,0.0,0,4153344,0,0,0.0,0.0,0,2076672,16471536,249342480,265814016,0.9380336061737241,166141184,4153344,2766998,3820491,0.6662096854967948,0.9198590340698964,166141184,0,564854784,315357760,0.5582988211001856,240356352,0.3951673200458073,,,qkv/up: BF16 operand reconstruction; down/out: instrumented; includes SIMT substitution,299040768,0,299040768,0.0,267890688,31150080,299040768,0.10416666666666667,598081536,31150080,0.052083333333333336,,,runs/029-2026-09-07-pythia14m-matched-kernel-retrospective/artifacts/attempts/scientific-final-k050-c15-r1-a01/diagnostics.json,0.7398420350536741,0.6238866173858557,1.1858597611112138,0.7396860538896853,0.47116383561156605,1.569912624829493,0.7393974816813232,0.47881871586642005,1.5442117385561824,0.7393974816813232,1.185147206361741,1.3241394398957997,0.9840129886297311,1.5442117385561824,1.3238602710984992,0.9836290976536978
c16,A4-OL1,4-site,orthogonal_l1,0.0,1.0,14M:A4-OL1:0.0,5.458276166718387,6363055915008,7.81004229286857,204145164288,140633510400,0.6888897461298655,2.2101567592436155,140622691968,0.688836752310307,544652918784,43415,7.971131431174363e-08,6.822979489713539e-07,174715837,0.00032078380740173596,544652918784,353770,6.495329186701726e-07,5.559749980596473e-06,19426,3.566675093446808e-08,68048388096,47378826880,0.6962520083967281,0.7445923391660221,47377708672,0.6962355758546607,272193552384,106963897344,0.392969989212307,1.6810145749578176,106925103104,0.3928274647488867,272193552384,201980726272,0.7420481657370542,3.174272377453186,201964953472,0.741990218736246,816580657152,496956960896,0.6085828222153141,7.810036050820641,1089305837568,397185,3.6462211649095813e-07,6.2420479295678266e-06,99680016,240,99680256,2.4076984714003945e-06,0,4153344,0,161,0.0,3.876394538954635e-05,5,2076672,66274176,179328,66453504,0.0026985484467455623,0,4153344,0,0,0.0,0.0,0,0,132907008,0,132907008,0.0,0,4153344,0,0,0.0,0.0,0,2076672,265811424,2592,265814016,9.751178809171598e-06,0,4153344,0,0,0.0,0.0,0,0,564854784,182160,0.00032248996584580575,0,0.00022873135478303748,,,qkv/up: BF16 operand reconstruction; down/out: instrumented; includes SIMT substitution,299040768,0,299040768,0.0,267890688,31150080,299040768,0.10416666666666667,598081536,31150080,0.052083333333333336,,,runs/029-2026-09-07-pythia14m-matched-kernel-retrospective/artifacts/attempts/scientific-final-k050-c16-r1-a01/diagnostics.json,0.7401016886074134,0.6229405118441884,1.1880776326721383,0.7400814155029006,0.6247940059398858,1.1845206715605194,0.7404843954881327,0.6332821484489827,1.1692803867939543,0.7404843954881327,1.1886919880936315,0.9970334316941644,0.9865965864822088,1.1692803867939543,0.9970061206323539,0.9871337958615047
c17,A4-OL1,4-site,orthogonal_l1,0.01,1.0,14M:A4-OL1:0.01,5.458309076241488,6363055915008,8.586708994090507,204145164288,150029109504,0.734913854203986,2.3578153564569355,150037046400,0.7349527328912558,544652918784,54353,9.979382855663253e-08,8.541964855566048e-07,166842787,0.00030632863837853956,544652918784,361544,6.638062287579187e-07,5.6819239816399675e-06,45192,8.297394256308461e-08,68048388096,58017753728,0.8525955625304574,0.9117907260748479,58015344256,0.8525601543148124,272193552384,118306141184,0.4346397633148133,1.8592660942199384,118279221760,0.43454086521908614,272193552384,220023674240,0.8083353639824621,3.457830281218319,220002857728,0.8082588871084961,816580657152,546376678656,0.6691031361942931,8.586702457970041,1089305837568,415897,3.818000286572756e-07,6.5361204671965724e-06,99680256,0,99680256,0.0,0,4153344,0,1025,0.0,0.0002467890933185404,0,2076672,50836544,15616960,66453504,0.2350058169995069,50644224,4153344,28570,264090,0.006878794532790927,0.06358490893121302,50644224,0,132907008,0,132907008,0.0,0,4153344,0,0,0.0,0.0,0,2076672,265763744,50272,265814016,0.000189124714928501,0,4153344,0,0,0.0,0.0,0,0,564854784,15667232,0.027736743042261282,50644224,0.01958483978763056,,,qkv/up: BF16 operand reconstruction; down/out: instrumented; includes SIMT substitution,299040768,0,299040768,0.0,267890688,31150080,299040768,0.10416666666666667,598081536,31150080,0.052083333333333336,,,runs/029-2026-09-07-pythia14m-matched-kernel-retrospective/artifacts/attempts/scientific-final-k050-c17-r1-a01/diagnostics.json,0.7406668967670906,0.6239369116957334,1.1870861987538275,0.7399662891050097,0.6118852188670528,1.2093220530397968,0.7401474638240372,0.6201353408313895,1.1935256952647666,0.7401474638240372,1.1862536899964247,1.019696002546025,0.9866962557668845,1.1935256952647666,1.0187314571674002,0.9869378403086888
c18,A4-OL1,4-site,orthogonal_l1,0.05,1.0,14M:A4-OL1:0.05,5.489760381230236,6363055915008,10.45644512413755,204145164288,180678716160,0.8850501886251175,2.8394959681848535,180658557696,0.8849514428915591,544652918784,90390,1.6595890131610057e-07,1.420543858286783e-06,169387240,0.00031100033463178053,544652918784,334301,6.137872183745297e-07,5.253780643535013e-06,1105469,2.0296760778737515e-06,68048388096,66273429504,0.9739162287063147,1.0415346083583281,66270165376,0.9738682609573154,272193552384,164509382656,0.6043838335447292,2.585383263220832,164439386624,0.6041266781808827,272193552384,253887496960,0.932746182767127,3.990024610049035,253872457088,0.9326909284384763,816580657152,665349025280,0.8147989049857577,10.456438449813048,1089305837568,424691,3.8987305984531513e-07,6.674324501821796e-06,90926208,8754048,99680256,0.08782128328402367,0,4153344,828581,1652631,0.19949732071314102,0.3979037132488905,182376,2076672,15417312,51036192,66453504,0.7679985091531065,104714240,4153344,2229046,2880098,0.5366870646881163,0.6934407552083334,104714240,0,132907008,0,132907008,0.0,0,4153344,0,0,0.0,0.0,0,2076672,224527760,41286256,265814016,0.15532008665788338,52579712,4153344,49756,308473,0.011979744514299803,0.0742709970568294,52579712,0,564854784,101076496,0.17894244478949123,157293952,0.13753593367702627,,,qkv/up: BF16 operand reconstruction; down/out: instrumented; includes SIMT substitution,299040768,0,299040768,0.0,267890688,31150080,299040768,0.10416666666666667,598081536,31150080,0.052083333333333336,,,runs/029-2026-09-07-pythia14m-matched-kernel-retrospective/artifacts/attempts/scientific-final-k050-c18-r1-a01/diagnostics.json,0.7402827739711135,0.6233988009661003,1.1874947029475746,0.740166883563444,0.5650324195274705,1.309954717611489,0.7402545908012145,0.5726794117517052,1.2926160354480565,0.7402545908012145,1.187449494054238,1.103297402806446,0.986646992946989,1.2926160354480565,1.103124682880645,0.9867639072325743
c19,A4-OL1,4-site,orthogonal_l1,0.1,1.0,14M:A4-OL1:0.1,5.548253721739414,6363055915008,11.394280537892907,204145164288,186403932288,0.9130950171566574,2.9294718571990677,186383613312,0.912995485159067,544652918784,65288,1.1987083470655574e-07,1.0260478749842625e-06,142243451,0.0002611634787849385,544652918784,135171,2.481782348688863e-07,2.124309479682296e-06,1239877,2.2764534205896986e-06,68048388096,67560640896,0.9928323474861461,1.0617640611431758,67558236416,0.9927970126300639,272193552384,206626470400,0.7591159621169111,3.247283587633541,206439071744,0.7584274863820575,272193552384,264433197696,0.97148957196072,4.155757881559769,264424617216,0.9714580485101282,816580657152,725024241280,0.8878782946055536,11.394277387535553,1089305837568,200459,1.84024534787721e-07,3.1503573546665582e-06,55033872,44646384,99680256,0.4478959604598126,0,4153344,2152778,2825733,0.5183240299864399,0.6803513024685651,930133,2076672,5661568,60791936,66453504,0.9148040711291914,91322240,4153344,3132084,3691764,0.7541113859097633,0.8888654539571006,91322240,0,132906816,192,132907008,1.4446190828402367e-06,0,4153344,11788,79928,0.002838194958086785,0.019244252342209073,3,2076672,122321968,143492048,265814016,0.5398212259808001,147939968,4153344,1232835,2079956,0.2968294944988905,0.5007906881780079,147939968,0,564854784,248930560,0.44069832999767955,239262208,0.36785554791813535,,,qkv/up: BF16 operand reconstruction; down/out: instrumented; includes SIMT substitution,299040768,0,299040768,0.0,267890688,31150080,299040768,0.10416666666666667,598081536,31150080,0.052083333333333336,,,runs/029-2026-09-07-pythia14m-matched-kernel-retrospective/artifacts/attempts/scientific-final-k050-c19-r1-a01/diagnostics.json,0.7400322840927143,0.6229599498832676,1.1879291505519483,0.7402068551543804,0.5261042370050623,1.4069585513474168,0.7401672397162783,0.5337081452636854,1.3868389423784964,0.7401672397162783,1.1881457866673024,1.1840998533476426,0.9857526846346587,1.3868389423784964,1.1843791784162387,0.9856999277273291
c20,A4-OL1,4-site,orthogonal_l1,0.5,1.0,14M:A4-OL1:0.5,6.037982463131289,6363055915008,12.713448684742273,204145164288,201911724288,0.9890595498169668,3.1731879616485523,201883168896,0.9889196719408505,544652918784,90357,1.6589831227147804e-07,1.4200252395532564e-06,186082878,0.00034165405450401577,544652918784,3599366371,0.006608550595920789,0.05656663117654648,3600458876,0.006610556469684284,68048388096,68031862912,0.9997571553939428,1.0691696540264406,68031540096,0.9997524114755484,272193552384,263389541376,0.9676553286038913,4.139356071895667,263240531968,0.9671078894500431,272193552384,272031263232,0.9994037729748607,4.275166945969828,272028815744,0.999394781255628,816580657152,805364391808,0.9862643509299875,12.656880633540487,1089305837568,3599456728,0.00330435824711653,0.056568051201786027,32772480,66907776,99680256,0.6712239583333334,0,4153344,2847595,3232836,0.6856150128667406,0.7783694295488166,1393912,2076672,12592,66440912,66453504,0.9998105141303008,16491520,4153344,4035141,4152440,0.9715402817585059,0.9997823440581854,16491520,0,60484672,72422336,132907008,0.544909836507643,0,4153344,2456179,2869543,0.5913738423785749,0.6908994294717702,1131599,2076672,6722432,259091584,265814016,0.9747100167961046,99814144,4153344,3477355,4000521,0.8372422318016519,0.9632048296505178,99814144,0,564854784,464862608,0.8229771990388242,116305664,0.7575210534295779,,,qkv/up: BF16 operand reconstruction; down/out: instrumented; includes SIMT substitution,299040768,0,299040768,0.0,267890688,31150080,299040768,0.10416666666666667,598081536,31150080,0.052083333333333336,,,runs/029-2026-09-07-pythia14m-matched-kernel-retrospective/artifacts/attempts/scientific-final-k050-c20-r1-a01/diagnostics.json,0.7399089796316498,0.6226253925525124,1.188369424829145,0.7396594713968683,0.45175028334865486,1.6373193303035714,0.7394437448371028,0.45947566382466193,1.609320804244549,0.7394437448371028,1.187622210211637,1.3782512496444377,0.9831865295939697,1.609320804244549,1.3777864829692779,0.9828997767626483
c21,A7,7-site,none,0.0,0.0,14M:A7:0.0,5.468392646524328,6363055915008,7.217650871804771,204145164288,99193632384,0.4858975363436065,1.5588992727541557,99188018688,0.4858700377936429,544652918784,12055,2.2133361603779097e-08,1.8945299492916439e-07,163430622,0.0003000637954256769,544652918784,19708,3.618451186124251e-08,3.0972539394972804e-07,4280,7.858215484377813e-09,68048388096,37576828160,0.5522074689996783,0.590546879705563,37587095936,0.5523583583342724,272193552384,135524973056,0.49789927744065987,2.1298724208339697,135520402944,0.49788248750585073,272193552384,186967695360,0.686892447386973,2.938331799332694,186966995584,0.6868898765104997,816580657152,459263128960,0.5624222481117525,7.217650372626383,1089305837568,31763,2.9158936732510803e-08,4.991783888788924e-07,99680256,0,99680256,0.0,0,4153344,0,0,0.0,0.0,0,2076672,66449216,4288,66453504,6.452631903353058e-05,0,4153344,0,0,0.0,0.0,0,0,132907008,0,132907008,0.0,0,4153344,0,0,0.0,0.0,0,2076672,265813824,192,265814016,7.223095414201183e-07,0,4153344,0,0,0.0,0.0,0,0,564854784,4480,7.931242023436593e-06,0,5.617963099934254e-06,,,qkv/up: BF16 operand reconstruction; down/out: instrumented; includes SIMT substitution,299040768,0,299040768,0.0,267890688,31150080,299040768,0.10416666666666667,598081536,31150080,0.052083333333333336,,,runs/029-2026-09-07-pythia14m-matched-kernel-retrospective/artifacts/attempts/scientific-final-k050-c21-r1-a01/diagnostics.json,0.7399884847266349,0.6226625128908986,1.1884262652829625,0.7400915421035726,0.6260518419693406,1.1821569596784558,0.7401537703773797,0.6339609261760485,1.1675069232450486,0.7401537703773797,1.1886917151009984,0.9945861846396292,0.9875243348917192,1.1675069232450486,0.9947246995563381,0.9876073677750947
c22,A7,7-site,none,0.01,0.0,14M:A7:0.01,5.458819536767768,6363055915008,7.61764887249762,204145164288,100161014784,0.4906362349229922,1.5741023829094243,100166563200,0.49066341370050254,544652918784,4360963465,0.008006866969034795,0.06853567724769109,4342732942,0.007973395151715424,544652918784,9015940293,0.016553551779597764,0.14169198594868335,8999014878,0.016522476181879887,68048388096,40176536704,0.5904112915550699,0.6314031691791205,40174928256,0.5903876547277327,272193552384,136994631168,0.5032985901691505,2.1529691550388925,136986135040,0.5032673766156861,272193552384,194006170752,0.7127507946194982,3.048946502173808,193989056896,0.7126879207716421,816580657152,471338353408,0.5772097946232201,7.407421209301245,1089305837568,13376903758,0.01228020937431628,0.21022766319637443,99680256,0,99680256,0.0,0,4153344,0,0,0.0,0.0,0,2076672,66433600,19904,66453504,0.0002995176898422091,0,4153344,0,0,0.0,0.0,0,0,132907008,0,132907008,0.0,0,4153344,0,0,0.0,0.0,0,2076672,265812656,1360,265814016,5.116359251725838e-06,0,4153344,0,0,0.0,0.0,0,0,564854784,21264,3.76450737469544e-05,0,2.666526057075937e-05,,,qkv/up: BF16 operand reconstruction; down/out: instrumented; includes SIMT substitution,299040768,0,299040768,0.0,267890688,31150080,299040768,0.10416666666666667,598081536,31150080,0.052083333333333336,,,runs/029-2026-09-07-pythia14m-matched-kernel-retrospective/artifacts/attempts/scientific-final-k050-c22-r1-a01/diagnostics.json,0.8458565032856821,0.6211660417416949,1.361723672005596,0.8459282639916021,0.6306145534757236,1.3414347311351218,0.8461638325974931,0.6383515614185558,1.3255451756350896,0.8461638325974931,1.3622184339390546,0.9850169779908315,0.9878797070290878,1.3255451756350896,0.9851005447818999,0.9881548053503979
c23,A7,7-site,none,0.05,0.0,14M:A7:0.05,5.4378748673659105,6363055915008,9.126923722094462,204145164288,104187096960,0.5103578981328057,1.637375159854603,104172778752,0.5102877607477252,544652918784,18961299734,0.03481354653589899,0.297990462244369,18914484488,0.03472759226229569,544652918784,39829900247,0.07312895767808389,0.6259555279571973,39689036350,0.07287032710411305,68048388096,53090249984,0.7801837996383155,0.8343514608881644,53098656640,0.780307339023086,272193552384,143394966016,0.5268125007373576,2.2535550202817873,143377187328,0.5267471843922632,272193552384,221287746816,0.8129793849922496,3.4776960908683416,221282775680,0.8129611217528876,816580657152,521960059776,0.6392020864129302,8.202977731892895,1089305837568,58791199981,0.05397125210699145,0.9239459902015663,99680256,0,99680256,0.0,0,4153344,0,0,0.0,0.0,0,2076672,65680192,773312,66453504,0.011636888251972387,0,4153344,0,0,0.0,0.0,0,0,132907008,0,132907008,0.0,0,4153344,0,0,0.0,0.0,0,2076672,265803168,10848,265814016,4.0810489090236685e-05,0,4153344,0,0,0.0,0.0,0,0,564854784,784160,0.001388250612745098,0,0.0009833441840277778,,,qkv/up: BF16 operand reconstruction; down/out: instrumented; includes SIMT substitution,299040768,0,299040768,0.0,267890688,31150080,299040768,0.10416666666666667,598081536,31150080,0.052083333333333336,,,runs/029-2026-09-07-pythia14m-matched-kernel-retrospective/artifacts/attempts/scientific-final-k050-c23-r1-a01/diagnostics.json,0.8456797119083219,0.6206370365333838,1.3625994939521036,0.8461650391174822,0.6266901461320442,1.3502127715587127,0.8460757317952303,0.635332206928517,1.3317060312203324,0.8460757317952303,1.363237580085539,0.9903411444459108,0.9863975716920563,1.3317060312203324,0.9909094914181538,0.9862934637205247
c24,A7,7-site,none,0.1,0.0,14M:A7:0.1,5.428668321237057,6363055915008,10.425018105347986,204145164288,108303661056,0.5305227847729445,1.7020699252469769,108286823424,0.5304403060521835,544652918784,33333466393,0.06120129947604206,0.5238593977208212,33295498020,0.061131588341316545,544652918784,61867412832,0.11359052838663948,0.9722908875604658,61806542307,0.1134787681758691,68048388096,61278635264,0.9005156033608099,0.9630378246318295,61277172352,0.9004941052468806,272193552384,149909870080,0.550747322142712,2.3559414231520472,149882887680,0.5506481926822098,272193552384,248656685568,0.9135289333275789,3.907818647035846,248645642880,0.9134883640785895,816580657152,568148851968,0.6957657482967339,8.9288678200667,1089305837568,95200879225,0.08739591393134077,1.496150285281287,99680256,0,99680256,0.0,0,4153344,0,0,0.0,0.0,0,2076672,52253888,14199616,66453504,0.21367746086045364,0,4153344,0,0,0.0,0.0,0,0,132907008,0,132907008,0.0,0,4153344,0,0,0.0,0.0,0,2076672,263550960,2263056,265814016,0.00851368198733358,256,4153344,0,1,0.0,2.4076984714003946e-07,256,0,564854784,16462672,0.02914496338938682,256,0.020644348753979927,,,qkv/up: BF16 operand reconstruction; down/out: instrumented; includes SIMT substitution,299040768,0,299040768,0.0,267890688,31150080,299040768,0.10416666666666667,598081536,31150080,0.052083333333333336,,,runs/029-2026-09-07-pythia14m-matched-kernel-retrospective/artifacts/attempts/scientific-final-k050-c24-r1-a01/diagnostics.json,0.8457338130418246,0.620646768104513,1.362665297726014,0.8456032766549982,0.5864719952948177,1.441847664405384,0.8455276544557511,0.5941659390244922,1.42304968851622,0.8455276544557511,1.3623331303859614,1.0582717897595701,0.9870508502350261,1.42304968851622,1.0581084487962726,0.9869625783962995
c25,A7,7-site,none,0.5,0.0,14M:A7:0.5,5.702894850595463,6363055915008,15.386813064155968,204145164288,127195034496,0.6230617067987867,1.9989614454903009,127140260736,0.62279339890038,544652918784,162873139091,0.29904023915750405,2.5596685188141275,162526630352,0.2984040381438868,544652918784,170348723143,0.3127656481182971,2.6771526986147163,169912158268,0.31196410118823625,68048388096,67956844672,0.9986547304563503,1.0679906884318895,67958180736,0.9986743644849788,272193552384,178888603648,0.6572110253208018,2.81136306261384,178813052928,0.6569334628313956,272193552384,271809173760,0.9985878481667423,4.271676650191094,271809154816,0.9985877785692083,816580657152,645849656576,0.7909196120669072,10.149991846727124,1089305837568,333221862234,0.3059029436379006,5.236821217428844,99680256,0,99680256,0.0,0,4153344,0,0,0.0,0.0,0,2076672,240928,66212576,66453504,0.9963744876417653,86650752,4153344,3540005,4144360,0.8523264627249754,0.9978369236932939,86650752,0,132906944,64,132907008,4.815396942800789e-07,0,4153344,0,0,0.0,0.0,1,2076672,18489616,247324400,265814016,0.9304415309687808,183378560,4153344,2643645,3804782,0.6365100025425295,0.9160767805411736,183378560,0,564854784,313537040,0.5550754793642679,270029312,0.39284786184236925,,,qkv/up: BF16 operand reconstruction; down/out: instrumented; includes SIMT substitution,299040768,0,299040768,0.0,267890688,31150080,299040768,0.10416666666666667,598081536,31150080,0.052083333333333336,,,runs/029-2026-09-07-pythia14m-matched-kernel-retrospective/artifacts/attempts/scientific-final-k050-c25-r1-a01/diagnostics.json,0.8458788615693937,0.6212116279952675,1.3616597363110496,0.8457241048188916,0.47199726920906304,1.7917987242512894,0.8452261996651543,0.4791367114457241,1.7640606104149468,0.8452261996651543,1.3606091089968995,1.3161339450888063,0.9850993629456636,1.7640606104149468,1.315893153384673,0.9845194030663611
c26,A7-OL1,7-site,orthogonal_l1,0.0,1.0,14M:A7-OL1:0.0,5.480180751642532,6363055915008,7.054229178613711,204145164288,99179240064,0.4858270359227408,1.5586730870944312,99184282752,0.4858517374042458,544652918784,16141,2.9635386947042588e-08,2.5366742357126855e-07,154714482,0.0002840606864742739,544652918784,43827,8.046775935369776e-08,6.887728252808367e-07,13940,2.5594281273884746e-08,68048388096,29097996416,0.42760743097910986,0.45729594089168735,29108461056,0.4277612133138984,272193552384,134742758400,0.49502553319084575,2.1175793549478907,134749011456,0.4950485060200889,272193552384,185844492160,0.6827659602231058,2.920679853239453,185842957440,0.6827603218823495,816580657152,448864487040,0.5496878760335948,7.054228236173462,1089305837568,59968,5.5051573150370174e-08,9.424402488521053e-07,99680256,0,99680256,0.0,0,4153344,0,0,0.0,0.0,0,2076672,66453504,0,66453504,0.0,0,4153344,0,0,0.0,0.0,0,0,132907008,0,132907008,0.0,0,4153344,0,0,0.0,0.0,0,2076672,265814016,0,265814016,0.0,0,4153344,0,0,0.0,0.0,0,0,564854784,0,0.0,0,0.0,,,qkv/up: BF16 operand reconstruction; down/out: instrumented; includes SIMT substitution,299040768,0,299040768,0.0,267890688,31150080,299040768,0.10416666666666667,598081536,31150080,0.052083333333333336,,,runs/029-2026-09-07-pythia14m-matched-kernel-retrospective/artifacts/attempts/scientific-final-k050-c26-r1-a01/diagnostics.json,0.7404144731650121,0.6234281196903516,1.1876501071731669,0.7401889189241012,0.6256051513063309,1.183156688173854,0.7403155902010883,0.6340298911233261,1.167635155007366,0.7403155902010883,1.1874914955212368,0.9965201187818972,0.9867123933193924,1.167635155007366,0.9962165464624863,0.9868812530735513
c27,A7-OL1,7-site,orthogonal_l1,0.01,1.0,14M:A7-OL1:0.01,5.475800738532162,6363055915008,7.723392871636931,204145164288,100431657600,0.49196197201279257,1.578355729408575,100424806272,0.4919284109533186,544652918784,15221767552,0.027947647074001436,0.23922102454101823,15267963905,0.028032465040465547,544652918784,12721903854,0.023357818190716955,0.19993386863054158,12666501478,0.023256097674606086,68048388096,33298072960,0.4893293418357593,0.5233031644663481,33301312896,0.4893769540730313,272193552384,136378225664,0.5010340049186872,2.143281899226066,136374281216,0.5010195135835125,272193552384,193392179328,0.710495078352076,3.0392971853643824,193381076608,0.7104542885541446,816580657152,463500135552,0.5676109659130992,7.284237978465372,1089305837568,27943671406,0.025652732632359197,0.4391548931715598,99680256,0,99680256,0.0,0,4153344,0,0,0.0,0.0,0,2076672,66452928,576,66453504,8.66771449704142e-06,0,4153344,0,0,0.0,0.0,0,0,132907008,0,132907008,0.0,0,4153344,0,0,0.0,0.0,0,2076672,265813360,656,265814016,2.4678909331854042e-06,0,4153344,0,0,0.0,0.0,0,0,564854784,1232,2.1810915564450633e-06,0,1.5449398524819198e-06,,,qkv/up: BF16 operand reconstruction; down/out: instrumented; includes SIMT substitution,299040768,0,299040768,0.0,267890688,31150080,299040768,0.10416666666666667,598081536,31150080,0.052083333333333336,,,runs/029-2026-09-07-pythia14m-matched-kernel-retrospective/artifacts/attempts/scientific-final-k050-c27-r1-a01/diagnostics.json,0.8461646346012042,0.6211100638598814,1.3623424958576966,0.846052504064396,0.6308907679116591,1.3410443567988066,0.8457874610285872,0.6384171237219793,1.3248195100056783,0.8457874610285872,1.3617352386345998,0.9844969929039329,0.9882109117524268,1.3248195100056783,0.9843665310862367,0.9879013347240366
c28,A7-OL1,7-site,orthogonal_l1,0.05,1.0,14M:A7-OL1:0.05,5.462799572380336,6363055915008,9.863031588136074,204145164288,104187409920,0.5103594311595668,1.637380078246083,104166728832,0.5102581253653683,544652918784,54256685978,0.09961699296339817,0.8526828414320446,54247970841,0.09960099169598652,544652918784,57289461946,0.1051852656438623,0.9003450969348895,57275367983,0.10515938868164669,68048388096,49040487424,0.7206708166961369,0.7707065296775464,49034078848,0.7205766399466309,272193552384,142196758528,0.5224104585967355,2.234724327859709,142184997376,0.5223672498142461,272193552384,220619411072,0.8105240155018764,3.4671927139858023,220606217344,0.8104755436410095,816580657152,516044066944,0.6319572505474405,8.11000364976914,1089305837568,111546147924,0.10240112930363024,1.753027938366934,99680256,0,99680256,0.0,0,4153344,0,0,0.0,0.0,0,2076672,65888912,564592,66453504,0.008496045596030573,0,4153344,0,0,0.0,0.0,0,0,132907008,0,132907008,0.0,0,4153344,0,0,0.0,0.0,0,2076672,265800592,13424,265814016,5.0501475437623275e-05,0,4153344,0,0,0.0,0.0,0,0,564854784,578016,0.001023300176209537,0,0.0007248376248150888,,,qkv/up: BF16 operand reconstruction; down/out: instrumented; includes SIMT substitution,299040768,0,299040768,0.0,267890688,31150080,299040768,0.10416666666666667,598081536,31150080,0.052083333333333336,,,runs/029-2026-09-07-pythia14m-matched-kernel-retrospective/artifacts/attempts/scientific-final-k050-c28-r1-a01/diagnostics.json,0.8469609155853871,0.6214716806223192,1.3628310701740602,0.8459189010442985,0.627552465083156,1.3479652269905547,0.8459274059357006,0.634518774615843,1.3331794736063576,0.8459274059357006,1.3611680665619705,0.9903103169867541,0.9890211136196803,1.3331794736063576,0.9890919399264892,0.9890310572645798
c29,A7-OL1,7-site,orthogonal_l1,0.1,1.0,14M:A7-OL1:0.1,5.429487593075227,6363055915008,11.796760377518327,204145164288,108409353984,0.5310405189469016,1.7037309656246153,108384640512,0.5309194606201654,544652918784,80578194319,0.14794411549083414,1.266344275381064,80484162013,0.14777146920040402,544652918784,102441907798,0.1880865855391233,1.6099482570376125,102370478170,0.18795543848099414,68048388096,60492713600,0.8889661503026236,0.9506865004489583,60483114240,0.8888250836253871,272193552384,149362805248,0.548737484557624,2.347343905869358,149336609792,0.5486412462163018,272193552384,249349484032,0.916074175336187,3.918706473156719,249339440896,0.9160372782976199,816580657152,567614356864,0.695111195559881,8.920467845099651,1089305837568,183020102117,0.16801535051497873,2.8762925324186766,99680256,0,99680256,0.0,0,4153344,0,0,0.0,0.0,0,2076672,58863520,7589984,66453504,0.11421495546720907,2458112,4153344,5,10085,1.2038492357001972e-06,0.002428163908407298,2458112,0,132907008,0,132907008,0.0,0,4153344,0,0,0.0,0.0,0,2076672,262755136,3058880,265814016,0.011507594844058186,768,4153344,0,3,0.0,7.223095414201183e-07,768,0,564854784,10648864,0.018852392334522565,2458880,0.013350766713018875,,,qkv/up: BF16 operand reconstruction; down/out: instrumented; includes SIMT substitution,299040768,0,299040768,0.0,267890688,31150080,299040768,0.10416666666666667,598081536,31150080,0.052083333333333336,,,runs/029-2026-09-07-pythia14m-matched-kernel-retrospective/artifacts/attempts/scientific-final-k050-c29-r1-a01/diagnostics.json,0.8458211210590298,0.6210472415780035,1.361927184331266,0.8459405822648333,0.5858287065753314,1.4440067083944685,0.8458286232421071,0.5929787562063977,1.4264062825004475,0.8458286232421071,1.361939264222416,1.0601174619942313,0.9879421487595794,1.4264062825004475,1.0602671897642644,0.9878113960332011
c30,A7-OL1,7-site,orthogonal_l1,0.5,1.0,14M:A7-OL1:0.5,5.829406580981418,6363055915008,27.482684296304843,204145164288,154604260224,0.7573251159938835,2.4297171404599487,154393278336,0.7562916264731503,544652918784,529670733162,0.9724922329334993,8.32415650965302,529601768700,0.9723656119981815,544652918784,537622783397,0.9870924488889262,8.449128698192872,537519359849,0.9869025599809021,68048388096,67992747008,0.999182330550997,1.0685549194630095,67991936256,0.9991704162055924,272193552384,186990871552,0.6869775933861968,2.93869602985824,186859244544,0.6864940146722737,272193552384,271857173376,0.9987641918588672,4.272430998677751,271854596992,0.9987547265942516,816580657152,681445052160,0.8345104016260753,10.70939908845895,1089305837568,1067293516559,0.9797923409112127,16.773285207845895,91268736,8411520,99680256,0.08438501602564102,0,4153344,511643,638392,0.1231882069002712,0.15370554425542407,175240,2076672,235984,66217520,66453504,0.9964488855245316,51767296,4153344,3787958,4141939,0.9120260686328896,0.9972540198933678,51767296,0,132907008,0,132907008,0.0,0,4153344,0,0,0.0,0.0,0,2076672,14626368,251187648,265814016,0.9449751814441568,189838464,4153344,2621766,3852419,0.6312421990569527,0.9275463337493837,189838464,0,564854784,325816688,0.5768149570987788,241605760,0.418829513332861,,,qkv/up: BF16 operand reconstruction; down/out: instrumented; includes SIMT substitution,125611580,173429188,299040768,0.5799516539497384,98060121,200980647,299040768,0.6720844396707809,598081536,374409835,0.6260180468102596,,,runs/029-2026-09-07-pythia14m-matched-kernel-retrospective/artifacts/attempts/scientific-final-k050-c30-r1-a01/diagnostics.json,0.8441689946426988,0.6207102332355124,1.3600049579372744,0.8440977670174922,0.46836548240598536,1.8022202718299747,0.8440942347178253,0.4733660134958302,1.7831745639788332,0.8440942347178253,1.3598845153847425,1.3252689545927567,0.9894362270478279,1.7831745639788332,1.3251571336647259,0.9894320865496633
