condition,layer,h_mma_issued,h_mma_bypassed,z_mma_issued,z_mma_bypassed,h_simt_products,z_simt_products,qk_issued,qk_skipped,pv_issued,pv_skipped
c01,0,44302336,0,11075584,0,0,0,49840128,0,44648448,5191680
c01,1,44302336,0,11075584,0,0,0,49840128,0,44648448,5191680
c01,2,44302336,0,11075584,0,0,0,49840128,0,44648448,5191680
c01,3,44302336,0,11075584,0,0,0,49840128,0,44648448,5191680
c01,4,44302336,0,11075584,0,0,0,49840128,0,44648448,5191680
c01,5,44302336,0,11075584,0,0,0,49840128,0,44648448,5191680
c02,0,44302336,0,11075584,0,0,0,49840128,0,44648448,5191680
c02,1,44302336,0,11075584,0,0,0,49840128,0,44648448,5191680
c02,2,44302320,16,11075584,0,0,0,49840128,0,44648448,5191680
c02,3,44302256,80,11075584,0,0,0,49840128,0,44648448,5191680
c02,4,44302192,144,11075584,0,0,0,49840128,0,44648448,5191680
c02,5,44302336,0,11075584,0,0,0,49840128,0,44648448,5191680
c03,0,44302336,0,11075584,0,0,0,49840128,0,44648448,5191680
c03,1,44302320,16,11075584,0,0,0,49840128,0,44648448,5191680
c03,2,44301776,560,11075584,0,0,0,49840128,0,44648448,5191680
c03,3,44301584,752,11075584,0,0,0,49840128,0,44648448,5191680
c03,4,44302176,160,11075584,0,0,0,49840128,0,44648448,5191680
c03,5,44302128,208,11075584,0,0,0,49840128,0,44648448,5191680
c04,0,44302336,0,11075584,0,0,0,49840128,0,44648448,5191680
c04,1,44302000,336,11075584,0,0,0,49840128,0,44648448,5191680
c04,2,44300880,1456,11075584,0,0,0,49840128,0,44648448,5191680
c04,3,44300288,2048,11075584,0,0,0,49840128,0,44648448,5191680
c04,4,44302048,288,11075584,0,0,0,49840128,0,44648448,5191680
c04,5,44297904,4432,11075584,0,0,0,49840128,0,44648448,5191680
c05,0,44302336,0,11075584,0,0,0,49840128,0,44648448,5191680
c05,1,43569136,733200,11075584,0,307968,0,49840128,0,44648448,5191680
c05,2,44106640,195696,11075584,0,3584,0,49840128,0,44648448,5191680
c05,3,44091216,211120,11075584,0,256,0,49840128,0,44648448,5191680
c05,4,44190496,111840,11075584,0,0,0,49840128,0,44648448,5191680
c05,5,44263056,39280,11075584,0,0,0,49840128,0,44648448,5191680
c06,0,44302176,160,11075584,0,0,0,49840128,0,44648448,5191680
c06,1,40636752,3665584,11075584,0,5424128,0,49840128,0,44648448,5191680
c06,2,42681376,1620960,11075584,0,521216,0,49840128,0,44648448,5191680
c06,3,43240848,1061488,11075584,0,223744,0,49840128,0,44648448,5191680
c06,4,43100480,1201856,11075584,0,28032,0,49840128,0,44648448,5191680
c06,5,44045328,257008,11075584,0,0,0,49840128,0,44648448,5191680
c07,0,44302336,0,11075584,0,0,0,49840128,0,44648448,5191680
c07,1,44302336,0,11075584,0,0,0,49840128,0,44648448,5191680
c07,2,44301440,896,11075584,0,0,0,49840128,0,44648448,5191680
c07,3,44301280,1056,11075584,0,0,0,49840128,0,44648448,5191680
c07,4,44302016,320,11075584,0,0,0,49840128,0,44648448,5191680
c07,5,44302240,96,11075584,0,0,0,49840128,0,44648448,5191680
c08,0,44302336,0,11075584,0,0,0,49840128,0,44648448,5191680
c08,1,44301632,704,11075584,0,0,0,49840128,0,44648448,5191680
c08,2,44300976,1360,11075584,0,0,0,49840128,0,44648448,5191680
c08,3,44300416,1920,11075584,0,0,0,49840128,0,44648448,5191680
c08,4,44301488,848,11075584,0,0,0,49840128,0,44648448,5191680
c08,5,44301680,656,11075584,0,0,0,49840128,0,44648448,5191680
c09,0,44302336,0,11075584,0,0,0,49840128,0,44648448,5191680
c09,1,43937552,364784,11075584,0,24576,0,49840128,0,44648448,5191680
c09,2,44149456,152880,11075584,0,512,0,49840128,0,44648448,5191680
c09,3,44161232,141104,11075584,0,768,0,49840128,0,44648448,5191680
c09,4,44215552,86784,11075584,0,0,0,49840128,0,44648448,5191680
c09,5,44278880,23456,11075584,0,0,0,49840128,0,44648448,5191680
c10,0,44301584,752,11075584,0,0,0,49840128,0,44648448,5191680
c10,1,42600848,1701488,11075584,0,1280896,0,49840128,0,44648448,5191680
c10,2,43521120,781216,11075584,0,32768,0,49840128,0,44648448,5191680
c10,3,43645040,657296,11075584,0,25728,0,49840128,0,44648448,5191680
c10,4,43791328,511008,11075584,0,128,0,49840128,0,44648448,5191680
c10,5,44107072,195264,11075584,0,0,0,49840128,0,44648448,5191680
c11,0,44302336,0,11075584,0,0,0,49840128,0,44648448,5191680
c11,1,44302336,0,11071424,4160,0,0,49840128,0,44648448,5191680
c11,2,44302336,0,11075584,0,0,0,49840128,0,44648448,5191680
c11,3,44302288,48,11075584,0,0,0,49840128,0,44648448,5191680
c11,4,44302304,32,11075440,144,0,0,49840128,0,44648448,5191680
c11,5,44302336,0,11075584,0,0,0,49840128,0,44648448,5191680
c12,0,44302336,0,11075584,0,0,0,49840128,0,44648448,5191680
c12,1,44301424,912,10995616,79968,0,0,49840128,0,44648448,5191680
c12,2,44302336,0,11075584,0,0,0,49840128,0,44648448,5191680
c12,3,44301856,480,11075008,576,0,0,49840128,0,44648448,5191680
c12,4,44301936,400,11075568,16,0,0,49840128,0,44648448,5191680
c12,5,44302336,0,11075584,0,0,0,49840128,0,44648448,5191680
c13,0,44301584,752,11075584,0,0,0,49840128,0,44648448,5191680
c13,1,44300752,1584,10326384,749200,0,0,49840128,0,44648448,5191680
c13,2,44296832,5504,11046608,28976,0,0,49840128,0,44648448,5191680
c13,3,44299776,2560,11075584,0,0,0,49840128,0,44648448,5191680
c13,4,44300352,1984,10972832,102752,0,0,49840128,0,44648448,5191680
c13,5,44302032,304,10962944,112640,0,0,49840128,0,44648448,5191680
c14,0,44301392,944,8542000,2533584,0,0,49840128,0,44648448,5191680
c14,1,43616336,686000,8990240,2085344,0,0,49840128,0,44648448,5191680
c14,2,43684016,618320,6707968,4367616,0,0,49840128,0,44648448,5191680
c14,3,43429264,873072,10368400,707184,0,0,49840128,0,44648448,5191680
c14,4,43903952,398384,8839808,2235776,0,768,49840128,0,44648448,5191680
c14,5,44244688,57648,10344208,731376,0,0,49840128,0,44648448,5191680
c15,0,13552160,30750176,338224,10737360,45936384,30604800,49840128,0,44648448,5191680
c15,1,163360,44138976,5872,11069712,15012352,5634048,49840128,0,44648448,5191680
c15,2,595488,43706848,5296,11070288,20188800,6017152,49840128,0,44648448,5191680
c15,3,528288,43774048,7344,11068240,11309696,13709184,49840128,0,44648448,5191680
c15,4,790496,43511840,37392,11038192,33144192,6452992,49840128,0,44648448,5191680
c15,5,841744,43460592,44096,11031488,40549760,11796992,49840128,0,44648448,5191680
c16,0,44301792,544,11075584,0,0,0,49840128,0,44648448,5191680
c16,1,44302336,0,10995760,79824,0,0,49840128,0,44648448,5191680
c16,2,44301648,688,11016304,59280,0,0,49840128,0,44648448,5191680
c16,3,44301536,800,11047648,27936,0,0,49840128,0,44648448,5191680
c16,4,44301776,560,11066192,9392,0,0,49840128,0,44648448,5191680
c16,5,44302336,0,11072688,2896,0,0,49840128,0,44648448,5191680
c17,0,44301968,368,11052768,22816,0,0,49840128,0,44648448,5191680
c17,1,44299600,2736,6982528,4093056,0,6799104,49840128,0,44648448,5191680
c17,2,44273680,28656,5633584,5442000,0,25059584,49840128,0,44648448,5191680
c17,3,44284896,17440,6487552,4588032,0,18754304,49840128,0,44648448,5191680
c17,4,44301264,1072,9606240,1469344,0,31232,49840128,0,44648448,5191680
c17,5,44302336,0,11073872,1712,0,0,49840128,0,44648448,5191680
c18,0,44300176,2160,9437200,1638384,0,0,49840128,0,44648448,5191680
c18,1,36442704,7859632,163680,10911904,2740224,5767040,49840128,0,44648448,5191680
c18,2,29478352,14823984,147424,10928160,25212416,6076416,49840128,0,44648448,5191680
c18,3,30910992,13391344,177792,10897792,21384448,15300864,49840128,0,44648448,5191680
c18,4,39099040,5203296,873632,10201952,3242624,38972288,49840128,0,44648448,5191680
c18,5,44296496,5840,4617584,6458000,0,38597632,49840128,0,44648448,5191680
c19,0,44264304,38032,4528928,6546656,0,53198464,49840128,0,44648448,5191680
c19,1,9615104,34687232,20864,11054720,47895936,330368,49840128,0,44648448,5191680
c19,2,6414560,37887776,0,11075584,28183168,384,49840128,0,44648448,5191680
c19,3,6822368,37479968,208,11075376,29393536,7040,49840128,0,44648448,5191680
c19,4,12275856,32026480,92512,10983072,42467328,738048,49840128,0,44648448,5191680
c19,5,42929776,1372560,1019056,10056528,0,37047936,49840128,0,44648448,5191680
c20,0,6542336,37760000,12496,11063088,90059392,9920000,49840128,0,44648448,5191680
c20,1,0,44302336,0,11075584,324736,0,49840128,0,44648448,5191680
c20,2,0,44302336,0,11075584,0,0,49840128,0,44648448,5191680
c20,3,0,44302336,0,11075584,80512,0,49840128,0,44648448,5191680
c20,4,80784,44221552,96,11075488,116224,6571520,49840128,0,44648448,5191680
c20,5,99312,44203024,0,11075584,9233280,0,49840128,0,44648448,5191680
c21,0,44302336,0,11075584,0,0,0,49840128,0,44648448,5191680
c21,1,44302240,96,11071360,4224,0,0,49840128,0,44648448,5191680
c21,2,44302336,0,11075584,0,0,0,49840128,0,44648448,5191680
c21,3,44302288,48,11075584,0,0,0,49840128,0,44648448,5191680
c21,4,44302288,48,11075520,64,0,0,49840128,0,44648448,5191680
c21,5,44302336,0,11075584,0,0,0,49840128,0,44648448,5191680
c22,0,44302336,0,11075584,0,0,0,49840128,0,44648448,5191680
c22,1,44301728,608,11066816,8768,0,0,49840128,0,44648448,5191680
c22,2,44302304,32,11075504,80,0,0,49840128,0,44648448,5191680
c22,3,44301872,464,11075584,0,0,0,49840128,0,44648448,5191680
c22,4,44302080,256,11064528,11056,0,0,49840128,0,44648448,5191680
c22,5,44302336,0,11075584,0,0,0,49840128,0,44648448,5191680
c23,0,44301968,368,11075568,16,0,0,49840128,0,44648448,5191680
c23,1,44299792,2544,11063776,11808,0,0,49840128,0,44648448,5191680
c23,2,44296992,5344,10513168,562416,0,0,49840128,0,44648448,5191680
c23,3,44300688,1648,11075584,0,0,0,49840128,0,44648448,5191680
c23,4,44301600,736,10880432,195152,0,0,49840128,0,44648448,5191680
c23,5,44302128,208,11071664,3920,0,0,49840128,0,44648448,5191680
c24,0,44301648,688,9906576,1169008,0,0,49840128,0,44648448,5191680
c24,1,43902640,399696,7724544,3351040,0,0,49840128,0,44648448,5191680
c24,2,43541232,761104,6190496,4885088,0,0,49840128,0,44648448,5191680
c24,3,43498656,803680,10620736,454848,256,0,49840128,0,44648448,5191680
c24,4,44065360,236976,8026736,3048848,0,0,49840128,0,44648448,5191680
c24,5,44241424,60912,9784800,1290784,0,0,49840128,0,44648448,5191680
c25,0,15738768,28563568,74384,11001200,50347008,41576704,49840128,0,44648448,5191680
c25,1,298128,44004208,57840,11017744,16224640,19762048,49840128,0,44648448,5191680
c25,2,477168,43825168,3408,11072176,23912192,1916416,49840128,0,44648448,5191680
c25,3,704192,43598144,20624,11054960,24150272,5986688,49840128,0,44648448,5191680
c25,4,552896,43749440,24416,11051168,26351744,5069440,49840128,0,44648448,5191680
c25,5,718464,43583872,60256,11015328,42392704,12339456,49840128,0,44648448,5191680
c26,0,44302336,0,11075584,0,0,0,49840128,0,44648448,5191680
c26,1,44302336,0,11075584,0,0,0,49840128,0,44648448,5191680
c26,2,44302336,0,11075584,0,0,0,49840128,0,44648448,5191680
c26,3,44302336,0,11075584,0,0,0,49840128,0,44648448,5191680
c26,4,44302336,0,11075584,0,0,0,49840128,0,44648448,5191680
c26,5,44302336,0,11075584,0,0,0,49840128,0,44648448,5191680
c27,0,44302336,0,11075584,0,0,0,49840128,0,44648448,5191680
c27,1,44301904,432,11075584,0,0,0,49840128,0,44648448,5191680
c27,2,44302336,0,11075584,0,0,0,49840128,0,44648448,5191680
c27,3,44302224,112,11075584,0,0,0,49840128,0,44648448,5191680
c27,4,44302224,112,11075008,576,0,0,49840128,0,44648448,5191680
c27,5,44302336,0,11075584,0,0,0,49840128,0,44648448,5191680
c28,0,44301440,896,11075456,128,0,0,49840128,0,44648448,5191680
c28,1,44300928,1408,10533504,542080,0,0,49840128,0,44648448,5191680
c28,2,44300960,1376,11055392,20192,0,0,49840128,0,44648448,5191680
c28,3,44299520,2816,11074944,640,0,0,49840128,0,44648448,5191680
c28,4,44299456,2880,11074032,1552,0,0,49840128,0,44648448,5191680
c28,5,44298288,4048,11075584,0,0,0,49840128,0,44648448,5191680
c29,0,44301424,912,10797488,278096,0,0,49840128,0,44648448,5191680
c29,1,43649392,652944,9349632,1725952,0,0,49840128,0,44648448,5191680
c29,2,43474496,827840,9143488,1932096,0,0,49840128,0,44648448,5191680
c29,3,43291312,1011024,9868880,1206704,768,0,49840128,0,44648448,5191680
c29,4,43895376,406960,9390800,1684784,0,2458112,49840128,0,44648448,5191680
c29,5,44143136,159200,10313232,762352,0,0,49840128,0,44648448,5191680
c30,0,12702688,31599648,215680,10859904,47820672,31468160,37366958,12473170,36669623,13170505
c30,1,200160,44102176,14656,11060928,14486528,3772928,25945825,23894303,24309070,25531058
c30,2,168464,44133872,3776,11071808,24811392,4120192,34947914,14892214,19746347,30093781
c30,3,317952,43984384,1472,11074112,20056064,10842496,24313662,25526466,11739921,38100207
c30,4,804752,43497584,400,11075184,39495808,1563392,3031433,46808695,5522638,44317490
c30,5,432352,43869984,0,11075584,43168000,128,5788,49834340,72522,49767606
