pressure,kappa,four_condition,seven_condition,four_s_model_percent,seven_s_model_percent,delta_s_model_percent,four_projection_model_contribution_pp,seven_projection_model_contribution_pp,delta_projection_model_contribution_pp,four_projection_mma_bypass_fraction,seven_projection_mma_bypass_fraction,delta_projection_mma_bypass_fraction,four_projection_arithmetic_avoidance_proxy_fraction,seven_projection_arithmetic_avoidance_proxy_fraction,delta_projection_arithmetic_avoidance_proxy_fraction,four_projection_simt_products,seven_projection_simt_products,delta_projection_simt_products,four_attention_model_contribution_pp,seven_attention_model_contribution_pp,delta_attention_model_contribution_pp,four_attention_mma_skip_fraction,seven_attention_mma_skip_fraction,delta_attention_mma_skip_fraction,four_qkv_mma_bypass_fraction,seven_qkv_mma_bypass_fraction,delta_qkv_mma_bypass_fraction,four_ffn_up_mma_bypass_fraction,seven_ffn_up_mma_bypass_fraction,delta_ffn_up_mma_bypass_fraction,four_ffn_down_mma_bypass_fraction,seven_ffn_down_mma_bypass_fraction,delta_ffn_down_mma_bypass_fraction,four_attn_out_mma_bypass_fraction,seven_attn_out_mma_bypass_fraction,delta_attn_out_mma_bypass_fraction,four_projection_sparse_gain,seven_projection_sparse_gain,delta_projection_sparse_gain,four_attention_sparse_gain,seven_attention_sparse_gain,delta_attention_sparse_gain,four_full_speedup,seven_full_speedup,delta_full_speedup,four_fusion_only_speedup_common_native,seven_fusion_only_speedup_common_native,delta_fusion_only_speedup_common_native,four_native_baseline_gm_ms,seven_native_baseline_gm_ms,delta_native_baseline_gm_ms,four_all_skips_off_candidate_gm_ms,seven_all_skips_off_candidate_gm_ms,delta_all_skips_off_candidate_gm_ms,four_projection_on_candidate_gm_ms,seven_projection_on_candidate_gm_ms,delta_projection_on_candidate_gm_ms,four_full_candidate_gm_ms,seven_full_candidate_gm_ms,delta_full_candidate_gm_ms,seven_over_four_native_baseline_gm_ms,seven_over_four_full_candidate_gm_ms,seven_over_four_full_speedup,seven_over_four_fusion_only_speedup_common_native,seven_over_four_projection_sparse_gain,seven_over_four_attention_sparse_gain
none,0,c11,c21,7.212018636951158,7.217650871804771,0.005632234853613305,7.212018128421916,7.217650372626383,0.00563224420446673,7.761286837220096e-06,7.931242023436593e-06,1.699551862164973e-07,5.4975781763642345e-06,5.617963099934254e-06,1.203849235700195e-07,0,0,0,5.085292418015679e-07,4.991783888788924e-07,-9.350852922675512e-09,0.052083333333333336,0.052083333333333336,0.0,0.0,0.0,0.0,0.0,0.0,0.0,3.009623089250493e-07,7.223095414201183e-07,4.21347232495069e-07,6.476708888067062e-05,6.452631903353058e-05,-2.407698471400407e-07,0.9973114865801385,0.9945861846396292,-0.0027253019405092394,0.985856046478169,0.9875243348917192,0.0016682884135501563,1.167244076134717,1.1675069232450486,0.0002628471103316432,1.1871821361595336,1.1886917151009984,0.001509578941464751,0.739930398145636,0.7401537703773797,0.00022337223174373477,0.6232661152898312,0.6226625128908986,-0.0006036023989326456,0.6249462917819798,0.6260518419693406,0.0011055501873608042,0.6339123181467637,0.6339609261760485,4.8608029284746834e-05,1.0003018827612753,1.0000766794206284,1.0002251860735092,1.0012715647376131,0.9972673512967803,1.0016922231389764
none,0.01,c12,c22,7.4137042243075575,7.61764887249762,0.20394464819006242,7.413703868032203,7.407421209301245,-0.006282658730958346,0.00014579322390938625,3.76450737469544e-05,-0.00010814815016243185,0.00010327020026914859,2.666526057075937e-05,-7.660493969838922e-05,0,0,0,3.5627535421353435e-07,0.21022766319637443,0.2102273069210202,0.052083333333333336,0.052083333333333336,0.0,0.0,0.0,0.0,0.0,0.0,0.0,6.741555719921104e-06,5.116359251725838e-06,-1.625196468195266e-06,0.0012122761803500985,0.0002995176898422091,-0.0009127584905078895,0.9969370560803583,0.9850169779908315,-0.011920078089526775,0.986499720641087,0.9878797070290878,0.0013799863880007424,1.1678352683913185,1.3255451756350896,0.1577099072437711,1.1874542360933544,1.3622184339390546,0.1747641978457002,0.740304924964951,0.8461638325974931,0.10585890763254202,0.6234386997519206,0.6211660417416949,-0.002272658010225692,0.6253541243647665,0.6306145534757236,0.005260429110957143,0.6339121150063516,0.6383515614185558,0.004439446412204173,1.1429936558068337,1.0070032521971277,1.135044651854893,1.1471755226716465,0.9880432992064787,1.0013988715446407
none,0.05,c13,c23,8.205892926203266,9.126923722094462,0.9210307958911965,8.205892453160118,8.202977731892895,-0.0029147212672224754,0.001781441936056967,0.001388250612745098,-0.000393191323311869,0.0012618547047070184,0.0009833441840277778,-0.00027851052067924065,0,0,0,4.730431478529944e-07,0.9239459902015663,0.9239455171584184,0.052083333333333336,0.052083333333333336,0.0,0.0,0.0,0.0,0.0,0.0,0.0,4.773262219551282e-05,4.0810489090236685e-05,-6.922133105276136e-06,0.01495132596770217,0.011636888251972387,-0.0033144377157297827,1.0026513910642099,0.9903411444459108,-0.012310246618299048,0.9871347735520153,0.9863975716920563,-0.000737201859958958,1.1755748229745069,1.3317060312203324,0.1561312082458255,1.1877467880750394,1.363237580085539,0.17549079201049955,0.7401192065896978,0.8460757317952303,0.10595652520553256,0.623128779652771,0.6206370365333838,-0.0024917431193872686,0.6214809905079619,0.6266901461320442,0.005209155624082307,0.6295806886345232,0.635332206928517,0.005751518293993785,1.1431614316479588,1.0091354744480299,1.1328126506237803,1.1477510137450377,0.9877223063489365,0.9992531902636695
none,0.1,c14,c24,8.953004995419466,10.425018105347986,1.47201310992852,8.953004605983944,8.9288678200667,-0.024136785917244552,0.02707819502153672,0.02914496338938682,0.002066768367850101,0.01918038719974796,0.020644348753979927,0.0014639615542319656,768,256,-512,3.8943552172083724e-07,1.496150285281287,1.496149895845765,0.052083333333333336,0.052083333333333336,0.0,0.0,0.0,0.0,0.0,0.0,0.0,0.009910568447978304,0.00851368198733358,-0.0013968864606447237,0.19052238389114892,0.21367746086045364,0.023155076969304716,1.0658471797323135,1.0582717897595701,-0.007575389972743318,0.9863466868006558,0.9870508502350261,0.0007041634343702974,1.2488306188612737,1.42304968851622,0.17421906965494638,1.187897607825532,1.3623331303859614,0.17443552256042927,0.7399917692720522,0.8455276544557511,0.10553588518369883,0.6229423852672121,0.620646768104513,-0.002295617162699104,0.584457506772841,0.5864719952948177,0.0020144885219767206,0.5925477467447122,0.5941659390244922,0.0016181922797799952,1.1426176473388576,1.0027309061399186,1.1395057640513373,1.146843904231558,0.9928926115143019,1.0007139106804874
none,0.5,c15,c25,10.215537061773293,15.386813064155968,5.171276002382674,10.215536908466452,10.149991846727124,-0.0655450617393285,0.5582988211001856,0.5550754793642679,-0.003223341735917651,0.3951673200458073,0.39284786184236925,-0.0023194582034380407,240356352,270029312,29672960,1.533068407742844e-07,5.236821217428844,5.236821064122003,0.052083333333333336,0.052083333333333336,0.0,0.0,0.0,0.0,0.0,4.815396942800789e-07,4.815396942800789e-07,0.9380336061737241,0.9304415309687808,-0.007592075204943316,0.9934055546566815,0.9963744876417653,0.0029689329850838275,1.3241394398957997,1.3161339450888063,-0.008005494806993418,0.9840129886297311,0.9850993629456636,0.0010863743159325034,1.5442117385561824,1.7640606104149468,0.21984887185876434,1.185147206361741,1.3606091089968995,0.17546190263515848,0.7393974816813232,0.8452261996651543,0.10582871798383109,0.6238866173858557,0.6212116279952675,-0.0026749893905881894,0.47116383561156605,0.47199726920906304,0.0008334335974969909,0.47881871586642005,0.4791367114457241,0.0003179955793040645,1.1431283181316578,1.000664125208073,1.1423696416556968,1.1480507245794431,0.9939541904985298,1.0011040243660252
orthogonal_l1,0,c16,c26,7.81004229286857,7.054229178613711,-0.7558131142548596,7.810036050820641,7.054228236173462,-0.7558078146471789,0.00032248996584580575,0.0,-0.00032248996584580575,0.00022873135478303748,0.0,-0.00022873135478303748,0,0,0,6.2420479295678266e-06,9.424402488521053e-07,-5.299607680715722e-06,0.052083333333333336,0.052083333333333336,0.0,2.4076984714003945e-06,0.0,-2.4076984714003945e-06,0.0,0.0,0.0,9.751178809171598e-06,0.0,-9.751178809171598e-06,0.0026985484467455623,0.0,-0.0026985484467455623,0.9970334316941644,0.9965201187818972,-0.0005133129122671942,0.9865965864822088,0.9867123933193924,0.0001158068371835963,1.1692803867939543,1.167635155007366,-0.0016452317865882637,1.1886919880936315,1.1874914955212368,-0.0012004925723947402,0.7404843954881327,0.7403155902010883,-0.00016880528704443787,0.6229405118441884,0.6234281196903516,0.0004876078461631961,0.6247940059398858,0.6256051513063309,0.0008111453664451096,0.6332821484489827,0.6340298911233261,0.0007477426743434101,0.9997720339711775,1.0011807417533791,0.9985929535762595,0.9989900726307409,0.9994851597790507,1.0001173801316265
orthogonal_l1,0.01,c17,c27,8.586708994090507,7.723392871636931,-0.8633161224535764,8.586702457970041,7.284237978465372,-1.3024644795046694,0.027736743042261282,2.1810915564450633e-06,-0.02773456195070484,0.01958483978763056,1.5449398524819198e-06,-0.019583294847778078,50644224,0,-50644224,6.5361204671965724e-06,0.4391548931715598,0.4391483570510926,0.052083333333333336,0.052083333333333336,0.0,0.0,0.0,0.0,0.0,0.0,0.0,0.000189124714928501,2.4678909331854042e-06,-0.00018665682399531558,0.2350058169995069,8.66771449704142e-06,-0.23499714928500987,1.019696002546025,0.9844969929039329,-0.035199009642092216,0.9866962557668845,0.9882109117524268,0.0015146559855423458,1.1935256952647666,1.3248195100056783,0.13129381474091173,1.1862536899964247,1.3617352386345998,0.1754815486381751,0.7401474638240372,0.8457874610285872,0.10563999720454997,0.6239369116957334,0.6211100638598814,-0.0028268478358519644,0.6118852188670528,0.6308907679116591,0.019005549044606274,0.6201353408313895,0.6384171237219793,0.018281782890589793,1.1427283107325013,1.0294803112915323,1.1100050172876974,1.1479291909631102,0.9654808790519864,1.0015350782742811
orthogonal_l1,0.05,c18,c28,10.45644512413755,9.863031588136074,-0.5934135360014761,10.456438449813048,8.11000364976914,-2.346434800043907,0.17894244478949123,0.001023300176209537,-0.1779191446132817,0.13753593367702627,0.0007248376248150888,-0.13681109605221117,157293952,0,-157293952,6.674324501821796e-06,1.753027938366934,1.7530212640424323,0.052083333333333336,0.052083333333333336,0.0,0.08782128328402367,0.0,-0.08782128328402367,0.0,0.0,0.0,0.15532008665788338,5.0501475437623275e-05,-0.15526958518244577,0.7679985091531065,0.008496045596030573,-0.759502463557076,1.103297402806446,0.9903103169867541,-0.11298708581969186,0.986646992946989,0.9890211136196803,0.002374120672691271,1.2926160354480565,1.3331794736063576,0.0405634381583011,1.187449494054238,1.3611680665619705,0.1737185725077326,0.7402545908012145,0.8459274059357006,0.10567281513448612,0.6233988009661003,0.6214716806223192,-0.0019271203437811746,0.5650324195274705,0.627552465083156,0.06252004555568547,0.5726794117517052,0.634518774615843,0.061839362864137826,1.1427519889071018,1.107982514466487,1.0313808873214547,1.1462955463601368,0.8975914512874881,1.0024062513641279
orthogonal_l1,0.1,c19,c29,11.394280537892907,11.796760377518327,0.40247983962541944,11.394277387535553,8.920467845099651,-2.4738095424359017,0.44069832999767955,0.018852392334522565,-0.421845937663157,0.36785554791813535,0.013350766713018875,-0.35450478120511647,239262208,2458880,-236803328,3.1503573546665582e-06,2.8762925324186766,2.876289382061322,0.052083333333333336,0.052083333333333336,0.0,0.4478959604598126,0.0,-0.4478959604598126,1.4446190828402367e-06,0.0,-1.4446190828402367e-06,0.5398212259808001,0.011507594844058186,-0.5283136311367419,0.9148040711291914,0.11421495546720907,-0.8005891156619823,1.1840998533476426,1.0601174619942313,-0.12398239135341127,0.9857526846346587,0.9879421487595794,0.0021894641249207147,1.3868389423784964,1.4264062825004475,0.03956734012195118,1.1881457866673024,1.361939264222416,0.17379347755511354,0.7401672397162783,0.8458286232421071,0.10566138352582877,0.6229599498832676,0.6210472415780035,-0.0019127083052641325,0.5261042370050623,0.5858287065753314,0.05972446957026911,0.5337081452636854,0.5929787562063977,0.059270610942712354,1.1427533912016032,1.1110543495891916,1.028530594947162,1.146272855995725,0.8952939728833739,1.002221108964803
orthogonal_l1,0.5,c20,c30,12.713448684742273,27.482684296304843,14.76923561156257,12.656880633540487,10.70939908845895,-1.947481545081537,0.8229771990388242,0.5768149570987788,-0.24616224194004532,0.7575210534295779,0.418829513332861,-0.33869154009671687,116305664,241605760,125300096,0.056568051201786027,16.773285207845895,16.71671715664411,0.052083333333333336,0.6260180468102596,0.5739347134769263,0.6712239583333334,0.08438501602564102,-0.5868389423076923,0.544909836507643,0.0,-0.544909836507643,0.9747100167961046,0.9449751814441568,-0.029734835351947764,0.9998105141303008,0.9964488855245316,-0.0033616286057691624,1.3782512496444377,1.3252689545927567,-0.05298229505168095,0.9831865295939697,0.9894362270478279,0.006249697453858172,1.609320804244549,1.7831745639788332,0.17385375973428419,1.187622210211637,1.3598845153847425,0.1722623051731056,0.7394437448371028,0.8440942347178253,0.10465048988072245,0.6226253925525124,0.6207102332355124,-0.001915159316999926,0.45175028334865486,0.46836548240598536,0.0166151990573305,0.45947566382466193,0.4733660134958302,0.013890349671168256,1.141525965445521,1.0302308713274286,1.1080292750057967,1.145048066373235,0.9615583188730289,1.0063565735145286
